time,SALT,TS
1851-01-01 00:00:00,33.919415,299.1415
1851-02-01 00:00:00,33.893284,298.44104
1851-03-01 00:00:00,33.83901,298.4622
1851-04-01 00:00:00,33.78428,298.44052
1851-05-01 00:00:00,33.744568,298.7637
1851-06-01 00:00:00,33.74558,299.30112
1851-07-01 00:00:00,33.7811,299.68488
1851-08-01 00:00:00,33.819653,300.18253
1851-09-01 00:00:00,33.855255,300.69873
1851-10-01 00:00:00,33.876057,300.71478
1851-11-01 00:00:00,33.881428,300.41043
1851-12-01 00:00:00,33.88474,299.77597
1852-01-01 00:00:00,33.860363,299.1013
1852-02-01 00:00:00,33.840588,298.4821
1852-03-01 00:00:00,33.804214,298.28326
1852-04-01 00:00:00,33.75371,298.29733
1852-05-01 00:00:00,33.74817,298.99496
1852-06-01 00:00:00,33.754303,299.453
1852-07-01 00:00:00,33.77742,299.6318
1852-08-01 00:00:00,33.79834,299.9626
1852-09-01 00:00:00,33.82146,300.48154
1852-10-01 00:00:00,33.837433,300.51898
1852-11-01 00:00:00,33.84346,300.35086
1852-12-01 00:00:00,33.845028,299.9816
1853-01-01 00:00:00,33.833218,298.8629
1853-02-01 00:00:00,33.805267,298.21066
1853-03-01 00:00:00,33.77136,298.0001
1853-04-01 00:00:00,33.746822,298.06613
1853-05-01 00:00:00,33.732304,298.34543
1853-06-01 00:00:00,33.738773,298.9333
1853-07-01 00:00:00,33.764668,299.41605
1853-08-01 00:00:00,33.8131,299.98242
1853-09-01 00:00:00,33.845074,300.5528
1853-10-01 00:00:00,33.859127,300.79102
1853-11-01 00:00:00,33.866085,299.95685
1853-12-01 00:00:00,33.872406,299.74075
1854-01-01 00:00:00,33.87178,299.0319
1854-02-01 00:00:00,33.84051,298.19284
1854-03-01 00:00:00,33.80524,297.8811
1854-04-01 00:00:00,33.780975,298.05127
1854-05-01 00:00:00,33.75715,298.63638
1854-06-01 00:00:00,33.75471,299.04544
1854-07-01 00:00:00,33.77395,299.37228
1854-08-01 00:00:00,33.798428,299.9443
1854-09-01 00:00:00,33.83855,300.33224
1854-10-01 00:00:00,33.855812,300.55673
1854-11-01 00:00:00,33.862442,300.13138
1854-12-01 00:00:00,33.8536,299.70517
1855-01-01 00:00:00,33.824104,298.6426
1855-02-01 00:00:00,33.78472,297.7367
1855-03-01 00:00:00,33.7553,297.44272
1855-04-01 00:00:00,33.72703,297.82855
1855-05-01 00:00:00,33.696846,298.258
1855-06-01 00:00:00,33.701927,298.75577
1855-07-01 00:00:00,33.719547,299.16394
1855-08-01 00:00:00,33.739994,299.5485
1855-09-01 00:00:00,33.778114,300.03296
1855-10-01 00:00:00,33.81082,299.98056
1855-11-01 00:00:00,33.821148,299.61844
1855-12-01 00:00:00,33.833706,299.05002
1856-01-01 00:00:00,33.840073,298.1159
1856-02-01 00:00:00,33.821632,297.49228
1856-03-01 00:00:00,33.801872,297.34033
1856-04-01 00:00:00,33.79126,297.5811
1856-05-01 00:00:00,33.77139,298.17926
1856-06-01 00:00:00,33.771793,298.85425
1856-07-01 00:00:00,33.81093,299.12653
1856-08-01 00:00:00,33.856224,299.79794
1856-09-01 00:00:00,33.88154,300.2024
1856-10-01 00:00:00,33.900394,300.28262
1856-11-01 00:00:00,33.911392,300.21408
1856-12-01 00:00:00,33.912647,299.64758
1857-01-01 00:00:00,33.917942,298.75604
1857-02-01 00:00:00,33.887894,297.93304
1857-03-01 00:00:00,33.846203,297.626
1857-04-01 00:00:00,33.809074,297.9608
1857-05-01 00:00:00,33.783886,298.45618
1857-06-01 00:00:00,33.785164,299.5356
1857-07-01 00:00:00,33.801693,299.52438
1857-08-01 00:00:00,33.81636,299.75473
1857-09-01 00:00:00,33.857807,300.0909
1857-10-01 00:00:00,33.87804,300.23883
1857-11-01 00:00:00,33.88429,299.95132
1857-12-01 00:00:00,33.90073,299.42316
1858-01-01 00:00:00,33.896927,298.611
1858-02-01 00:00:00,33.85288,298.00128
1858-03-01 00:00:00,33.82159,297.66046
1858-04-01 00:00:00,33.795517,297.8092
1858-05-01 00:00:00,33.772022,298.20078
1858-06-01 00:00:00,33.78537,298.5267
1858-07-01 00:00:00,33.801476,298.80328
1858-08-01 00:00:00,33.85259,299.26904
1858-09-01 00:00:00,33.89457,299.78345
1858-10-01 00:00:00,33.917984,299.91818
1858-11-01 00:00:00,33.934803,299.89154
1858-12-01 00:00:00,33.95745,299.7137
1859-01-01 00:00:00,33.946625,298.83142
1859-02-01 00:00:00,33.902138,298.20624
1859-03-01 00:00:00,33.851856,298.28555
1859-04-01 00:00:00,33.809032,298.65616
1859-05-01 00:00:00,33.793793,299.0007
1859-06-01 00:00:00,33.798737,299.62097
1859-07-01 00:00:00,33.828224,299.8457
1859-08-01 00:00:00,33.879677,300.2004
1859-09-01 00:00:00,33.91023,300.72244
1859-10-01 00:00:00,33.925224,300.79727
1859-11-01 00:00:00,33.93899,300.8441
1859-12-01 00:00:00,33.954433,300.50647
1860-01-01 00:00:00,33.94701,299.3046
1860-02-01 00:00:00,33.889706,298.53424
1860-03-01 00:00:00,33.855495,298.2977
1860-04-01 00:00:00,33.827385,298.52844
1860-05-01 00:00:00,33.769775,299.1974
1860-06-01 00:00:00,33.782223,299.80197
1860-07-01 00:00:00,33.818798,300.1834
1860-08-01 00:00:00,33.841915,300.56778
1860-09-01 00:00:00,33.86492,300.82843
1860-10-01 00:00:00,33.88939,300.91592
1860-11-01 00:00:00,33.89815,300.91492
1860-12-01 00:00:00,33.895916,300.4698
1861-01-01 00:00:00,33.8676,299.69183
1861-02-01 00:00:00,33.845215,298.6859
1861-03-01 00:00:00,33.801067,298.41467
1861-04-01 00:00:00,33.737755,298.56567
1861-05-01 00:00:00,33.70425,298.89673
1861-06-01 00:00:00,33.721176,299.2402
1861-07-01 00:00:00,33.771942,299.7173
1861-08-01 00:00:00,33.81324,299.9938
1861-09-01 00:00:00,33.847958,300.39862
1861-10-01 00:00:00,33.866993,300.59058
1861-11-01 00:00:00,33.868294,300.35974
1861-12-01 00:00:00,33.861595,299.6921
1862-01-01 00:00:00,33.840702,298.805
1862-02-01 00:00:00,33.80322,298.0899
1862-03-01 00:00:00,33.752525,297.7867
1862-04-01 00:00:00,33.73362,298.04803
1862-05-01 00:00:00,33.725853,298.21533
1862-06-01 00:00:00,33.73216,298.91864
1862-07-01 00:00:00,33.752033,299.39597
1862-08-01 00:00:00,33.79195,299.85327
1862-09-01 00:00:00,33.823658,300.19147
1862-10-01 00:00:00,33.844433,300.18695
1862-11-01 00:00:00,33.859608,299.79083
1862-12-01 00:00:00,33.861588,299.2993
1863-01-01 00:00:00,33.843864,298.59518
1863-02-01 00:00:00,33.826332,297.96268
1863-03-01 00:00:00,33.795757,298.01428
1863-04-01 00:00:00,33.78665,297.78827
1863-05-01 00:00:00,33.779003,298.61093
1863-06-01 00:00:00,33.78353,299.3382
1863-07-01 00:00:00,33.798523,299.24756
1863-08-01 00:00:00,33.817825,299.72415
1863-09-01 00:00:00,33.819126,300.38037
1863-10-01 00:00:00,33.840298,300.61023
1863-11-01 00:00:00,33.85079,300.1458
1863-12-01 00:00:00,33.830235,299.69806
1864-01-01 00:00:00,33.79744,298.85406
1864-02-01 00:00:00,33.744022,298.21262
1864-03-01 00:00:00,33.716064,298.17764
1864-04-01 00:00:00,33.69265,298.8254
1864-05-01 00:00:00,33.681107,299.51694
1864-06-01 00:00:00,33.693546,299.7015
1864-07-01 00:00:00,33.705055,299.9143
1864-08-01 00:00:00,33.744873,300.2328
1864-09-01 00:00:00,33.786705,300.60315
1864-10-01 00:00:00,33.8113,300.73782
1864-11-01 00:00:00,33.82968,300.20563
1864-12-01 00:00:00,33.838947,299.6533
1865-01-01 00:00:00,33.8339,298.81912
1865-02-01 00:00:00,33.81315,298.0169
1865-03-01 00:00:00,33.779507,297.75513
1865-04-01 00:00:00,33.76349,297.74356
1865-05-01 00:00:00,33.745914,298.1904
1865-06-01 00:00:00,33.750153,298.66718
1865-07-01 00:00:00,33.760555,299.10168
1865-08-01 00:00:00,33.805187,299.69904
1865-09-01 00:00:00,33.84182,300.1064
1865-10-01 00:00:00,33.866108,300.2909
1865-11-01 00:00:00,33.88886,299.7456
1865-12-01 00:00:00,33.8999,299.10303
1866-01-01 00:00:00,33.896862,298.4643
1866-02-01 00:00:00,33.877193,297.9059
1866-03-01 00:00:00,33.84346,297.64023
1866-04-01 00:00:00,33.822308,297.6614
1866-05-01 00:00:00,33.82562,298.367
1866-06-01 00:00:00,33.860134,298.9993
1866-07-01 00:00:00,33.895237,299.3655
1866-08-01 00:00:00,33.92069,299.77054
1866-09-01 00:00:00,33.927376,300.2164
1866-10-01 00:00:00,33.937065,300.553
1866-11-01 00:00:00,33.940136,300.2658
1866-12-01 00:00:00,33.936592,299.87024
1867-01-01 00:00:00,33.932613,298.9834
1867-02-01 00:00:00,33.894688,298.3956
1867-03-01 00:00:00,33.855606,298.2434
1867-04-01 00:00:00,33.80467,298.2523
1867-05-01 00:00:00,33.782658,298.61154
1867-06-01 00:00:00,33.78496,298.887
1867-07-01 00:00:00,33.817028,299.30316
1867-08-01 00:00:00,33.844223,299.80826
1867-09-01 00:00:00,33.862606,300.49442
1867-10-01 00:00:00,33.87454,300.8155
1867-11-01 00:00:00,33.883404,300.63647
1867-12-01 00:00:00,33.887997,299.9299
1868-01-01 00:00:00,33.880898,299.02475
1868-02-01 00:00:00,33.842804,298.51556
1868-03-01 00:00:00,33.80275,298.17303
1868-04-01 00:00:00,33.782925,298.31128
1868-05-01 00:00:00,33.776283,299.05923
1868-06-01 00:00:00,33.780727,299.79343
1868-07-01 00:00:00,33.797665,300.00433
1868-08-01 00:00:00,33.830814,300.3464
1868-09-01 00:00:00,33.855442,300.52933
1868-10-01 00:00:00,33.879444,300.47885
1868-11-01 00:00:00,33.900574,300.23105
1868-12-01 00:00:00,33.91737,300.1244
1869-01-01 00:00:00,33.923428,299.19623
1869-02-01 00:00:00,33.89436,298.54245
1869-03-01 00:00:00,33.860794,298.50568
1869-04-01 00:00:00,33.83442,298.86475
1869-05-01 00:00:00,33.803936,299.07184
1869-06-01 00:00:00,33.80752,299.39404
1869-07-01 00:00:00,33.813835,299.61276
1869-08-01 00:00:00,33.833763,300.1706
1869-09-01 00:00:00,33.866898,300.5372
1869-10-01 00:00:00,33.8831,300.6636
1869-11-01 00:00:00,33.891052,300.4839
1869-12-01 00:00:00,33.902485,300.03207
1870-01-01 00:00:00,33.89905,299.20685
1870-02-01 00:00:00,33.868084,298.366
1870-03-01 00:00:00,33.821636,298.16064
1870-04-01 00:00:00,33.778294,298.70895
1870-05-01 00:00:00,33.757526,299.15115
1870-06-01 00:00:00,33.77865,299.25385
1870-07-01 00:00:00,33.813488,299.7177
1870-08-01 00:00:00,33.84505,300.22165
1870-09-01 00:00:00,33.87093,300.69897
1870-10-01 00:00:00,33.879196,300.92505
1870-11-01 00:00:00,33.884686,300.7101
1870-12-01 00:00:00,33.909164,300.06393
1871-01-01 00:00:00,33.91433,299.25897
1871-02-01 00:00:00,33.88553,298.39346
1871-03-01 00:00:00,33.84096,297.91586
1871-04-01 00:00:00,33.774548,298.0386
1871-05-01 00:00:00,33.747604,298.47623
1871-06-01 00:00:00,33.75872,299.41934
1871-07-01 00:00:00,33.782036,299.7441
1871-08-01 00:00:00,33.829243,300.06436
1871-09-01 00:00:00,33.849606,300.40414
1871-10-01 00:00:00,33.864033,300.49097
1871-11-01 00:00:00,33.87637,300.20175
1871-12-01 00:00:00,33.878498,299.769
1872-01-01 00:00:00,33.870625,298.72702
1872-02-01 00:00:00,33.860485,298.06915
1872-03-01 00:00:00,33.837708,297.84772
1872-04-01 00:00:00,33.83066,297.82788
1872-05-01 00:00:00,33.801075,298.51266
1872-06-01 00:00:00,33.804043,299.3284
1872-07-01 00:00:00,33.829334,299.74142
1872-08-01 00:00:00,33.853485,299.94302
1872-09-01 00:00:00,33.87516,300.3316
1872-10-01 00:00:00,33.887257,300.27695
1872-11-01 00:00:00,33.89856,300.01288
1872-12-01 00:00:00,33.90529,299.70288
1873-01-01 00:00:00,33.895912,299.00607
1873-02-01 00:00:00,33.88397,298.3281
1873-03-01 00:00:00,33.853218,298.27933
1873-04-01 00:00:00,33.811455,298.5058
1873-05-01 00:00:00,33.776627,299.1054
1873-06-01 00:00:00,33.765636,299.4529
1873-07-01 00:00:00,33.780914,299.62366
1873-08-01 00:00:00,33.82058,299.98065
1873-09-01 00:00:00,33.84661,300.27524
1873-10-01 00:00:00,33.879642,300.39972
1873-11-01 00:00:00,33.896465,300.17252
1873-12-01 00:00:00,33.900856,299.60892
1874-01-01 00:00:00,33.884182,299.04266
1874-02-01 00:00:00,33.850746,298.6012
1874-03-01 00:00:00,33.825188,298.49915
1874-04-01 00:00:00,33.78174,298.55637
1874-05-01 00:00:00,33.75333,299.53384
1874-06-01 00:00:00,33.75046,299.6801
1874-07-01 00:00:00,33.750458,299.78314
1874-08-01 00:00:00,33.80213,300.12894
1874-09-01 00:00:00,33.85245,300.53983
1874-10-01 00:00:00,33.87522,300.7899
1874-11-01 00:00:00,33.885708,300.53488
1874-12-01 00:00:00,33.896187,300.1221
1875-01-01 00:00:00,33.875244,299.04242
1875-02-01 00:00:00,33.83518,298.3348
1875-03-01 00:00:00,33.80703,297.9378
1875-04-01 00:00:00,33.792618,298.03973
1875-05-01 00:00:00,33.767586,298.27234
1875-06-01 00:00:00,33.77382,299.11655
1875-07-01 00:00:00,33.79004,299.82068
1875-08-01 00:00:00,33.831078,300.0841
1875-09-01 00:00:00,33.879005,300.2591
1875-10-01 00:00:00,33.89557,300.48984
1875-11-01 00:00:00,33.90312,300.13013
1875-12-01 00:00:00,33.915173,299.6803
1876-01-01 00:00:00,33.90848,298.83856
1876-02-01 00:00:00,33.88011,298.04153
1876-03-01 00:00:00,33.845016,297.74905
1876-04-01 00:00:00,33.798065,298.11432
1876-05-01 00:00:00,33.769573,298.65335
1876-06-01 00:00:00,33.786167,299.22488
1876-07-01 00:00:00,33.80107,299.72705
1876-08-01 00:00:00,33.867638,299.8392
1876-09-01 00:00:00,33.8863,300.4226
1876-10-01 00:00:00,33.903366,300.60718
1876-11-01 00:00:00,33.92267,300.68057
1876-12-01 00:00:00,33.92921,299.9978
1877-01-01 00:00:00,33.921104,299.30444
1877-02-01 00:00:00,33.87069,298.42712
1877-03-01 00:00:00,33.819923,298.0805
1877-04-01 00:00:00,33.807564,298.2381
1877-05-01 00:00:00,33.790356,298.57306
1877-06-01 00:00:00,33.80594,299.04654
1877-07-01 00:00:00,33.838867,299.5188
1877-08-01 00:00:00,33.865753,299.7277
1877-09-01 00:00:00,33.885612,299.9715
1877-10-01 00:00:00,33.89454,300.0927
1877-11-01 00:00:00,33.902515,299.86893
1877-12-01 00:00:00,33.90668,299.15906
1878-01-01 00:00:00,33.88839,298.3401
1878-02-01 00:00:00,33.837646,297.67813
1878-03-01 00:00:00,33.79977,297.71194
1878-04-01 00:00:00,33.746796,297.6609
1878-05-01 00:00:00,33.73331,298.15955
1878-06-01 00:00:00,33.75043,298.56372
1878-07-01 00:00:00,33.770576,298.99207
1878-08-01 00:00:00,33.80484,299.44278
1878-09-01 00:00:00,33.833614,299.97495
1878-10-01 00:00:00,33.848045,300.2544
1878-11-01 00:00:00,33.870037,299.82294
1878-12-01 00:00:00,33.871002,299.52426
1879-01-01 00:00:00,33.860985,298.73593
1879-02-01 00:00:00,33.841534,298.01895
1879-03-01 00:00:00,33.7884,297.7265
1879-04-01 00:00:00,33.759193,297.7163
1879-05-01 00:00:00,33.75296,298.0781
1879-06-01 00:00:00,33.7652,298.9809
1879-07-01 00:00:00,33.789143,299.3427
1879-08-01 00:00:00,33.849945,299.70816
1879-09-01 00:00:00,33.883755,300.35785
1879-10-01 00:00:00,33.89902,300.35846
1879-11-01 00:00:00,33.908123,300.31473
1879-12-01 00:00:00,33.9132,300.1019
1880-01-01 00:00:00,33.899487,299.35468
1880-02-01 00:00:00,33.863995,298.43604
1880-03-01 00:00:00,33.81703,298.3104
1880-04-01 00:00:00,33.791725,298.64172
1880-05-01 00:00:00,33.760014,298.89142
1880-06-01 00:00:00,33.761124,299.4493
1880-07-01 00:00:00,33.79422,299.82053
1880-08-01 00:00:00,33.840294,300.12827
1880-09-01 00:00:00,33.866566,300.68713
1880-10-01 00:00:00,33.885063,300.74866
1880-11-01 00:00:00,33.89515,300.6069
1880-12-01 00:00:00,33.900085,300.43463
1881-01-01 00:00:00,33.887627,299.4583
1881-02-01 00:00:00,33.840954,298.7658
1881-03-01 00:00:00,33.802055,298.44913
1881-04-01 00:00:00,33.77191,298.5103
1881-05-01 00:00:00,33.75739,298.965
1881-06-01 00:00:00,33.768833,299.6
1881-07-01 00:00:00,33.786385,299.91205
1881-08-01 00:00:00,33.816986,300.18152
1881-09-01 00:00:00,33.856785,300.58978
1881-10-01 00:00:00,33.865242,300.38623
1881-11-01 00:00:00,33.86917,300.25067
1881-12-01 00:00:00,33.86695,299.7345
1882-01-01 00:00:00,33.84922,299.10034
1882-02-01 00:00:00,33.814407,298.34637
1882-03-01 00:00:00,33.794342,297.95456
1882-04-01 00:00:00,33.77743,297.9945
1882-05-01 00:00:00,33.779385,298.6821
1882-06-01 00:00:00,33.781094,299.14682
1882-07-01 00:00:00,33.7829,299.462
1882-08-01 00:00:00,33.79896,299.8432
1882-09-01 00:00:00,33.834274,300.24207
1882-10-01 00:00:00,33.86218,300.17264
1882-11-01 00:00:00,33.881523,299.8176
1882-12-01 00:00:00,33.89159,299.43365
1883-01-01 00:00:00,33.886696,298.39542
1883-02-01 00:00:00,33.855606,297.69495
1883-03-01 00:00:00,33.82266,297.28262
1883-04-01 00:00:00,33.78549,297.37198
1883-05-01 00:00:00,33.75201,297.67487
1883-06-01 00:00:00,33.751488,298.27216
1883-07-01 00:00:00,33.759583,298.8797
1883-08-01 00:00:00,33.801105,299.31604
1883-09-01 00:00:00,33.8453,299.81583
1883-10-01 00:00:00,33.865177,299.83243
1883-11-01 00:00:00,33.87775,299.7057
1883-12-01 00:00:00,33.882328,299.07382
1884-01-01 00:00:00,33.86823,298.1606
1884-02-01 00:00:00,33.83562,297.5183
1884-03-01 00:00:00,33.788696,297.2737
1884-04-01 00:00:00,33.74619,297.23898
1884-05-01 00:00:00,33.720673,297.813
1884-06-01 00:00:00,33.732365,298.26373
1884-07-01 00:00:00,33.75567,298.56586
1884-08-01 00:00:00,33.802113,298.9348
1884-09-01 00:00:00,33.851357,299.47815
1884-10-01 00:00:00,33.876446,299.4564
1884-11-01 00:00:00,33.886818,299.67468
1884-12-01 00:00:00,33.89934,299.1575
1885-01-01 00:00:00,33.897125,298.26514
1885-02-01 00:00:00,33.875053,297.73816
1885-03-01 00:00:00,33.8426,297.79843
1885-04-01 00:00:00,33.82619,297.54663
1885-05-01 00:00:00,33.81134,297.74377
1885-06-01 00:00:00,33.818886,298.29538
1885-07-01 00:00:00,33.85229,299.13806
1885-08-01 00:00:00,33.885983,299.52512
1885-09-01 00:00:00,33.910255,299.8843
1885-10-01 00:00:00,33.931694,299.90335
1885-11-01 00:00:00,33.948353,299.80728
1885-12-01 00:00:00,33.946213,299.51074
1886-01-01 00:00:00,33.937157,298.87094
1886-02-01 00:00:00,33.910625,298.28452
1886-03-01 00:00:00,33.879513,297.8768
1886-04-01 00:00:00,33.8542,298.3429
1886-05-01 00:00:00,33.83416,298.7446
1886-06-01 00:00:00,33.83784,299.46265
1886-07-01 00:00:00,33.855423,299.7069
1886-08-01 00:00:00,33.890335,299.94836
1886-09-01 00:00:00,33.923885,300.3505
1886-10-01 00:00:00,33.93743,300.53665
1886-11-01 00:00:00,33.949493,300.3183
1886-12-01 00:00:00,33.946377,299.67966
1887-01-01 00:00:00,33.909782,298.70914
1887-02-01 00:00:00,33.89724,297.98453
1887-03-01 00:00:00,33.84791,297.56808
1887-04-01 00:00:00,33.809128,297.70087
1887-05-01 00:00:00,33.78283,297.91156
1887-06-01 00:00:00,33.783524,298.58572
1887-07-01 00:00:00,33.845245,299.16882
1887-08-01 00:00:00,33.888996,299.87985
1887-09-01 00:00:00,33.912918,300.1221
1887-10-01 00:00:00,33.928635,300.09576
1887-11-01 00:00:00,33.938026,299.70917
1887-12-01 00:00:00,33.938587,298.8041
1888-01-01 00:00:00,33.93482,298.29068
1888-02-01 00:00:00,33.899853,297.77505
1888-03-01 00:00:00,33.881172,297.36496
1888-04-01 00:00:00,33.863422,297.80383
1888-05-01 00:00:00,33.858906,298.29617
1888-06-01 00:00:00,33.860977,298.9176
1888-07-01 00:00:00,33.87044,299.16177
1888-08-01 00:00:00,33.900414,299.53793
1888-09-01 00:00:00,33.917206,300.1832
1888-10-01 00:00:00,33.92523,300.2547
1888-11-01 00:00:00,33.939148,300.03436
1888-12-01 00:00:00,33.948875,299.5787
1889-01-01 00:00:00,33.934765,298.93134
1889-02-01 00:00:00,33.900585,298.238
1889-03-01 00:00:00,33.84592,297.88098
1889-04-01 00:00:00,33.798794,298.06134
1889-05-01 00:00:00,33.76882,298.6975
1889-06-01 00:00:00,33.76763,299.32877
1889-07-01 00:00:00,33.78236,299.6541
1889-08-01 00:00:00,33.81302,299.83194
1889-09-01 00:00:00,33.848946,300.39694
1889-10-01 00:00:00,33.869648,300.50613
1889-11-01 00:00:00,33.876034,300.12363
1889-12-01 00:00:00,33.879128,299.68243
1890-01-01 00:00:00,33.8634,298.83344
1890-02-01 00:00:00,33.816776,298.01404
1890-03-01 00:00:00,33.774605,297.8204
1890-04-01 00:00:00,33.73347,297.9969
1890-05-01 00:00:00,33.728195,298.55054
1890-06-01 00:00:00,33.730083,299.18857
1890-07-01 00:00:00,33.73949,299.50394
1890-08-01 00:00:00,33.755604,299.83093
1890-09-01 00:00:00,33.796238,300.0835
1890-10-01 00:00:00,33.809307,300.2581
1890-11-01 00:00:00,33.83297,300.15686
1890-12-01 00:00:00,33.85303,299.85895
1891-01-01 00:00:00,33.839687,298.9049
1891-02-01 00:00:00,33.811768,298.42145
1891-03-01 00:00:00,33.79635,298.20514
1891-04-01 00:00:00,33.77666,298.40912
1891-05-01 00:00:00,33.768284,298.6838
1891-06-01 00:00:00,33.773064,299.27823
1891-07-01 00:00:00,33.79087,299.45126
1891-08-01 00:00:00,33.819057,299.7673
1891-09-01 00:00:00,33.847046,300.12662
1891-10-01 00:00:00,33.867687,300.27084
1891-11-01 00:00:00,33.879578,300.226
1891-12-01 00:00:00,33.89636,299.53433
1892-01-01 00:00:00,33.876167,298.49615
1892-02-01 00:00:00,33.858135,297.8157
1892-03-01 00:00:00,33.856068,297.51953
1892-04-01 00:00:00,33.842625,297.50375
1892-05-01 00:00:00,33.813282,297.82935
1892-06-01 00:00:00,33.808147,298.44333
1892-07-01 00:00:00,33.825718,298.63162
1892-08-01 00:00:00,33.86129,299.32742
1892-09-01 00:00:00,33.88558,299.95135
1892-10-01 00:00:00,33.90165,300.0545
1892-11-01 00:00:00,33.917805,299.85147
1892-12-01 00:00:00,33.92228,299.44073
1893-01-01 00:00:00,33.915237,298.43433
1893-02-01 00:00:00,33.89863,297.77826
1893-03-01 00:00:00,33.871243,297.57892
1893-04-01 00:00:00,33.835064,297.82593
1893-05-01 00:00:00,33.823887,298.3186
1893-06-01 00:00:00,33.840504,299.05597
1893-07-01 00:00:00,33.87116,299.41644
1893-08-01 00:00:00,33.90384,299.64572
1893-09-01 00:00:00,33.91377,300.12964
1893-10-01 00:00:00,33.92381,300.40216
1893-11-01 00:00:00,33.937218,300.12054
1893-12-01 00:00:00,33.948257,299.6425
1894-01-01 00:00:00,33.93394,298.93158
1894-02-01 00:00:00,33.89421,298.4669
1894-03-01 00:00:00,33.848766,298.28943
1894-04-01 00:00:00,33.82304,298.60135
1894-05-01 00:00:00,33.775997,298.84546
1894-06-01 00:00:00,33.778095,299.51144
1894-07-01 00:00:00,33.79315,299.83478
1894-08-01 00:00:00,33.834213,299.93942
1894-09-01 00:00:00,33.858875,300.31772
1894-10-01 00:00:00,33.875927,300.4896
1894-11-01 00:00:00,33.892555,300.18304
1894-12-01 00:00:00,33.896732,299.7045
1895-01-01 00:00:00,33.904682,298.98636
1895-02-01 00:00:00,33.88996,298.13348
1895-03-01 00:00:00,33.8503,297.6942
1895-04-01 00:00:00,33.826878,297.60327
1895-05-01 00:00:00,33.80289,297.866
1895-06-01 00:00:00,33.795906,298.65082
1895-07-01 00:00:00,33.812614,299.11554
1895-08-01 00:00:00,33.83113,299.4244
1895-09-01 00:00:00,33.866356,299.8962
1895-10-01 00:00:00,33.89113,299.84918
1895-11-01 00:00:00,33.90339,299.65164
1895-12-01 00:00:00,33.910103,299.22964
1896-01-01 00:00:00,33.899975,298.412
1896-02-01 00:00:00,33.87434,297.82016
1896-03-01 00:00:00,33.84707,297.48743
1896-04-01 00:00:00,33.802784,297.7731
1896-05-01 00:00:00,33.781586,297.93417
1896-06-01 00:00:00,33.79955,298.59802
1896-07-01 00:00:00,33.837017,299.00012
1896-08-01 00:00:00,33.869774,299.5837
1896-09-01 00:00:00,33.89159,299.9949
1896-10-01 00:00:00,33.912018,300.01996
1896-11-01 00:00:00,33.91599,299.72974
1896-12-01 00:00:00,33.908188,299.19287
1897-01-01 00:00:00,33.895756,298.51083
1897-02-01 00:00:00,33.86659,298.05933
1897-03-01 00:00:00,33.835728,297.71002
1897-04-01 00:00:00,33.81382,297.69336
1897-05-01 00:00:00,33.81872,298.0844
1897-06-01 00:00:00,33.83195,299.06552
1897-07-01 00:00:00,33.864483,299.26392
1897-08-01 00:00:00,33.88911,299.58456
1897-09-01 00:00:00,33.902473,300.06604
1897-10-01 00:00:00,33.918716,299.93234
1897-11-01 00:00:00,33.929775,299.88602
1897-12-01 00:00:00,33.937923,299.52512
1898-01-01 00:00:00,33.92278,298.76108
1898-02-01 00:00:00,33.897163,298.2295
1898-03-01 00:00:00,33.83985,298.15393
1898-04-01 00:00:00,33.81734,298.50208
1898-05-01 00:00:00,33.7801,298.91342
1898-06-01 00:00:00,33.785618,299.27356
1898-07-01 00:00:00,33.814724,299.63303
1898-08-01 00:00:00,33.841923,299.80917
1898-09-01 00:00:00,33.8567,300.16116
1898-10-01 00:00:00,33.87016,300.11398
1898-11-01 00:00:00,33.878506,299.67822
1898-12-01 00:00:00,33.868874,299.13544
1899-01-01 00:00:00,33.83333,298.1651
1899-02-01 00:00:00,33.796864,297.43948
1899-03-01 00:00:00,33.777428,297.17688
1899-04-01 00:00:00,33.751293,297.20175
1899-05-01 00:00:00,33.738083,297.71402
1899-06-01 00:00:00,33.748497,298.48886
1899-07-01 00:00:00,33.78028,298.80414
1899-08-01 00:00:00,33.83595,299.31696
1899-09-01 00:00:00,33.88065,299.82983
1899-10-01 00:00:00,33.895336,299.7731
1899-11-01 00:00:00,33.910995,299.16074
1899-12-01 00:00:00,33.92599,298.7238
1/1/1900 0:00,33.922,298.01578
2/1/1900 0:00,33.907024,297.42572
3/1/1900 0:00,33.879814,297.4623
4/1/1900 0:00,33.850685,297.40314
5/1/1900 0:00,33.832794,297.97583
6/1/1900 0:00,33.848656,298.27234
7/1/1900 0:00,33.87531,298.78995
8/1/1900 0:00,33.897343,299.1338
9/1/1900 0:00,33.90491,299.46243
10/1/1900 0:00,33.91758,299.75784
11/1/1900 0:00,33.93301,299.49246
12/1/1900 0:00,33.928986,299.26187
1/1/1901 0:00,33.92097,298.30054
2/1/1901 0:00,33.89407,297.51816
3/1/1901 0:00,33.86634,297.32465
4/1/1901 0:00,33.82116,297.6883
5/1/1901 0:00,33.7601,298.2537
6/1/1901 0:00,33.75467,299.06332
7/1/1901 0:00,33.786865,299.3076
8/1/1901 0:00,33.83189,299.6249
9/1/1901 0:00,33.8732,300.01886
10/1/1901 0:00,33.88549,300.07376
11/1/1901 0:00,33.89444,300.07443
12/1/1901 0:00,33.894238,299.51312
1/1/1902 0:00,33.881187,298.4383
2/1/1902 0:00,33.836685,297.68985
3/1/1902 0:00,33.807384,297.37164
4/1/1902 0:00,33.785328,297.64117
5/1/1902 0:00,33.77388,298.08276
6/1/1902 0:00,33.78194,298.48044
7/1/1902 0:00,33.789032,299.0563
8/1/1902 0:00,33.817516,299.42233
9/1/1902 0:00,33.85273,299.9222
10/1/1902 0:00,33.880398,300.0237
11/1/1902 0:00,33.900608,299.99332
12/1/1902 0:00,33.90431,299.4561
1/1/1903 0:00,33.89075,298.478
2/1/1903 0:00,33.856422,297.57892
3/1/1903 0:00,33.838043,297.3939
4/1/1903 0:00,33.80192,298.00842
5/1/1903 0:00,33.791454,298.5187
6/1/1903 0:00,33.815773,299.3714
7/1/1903 0:00,33.842793,299.77356
8/1/1903 0:00,33.895477,300.05313
9/1/1903 0:00,33.935806,300.36337
10/1/1903 0:00,33.951073,300.48175
11/1/1903 0:00,33.960564,300.42966
12/1/1903 0:00,33.96332,299.94965
1/1/1904 0:00,33.959595,299.1926
2/1/1904 0:00,33.937862,298.47083
3/1/1904 0:00,33.91101,298.34012
4/1/1904 0:00,33.879684,298.69354
5/1/1904 0:00,33.844788,299.13773
6/1/1904 0:00,33.82158,299.3824
7/1/1904 0:00,33.84151,299.99728
8/1/1904 0:00,33.871452,300.38284
9/1/1904 0:00,33.90086,300.76923
10/1/1904 0:00,33.920403,300.6915
11/1/1904 0:00,33.92724,300.3366
12/1/1904 0:00,33.933167,299.57315
1/1/1905 0:00,33.924248,298.61087
2/1/1905 0:00,33.89867,297.82632
3/1/1905 0:00,33.86705,297.3021
4/1/1905 0:00,33.842033,297.32114
5/1/1905 0:00,33.81741,297.71417
6/1/1905 0:00,33.819916,298.5385
7/1/1905 0:00,33.8468,299.04053
8/1/1905 0:00,33.89035,299.34888
9/1/1905 0:00,33.914062,299.73392
10/1/1905 0:00,33.9227,299.75882
11/1/1905 0:00,33.935616,299.3407
12/1/1905 0:00,33.94187,299.0974
1/1/1906 0:00,33.92011,298.3226
2/1/1906 0:00,33.890835,297.3359
3/1/1906 0:00,33.85369,297.07233
4/1/1906 0:00,33.81878,297.2381
5/1/1906 0:00,33.804386,297.64883
6/1/1906 0:00,33.8139,298.34763
7/1/1906 0:00,33.845306,298.60904
8/1/1906 0:00,33.875465,299.0466
9/1/1906 0:00,33.89248,299.6993
10/1/1906 0:00,33.903244,299.79132
11/1/1906 0:00,33.913666,299.6651
12/1/1906 0:00,33.92193,299.24374
1/1/1907 0:00,33.90652,298.47037
2/1/1907 0:00,33.863808,297.71164
3/1/1907 0:00,33.840366,297.37045
4/1/1907 0:00,33.793766,297.6264
5/1/1907 0:00,33.7552,298.43768
6/1/1907 0:00,33.75046,299.12015
7/1/1907 0:00,33.780956,299.6324
8/1/1907 0:00,33.8362,299.90134
9/1/1907 0:00,33.86655,300.39355
10/1/1907 0:00,33.877415,300.45752
11/1/1907 0:00,33.88678,299.8489
12/1/1907 0:00,33.899906,299.38562
1/1/1908 0:00,33.897884,298.67938
2/1/1908 0:00,33.864548,297.95325
3/1/1908 0:00,33.824574,297.787
4/1/1908 0:00,33.77186,297.9317
5/1/1908 0:00,33.735237,298.3934
6/1/1908 0:00,33.758793,298.949
7/1/1908 0:00,33.795116,299.42545
8/1/1908 0:00,33.838356,299.97217
9/1/1908 0:00,33.864986,300.27158
10/1/1908 0:00,33.88876,300.07214
11/1/1908 0:00,33.90733,299.8766
12/1/1908 0:00,33.924374,299.59323
1/1/1909 0:00,33.928528,298.94717
2/1/1909 0:00,33.916454,298.2469
3/1/1909 0:00,33.88783,298.1312
4/1/1909 0:00,33.865414,298.41476
5/1/1909 0:00,33.846977,298.43585
6/1/1909 0:00,33.84473,298.68332
7/1/1909 0:00,33.87015,299.27417
8/1/1909 0:00,33.906418,299.499
9/1/1909 0:00,33.93483,300.0102
10/1/1909 0:00,33.94683,300.2674
11/1/1909 0:00,33.957767,300.09763
12/1/1909 0:00,33.964836,299.54727
1/1/1910 0:00,33.950256,298.5338
2/1/1910 0:00,33.921505,297.81165
3/1/1910 0:00,33.894947,297.6352
4/1/1910 0:00,33.844074,297.88022
5/1/1910 0:00,33.810783,297.98904
6/1/1910 0:00,33.821022,298.56744
7/1/1910 0:00,33.853863,299.23087
8/1/1910 0:00,33.8918,299.50168
9/1/1910 0:00,33.91725,300.11456
10/1/1910 0:00,33.92499,300.28656
11/1/1910 0:00,33.924606,299.92224
12/1/1910 0:00,33.92317,299.23688
1/1/1911 0:00,33.910686,298.26862
2/1/1911 0:00,33.874126,297.29785
3/1/1911 0:00,33.84075,297.15442
4/1/1911 0:00,33.798615,297.531
5/1/1911 0:00,33.77308,297.8651
6/1/1911 0:00,33.779263,298.42398
7/1/1911 0:00,33.80282,298.82526
8/1/1911 0:00,33.842175,299.27798
9/1/1911 0:00,33.87179,299.84808
10/1/1911 0:00,33.88814,300.0104
11/1/1911 0:00,33.89912,299.80835
12/1/1911 0:00,33.90753,299.26898
1/1/1912 0:00,33.905777,298.40997
2/1/1912 0:00,33.87501,297.74295
3/1/1912 0:00,33.83126,297.5233
4/1/1912 0:00,33.798443,297.71204
5/1/1912 0:00,33.795975,298.33615
6/1/1912 0:00,33.804848,299.02148
7/1/1912 0:00,33.843204,299.13348
8/1/1912 0:00,33.887028,299.4608
9/1/1912 0:00,33.904613,300.07144
10/1/1912 0:00,33.92084,300.06232
11/1/1912 0:00,33.930676,299.91412
12/1/1912 0:00,33.924713,299.6708
1/1/1913 0:00,33.9157,298.9443
2/1/1913 0:00,33.894547,298.2156
3/1/1913 0:00,33.88022,297.93393
4/1/1913 0:00,33.84402,298.1368
5/1/1913 0:00,33.813076,298.3131
6/1/1913 0:00,33.813995,298.80832
7/1/1913 0:00,33.82396,299.45288
8/1/1913 0:00,33.85091,299.75293
9/1/1913 0:00,33.885723,300.11005
10/1/1913 0:00,33.907143,300.29153
11/1/1913 0:00,33.92299,300.05426
12/1/1913 0:00,33.93328,299.66974
1/1/1914 0:00,33.927933,299.01193
2/1/1914 0:00,33.895016,298.387
3/1/1914 0:00,33.81878,298.3213
4/1/1914 0:00,33.76077,298.50208
5/1/1914 0:00,33.75283,298.9596
6/1/1914 0:00,33.76527,299.9085
7/1/1914 0:00,33.80356,300.24628
8/1/1914 0:00,33.834312,300.32123
9/1/1914 0:00,33.862885,300.814
10/1/1914 0:00,33.880436,300.52084
11/1/1914 0:00,33.88772,300.16318
12/1/1914 0:00,33.896263,299.46393
1/1/1915 0:00,33.874294,298.70673
2/1/1915 0:00,33.84358,297.9715
3/1/1915 0:00,33.80763,297.57294
4/1/1915 0:00,33.794666,297.8339
5/1/1915 0:00,33.786064,298.38385
6/1/1915 0:00,33.792053,299.0275
7/1/1915 0:00,33.82173,299.47488
8/1/1915 0:00,33.83007,300.0326
9/1/1915 0:00,33.85503,300.46423
10/1/1915 0:00,33.871677,300.8608
11/1/1915 0:00,33.889626,300.66074
12/1/1915 0:00,33.90319,300.0805
1/1/1916 0:00,33.88779,299.23602
2/1/1916 0:00,33.855663,298.49426
3/1/1916 0:00,33.81645,298.39444
4/1/1916 0:00,33.78225,298.5879
5/1/1916 0:00,33.75552,299.5191
6/1/1916 0:00,33.73742,300.02737
7/1/1916 0:00,33.737656,300.30017
8/1/1916 0:00,33.76568,300.3649
9/1/1916 0:00,33.79936,300.81442
10/1/1916 0:00,33.82901,300.6878
11/1/1916 0:00,33.848053,300.81198
12/1/1916 0:00,33.846565,300.04852
1/1/1917 0:00,33.824425,299.22827
2/1/1917 0:00,33.79017,298.43338
3/1/1917 0:00,33.768238,298.09097
4/1/1917 0:00,33.72984,298.47144
5/1/1917 0:00,33.69566,298.51047
6/1/1917 0:00,33.695686,299.0678
7/1/1917 0:00,33.70086,299.52112
8/1/1917 0:00,33.77334,299.90375
9/1/1917 0:00,33.82488,300.2946
10/1/1917 0:00,33.839855,300.3461
11/1/1917 0:00,33.845345,300.01294
12/1/1917 0:00,33.854706,299.65085
1/1/1918 0:00,33.846535,298.72995
2/1/1918 0:00,33.81105,297.78992
3/1/1918 0:00,33.751213,297.4847
4/1/1918 0:00,33.722534,297.6765
5/1/1918 0:00,33.69894,297.97095
6/1/1918 0:00,33.71177,298.49802
7/1/1918 0:00,33.753807,298.888
8/1/1918 0:00,33.790455,299.18594
9/1/1918 0:00,33.833145,299.6905
10/1/1918 0:00,33.8506,299.87393
11/1/1918 0:00,33.855114,299.7952
12/1/1918 0:00,33.860073,299.13742
1/1/1919 0:00,33.865135,298.2484
2/1/1919 0:00,33.85262,297.37033
3/1/1919 0:00,33.820766,297.0541
4/1/1919 0:00,33.79855,297.31097
5/1/1919 0:00,33.780212,297.59802
6/1/1919 0:00,33.800793,298.28317
7/1/1919 0:00,33.83366,298.7709
8/1/1919 0:00,33.876423,299.22726
9/1/1919 0:00,33.89148,299.85867
10/1/1919 0:00,33.911133,300.18747
11/1/1919 0:00,33.926834,299.81332
12/1/1919 0:00,33.92832,299.6128
1/1/1920 0:00,33.890137,298.58774
2/1/1920 0:00,33.851162,297.74115
3/1/1920 0:00,33.809628,297.58392
4/1/1920 0:00,33.779564,297.68182
5/1/1920 0:00,33.781227,298.36642
6/1/1920 0:00,33.78622,298.6235
7/1/1920 0:00,33.794987,299.25046
8/1/1920 0:00,33.824436,299.49722
9/1/1920 0:00,33.85607,300.04236
10/1/1920 0:00,33.86991,300.02612
11/1/1920 0:00,33.877827,299.7255
12/1/1920 0:00,33.87607,299.44843
1/1/1921 0:00,33.86582,298.53925
2/1/1921 0:00,33.837223,297.67
3/1/1921 0:00,33.78565,297.44852
4/1/1921 0:00,33.756145,297.67584
5/1/1921 0:00,33.758434,298.2682
6/1/1921 0:00,33.7764,299.0848
7/1/1921 0:00,33.823338,299.34833
8/1/1921 0:00,33.862835,299.98138
9/1/1921 0:00,33.880486,300.2604
10/1/1921 0:00,33.894913,300.30234
11/1/1921 0:00,33.90707,300.13657
12/1/1921 0:00,33.913734,299.85184
1/1/1922 0:00,33.900715,298.97595
2/1/1922 0:00,33.869858,298.13452
3/1/1922 0:00,33.840046,297.75067
4/1/1922 0:00,33.81246,297.8864
5/1/1922 0:00,33.773186,298.5244
6/1/1922 0:00,33.77234,298.9382
7/1/1922 0:00,33.790165,299.433
8/1/1922 0:00,33.82408,299.8306
9/1/1922 0:00,33.859005,300.3278
10/1/1922 0:00,33.88246,300.392
11/1/1922 0:00,33.892124,300.19342
12/1/1922 0:00,33.891308,299.90146
1/1/1923 0:00,33.8796,298.88055
2/1/1923 0:00,33.837006,298.19974
3/1/1923 0:00,33.803616,297.99487
4/1/1923 0:00,33.7396,298.24255
5/1/1923 0:00,33.714912,298.94415
6/1/1923 0:00,33.743137,299.4496
7/1/1923 0:00,33.78025,299.8157
8/1/1923 0:00,33.82721,300.08362
9/1/1923 0:00,33.857315,300.50522
10/1/1923 0:00,33.879215,300.57654
11/1/1923 0:00,33.889812,300.1793
12/1/1923 0:00,33.89007,299.70657
1/1/1924 0:00,33.86901,298.74307
2/1/1924 0:00,33.8346,298.26678
3/1/1924 0:00,33.811672,298.19986
4/1/1924 0:00,33.77569,298.48193
5/1/1924 0:00,33.751793,298.91342
6/1/1924 0:00,33.742584,299.61313
7/1/1924 0:00,33.773273,300.35272
8/1/1924 0:00,33.8221,300.52945
9/1/1924 0:00,33.846962,300.8089
10/1/1924 0:00,33.86385,300.79117
11/1/1924 0:00,33.85871,300.52463
12/1/1924 0:00,33.86128,300.24985
1/1/1925 0:00,33.85191,298.88437
2/1/1925 0:00,33.81296,298.1673
3/1/1925 0:00,33.758823,297.9255
4/1/1925 0:00,33.729607,298.01877
5/1/1925 0:00,33.721607,298.45718
6/1/1925 0:00,33.73339,298.8534
7/1/1925 0:00,33.752075,299.23657
8/1/1925 0:00,33.791668,299.8174
9/1/1925 0:00,33.831387,300.30728
10/1/1925 0:00,33.852417,300.403
11/1/1925 0:00,33.867172,300.0009
12/1/1925 0:00,33.891556,299.57318
1/1/1926 0:00,33.888485,298.6724
2/1/1926 0:00,33.8573,297.9075
3/1/1926 0:00,33.831608,297.7044
4/1/1926 0:00,33.806305,297.87762
5/1/1926 0:00,33.765575,298.23056
6/1/1926 0:00,33.75565,298.9506
7/1/1926 0:00,33.773365,299.27704
8/1/1926 0:00,33.807,299.7361
9/1/1926 0:00,33.84063,300.0907
10/1/1926 0:00,33.854446,300.17398
11/1/1926 0:00,33.85402,299.72168
12/1/1926 0:00,33.85345,299.28207
1/1/1927 0:00,33.82922,298.35944
2/1/1927 0:00,33.803913,297.78067
3/1/1927 0:00,33.776665,297.68524
4/1/1927 0:00,33.728737,297.8943
5/1/1927 0:00,33.713303,298.23767
6/1/1927 0:00,33.723797,298.58768
7/1/1927 0:00,33.7308,299.32925
8/1/1927 0:00,33.75015,299.8991
9/1/1927 0:00,33.797962,300.31378
10/1/1927 0:00,33.83161,300.34216
11/1/1927 0:00,33.843697,300.13763
12/1/1927 0:00,33.841038,299.77466
1/1/1928 0:00,33.83533,298.69556
2/1/1928 0:00,33.80739,298.00552
3/1/1928 0:00,33.785694,297.94482
4/1/1928 0:00,33.756172,298.20642
5/1/1928 0:00,33.73995,298.75473
6/1/1928 0:00,33.74899,299.49454
7/1/1928 0:00,33.760593,299.7106
8/1/1928 0:00,33.80959,300.09634
9/1/1928 0:00,33.857018,300.53946
10/1/1928 0:00,33.88299,300.66412
11/1/1928 0:00,33.89591,300.4997
12/1/1928 0:00,33.89948,300.3198
1/1/1929 0:00,33.88343,299.28336
2/1/1929 0:00,33.829735,298.72647
3/1/1929 0:00,33.789986,298.7185
4/1/1929 0:00,33.758823,299.08826
5/1/1929 0:00,33.75475,299.53513
6/1/1929 0:00,33.770878,300.04962
7/1/1929 0:00,33.805325,300.04102
8/1/1929 0:00,33.86576,300.46072
9/1/1929 0:00,33.896275,300.6301
10/1/1929 0:00,33.907635,300.60223
11/1/1929 0:00,33.91546,300.37863
12/1/1929 0:00,33.92149,299.83966
1/1/1930 0:00,33.891632,298.7659
2/1/1930 0:00,33.84546,297.96802
3/1/1930 0:00,33.797195,297.7756
4/1/1930 0:00,33.77227,297.8172
5/1/1930 0:00,33.75368,298.35794
6/1/1930 0:00,33.77269,298.65054
7/1/1930 0:00,33.816196,299.08826
8/1/1930 0:00,33.863636,299.61908
9/1/1930 0:00,33.894356,300.06097
10/1/1930 0:00,33.89364,300.15915
11/1/1930 0:00,33.903324,299.9331
12/1/1930 0:00,33.9153,299.1032
1/1/1931 0:00,33.902523,298.34595
2/1/1931 0:00,33.874744,297.62247
3/1/1931 0:00,33.839832,297.36166
4/1/1931 0:00,33.806805,297.70938
5/1/1931 0:00,33.770798,298.2691
6/1/1931 0:00,33.758926,299.05765
7/1/1931 0:00,33.770176,299.46793
8/1/1931 0:00,33.794476,299.9458
9/1/1931 0:00,33.8296,300.37344
10/1/1931 0:00,33.840878,300.36142
11/1/1931 0:00,33.84889,300.21683
12/1/1931 0:00,33.848633,299.57968
1/1/1932 0:00,33.809105,298.9737
2/1/1932 0:00,33.75847,298.59552
3/1/1932 0:00,33.743893,298.58423
4/1/1932 0:00,33.71709,298.76144
5/1/1932 0:00,33.68864,299.20493
6/1/1932 0:00,33.68679,299.6541
7/1/1932 0:00,33.705784,299.94885
8/1/1932 0:00,33.75363,300.52197
9/1/1932 0:00,33.799435,300.8238
10/1/1932 0:00,33.824997,300.8134
11/1/1932 0:00,33.845448,300.48538
12/1/1932 0:00,33.854218,299.92654
1/1/1933 0:00,33.842285,299.08765
2/1/1933 0:00,33.80164,298.37183
3/1/1933 0:00,33.77014,298.34637
4/1/1933 0:00,33.71942,298.78052
5/1/1933 0:00,33.67904,299.67523
6/1/1933 0:00,33.683685,300.14667
7/1/1933 0:00,33.71828,300.48813
8/1/1933 0:00,33.767746,300.7383
9/1/1933 0:00,33.813602,300.99734
10/1/1933 0:00,33.844208,301.0247
11/1/1933 0:00,33.864925,300.7502
12/1/1933 0:00,33.881107,300.15164
1/1/1934 0:00,33.873,299.19476
2/1/1934 0:00,33.842262,298.28333
3/1/1934 0:00,33.806313,297.9192
4/1/1934 0:00,33.77948,297.8973
5/1/1934 0:00,33.770626,298.45468
6/1/1934 0:00,33.791954,299.16687
7/1/1934 0:00,33.826797,299.52884
8/1/1934 0:00,33.87182,299.92065
9/1/1934 0:00,33.89156,300.1833
10/1/1934 0:00,33.895996,300.1988
11/1/1934 0:00,33.895103,299.63046
12/1/1934 0:00,33.897552,299.3527
1/1/1935 0:00,33.8914,298.56168
2/1/1935 0:00,33.880466,297.62592
3/1/1935 0:00,33.840454,297.39584
4/1/1935 0:00,33.7799,297.62018
5/1/1935 0:00,33.738445,298.43796
6/1/1935 0:00,33.74032,298.7607
7/1/1935 0:00,33.758953,299.08014
8/1/1935 0:00,33.810997,299.57135
9/1/1935 0:00,33.83817,300.10516
10/1/1935 0:00,33.851524,299.92
11/1/1935 0:00,33.86897,299.84512
12/1/1935 0:00,33.87018,299.35202
1/1/1936 0:00,33.8517,298.46628
2/1/1936 0:00,33.80149,297.6333
3/1/1936 0:00,33.744946,297.2254
4/1/1936 0:00,33.696255,297.65393
5/1/1936 0:00,33.67143,298.2948
6/1/1936 0:00,33.691265,299.13498
7/1/1936 0:00,33.714466,299.4611
8/1/1936 0:00,33.75073,299.76007
9/1/1936 0:00,33.781475,300.14468
10/1/1936 0:00,33.800667,299.9784
11/1/1936 0:00,33.813843,299.65045
12/1/1936 0:00,33.827766,299.18433
1/1/1937 0:00,33.824657,298.37955
2/1/1937 0:00,33.80027,297.75824
3/1/1937 0:00,33.765606,297.46973
4/1/1937 0:00,33.737648,297.58206
5/1/1937 0:00,33.708675,298.11295
6/1/1937 0:00,33.714508,298.9818
7/1/1937 0:00,33.747173,299.32846
8/1/1937 0:00,33.786903,299.7426
9/1/1937 0:00,33.815655,300.28036
10/1/1937 0:00,33.841965,300.2118
11/1/1937 0:00,33.86073,300.35706
12/1/1937 0:00,33.865925,300.1478
1/1/1938 0:00,33.85273,299.26846
2/1/1938 0:00,33.848557,298.64767
3/1/1938 0:00,33.81737,298.3311
4/1/1938 0:00,33.786747,298.6281
5/1/1938 0:00,33.765034,299.05264
6/1/1938 0:00,33.753773,299.7771
7/1/1938 0:00,33.782043,300.04434
8/1/1938 0:00,33.824673,300.1526
9/1/1938 0:00,33.867504,300.31696
10/1/1938 0:00,33.875515,300.3363
11/1/1938 0:00,33.88422,300.3457
12/1/1938 0:00,33.897522,299.67795
1/1/1939 0:00,33.898502,298.8881
2/1/1939 0:00,33.865665,298.14908
3/1/1939 0:00,33.810978,297.9409
4/1/1939 0:00,33.765247,298.13293
5/1/1939 0:00,33.750977,298.52353
6/1/1939 0:00,33.755596,299.05103
7/1/1939 0:00,33.77974,299.68115
8/1/1939 0:00,33.809597,299.96964
9/1/1939 0:00,33.846775,300.4586
10/1/1939 0:00,33.862373,300.55988
11/1/1939 0:00,33.869083,300.03592
12/1/1939 0:00,33.870968,299.81802
1/1/1940 0:00,33.86078,299.06906
2/1/1940 0:00,33.837345,298.23053
3/1/1940 0:00,33.78733,297.8632
4/1/1940 0:00,33.73457,297.90823
5/1/1940 0:00,33.704945,298.6369
6/1/1940 0:00,33.70929,299.28964
7/1/1940 0:00,33.71978,299.6669
8/1/1940 0:00,33.756405,300.0355
9/1/1940 0:00,33.78702,300.34335
10/1/1940 0:00,33.809944,300.49463
11/1/1940 0:00,33.82924,300.30176
12/1/1940 0:00,33.838333,299.81104
1/1/1941 0:00,33.82892,299.06024
2/1/1941 0:00,33.79047,298.5
3/1/1941 0:00,33.746334,298.42795
4/1/1941 0:00,33.71648,298.8003
5/1/1941 0:00,33.70397,299.3203
6/1/1941 0:00,33.718678,299.9876
7/1/1941 0:00,33.739197,300.32935
8/1/1941 0:00,33.79299,300.47363
9/1/1941 0:00,33.822025,300.8582
10/1/1941 0:00,33.846558,301.1425
11/1/1941 0:00,33.85626,300.97055
12/1/1941 0:00,33.85245,300.29443
1/1/1942 0:00,33.829514,299.6085
2/1/1942 0:00,33.77663,299.10297
3/1/1942 0:00,33.760544,298.88354
4/1/1942 0:00,33.733948,299.24805
5/1/1942 0:00,33.70673,299.44968
6/1/1942 0:00,33.704815,299.78445
7/1/1942 0:00,33.721725,300.4508
8/1/1942 0:00,33.752785,300.7496
9/1/1942 0:00,33.777954,300.9046
10/1/1942 0:00,33.78431,300.78113
11/1/1942 0:00,33.803795,300.51526
12/1/1942 0:00,33.810406,300.2588
1/1/1943 0:00,33.81846,299.4214
2/1/1943 0:00,33.808437,298.5288
3/1/1943 0:00,33.78708,298.1693
4/1/1943 0:00,33.75329,298.1696
5/1/1943 0:00,33.738087,298.60678
6/1/1943 0:00,33.730938,298.96924
7/1/1943 0:00,33.73986,299.39844
8/1/1943 0:00,33.78403,299.9585
9/1/1943 0:00,33.83088,300.39688
10/1/1943 0:00,33.843914,300.40726
11/1/1943 0:00,33.852833,300.07822
12/1/1943 0:00,33.873936,299.56464
1/1/1944 0:00,33.87033,298.42285
2/1/1944 0:00,33.824814,297.59424
3/1/1944 0:00,33.802715,297.18353
4/1/1944 0:00,33.775757,297.41266
5/1/1944 0:00,33.76312,298.03735
6/1/1944 0:00,33.773174,298.47543
7/1/1944 0:00,33.7941,298.85895
8/1/1944 0:00,33.8175,299.3929
9/1/1944 0:00,33.831898,299.83893
10/1/1944 0:00,33.83893,299.94687
11/1/1944 0:00,33.837257,299.85278
12/1/1944 0:00,33.827618,299.15964
1/1/1945 0:00,33.823013,298.3271
2/1/1945 0:00,33.791077,297.5575
3/1/1945 0:00,33.74888,297.45337
4/1/1945 0:00,33.73448,297.41452
5/1/1945 0:00,33.71388,298.06702
6/1/1945 0:00,33.71773,298.4298
7/1/1945 0:00,33.731922,298.89902
8/1/1945 0:00,33.749355,299.2863
9/1/1945 0:00,33.77969,299.88477
10/1/1945 0:00,33.808323,299.88312
11/1/1945 0:00,33.82238,299.8174
12/1/1945 0:00,33.826714,299.11853
1/1/1946 0:00,33.824707,298.16846
2/1/1946 0:00,33.80597,297.52533
3/1/1946 0:00,33.766186,297.23306
4/1/1946 0:00,33.730633,297.5504
5/1/1946 0:00,33.715794,298.2026
6/1/1946 0:00,33.72752,298.833
7/1/1946 0:00,33.771805,299.14374
8/1/1946 0:00,33.799812,299.6513
9/1/1946 0:00,33.8289,300.1272
10/1/1946 0:00,33.843742,300.2622
11/1/1946 0:00,33.854008,300.32703
12/1/1946 0:00,33.86844,300.05154
1/1/1947 0:00,33.860756,299.1022
2/1/1947 0:00,33.83347,298.02863
3/1/1947 0:00,33.822323,297.89536
4/1/1947 0:00,33.784733,298.09842
5/1/1947 0:00,33.75906,298.87006
6/1/1947 0:00,33.772682,299.32886
7/1/1947 0:00,33.81095,299.8416
8/1/1947 0:00,33.862976,300.16342
9/1/1947 0:00,33.88885,300.4448
10/1/1947 0:00,33.911346,300.28967
11/1/1947 0:00,33.926884,299.70108
12/1/1947 0:00,33.933422,299.37
1/1/1948 0:00,33.93099,298.61932
2/1/1948 0:00,33.893524,297.8314
3/1/1948 0:00,33.849365,297.62048
4/1/1948 0:00,33.81695,297.8369
5/1/1948 0:00,33.787457,298.24365
6/1/1948 0:00,33.79757,298.8889
7/1/1948 0:00,33.827553,299.2611
8/1/1948 0:00,33.862812,299.7553
9/1/1948 0:00,33.879223,300.10837
10/1/1948 0:00,33.894047,300.1683
11/1/1948 0:00,33.902588,299.6615
12/1/1948 0:00,33.910774,299.44073
1/1/1949 0:00,33.890053,298.5299
2/1/1949 0:00,33.850563,297.65445
3/1/1949 0:00,33.812035,297.46408
4/1/1949 0:00,33.786213,297.69272
5/1/1949 0:00,33.782448,298.4717
6/1/1949 0:00,33.792183,298.8269
7/1/1949 0:00,33.8213,299.42584
8/1/1949 0:00,33.85114,299.79626
9/1/1949 0:00,33.873856,300.1759
10/1/1949 0:00,33.891693,300.34372
11/1/1949 0:00,33.900734,300.20737
12/1/1949 0:00,33.903572,299.6894
1/1/1950 0:00,33.892326,298.74158
2/1/1950 0:00,33.85185,298.00052
3/1/1950 0:00,33.83047,297.7584
4/1/1950 0:00,33.7994,297.98834
5/1/1950 0:00,33.7856,298.57504
6/1/1950 0:00,33.784904,299.1267
7/1/1950 0:00,33.80358,299.73126
8/1/1950 0:00,33.826992,300.1301
9/1/1950 0:00,33.845463,300.5228
10/1/1950 0:00,33.853302,300.60294
11/1/1950 0:00,33.84991,300.61127
12/1/1950 0:00,33.85001,300.10202
1/1/1951 0:00,33.836655,299.09256
2/1/1951 0:00,33.80754,298.29965
3/1/1951 0:00,33.758816,297.87167
4/1/1951 0:00,33.718163,298.10345
5/1/1951 0:00,33.68683,298.8436
6/1/1951 0:00,33.678604,299.59222
7/1/1951 0:00,33.716408,299.77225
8/1/1951 0:00,33.76452,299.8612
9/1/1951 0:00,33.809032,300.0973
10/1/1951 0:00,33.833294,299.91412
11/1/1951 0:00,33.84367,299.76935
12/1/1951 0:00,33.849396,299.3023
1/1/1952 0:00,33.85012,298.31528
2/1/1952 0:00,33.824226,297.82153
3/1/1952 0:00,33.792797,297.69662
4/1/1952 0:00,33.75788,297.83432
5/1/1952 0:00,33.735733,298.22833
6/1/1952 0:00,33.74445,298.54486
7/1/1952 0:00,33.75048,299.09283
8/1/1952 0:00,33.792416,299.53714
9/1/1952 0:00,33.832542,300.16547
10/1/1952 0:00,33.852238,300.5203
11/1/1952 0:00,33.86077,300.14853
12/1/1952 0:00,33.849113,299.55276
1/1/1953 0:00,33.81433,298.85593
2/1/1953 0:00,33.805393,298.28632
3/1/1953 0:00,33.797104,297.80518
4/1/1953 0:00,33.759933,297.93988
5/1/1953 0:00,33.74973,298.9957
6/1/1953 0:00,33.768707,299.67456
7/1/1953 0:00,33.807037,299.91586
8/1/1953 0:00,33.843403,300.435
9/1/1953 0:00,33.871563,300.78687
10/1/1953 0:00,33.87993,300.90585
11/1/1953 0:00,33.889896,300.81302
12/1/1953 0:00,33.90832,300.29047
1/1/1954 0:00,33.90421,299.22827
2/1/1954 0:00,33.877087,298.56387
3/1/1954 0:00,33.850693,298.1022
4/1/1954 0:00,33.806824,298.40958
5/1/1954 0:00,33.779224,298.8727
6/1/1954 0:00,33.79017,299.55225
7/1/1954 0:00,33.828026,299.80115
8/1/1954 0:00,33.87482,300.1417
9/1/1954 0:00,33.902966,300.45343
10/1/1954 0:00,33.91637,300.3967
11/1/1954 0:00,33.928665,300.02603
12/1/1954 0:00,33.935574,299.62546
1/1/1955 0:00,33.91911,298.65073
2/1/1955 0:00,33.87191,297.96274
3/1/1955 0:00,33.84555,297.6005
4/1/1955 0:00,33.81093,297.78098
5/1/1955 0:00,33.810886,298.09418
6/1/1955 0:00,33.82762,298.96457
7/1/1955 0:00,33.832573,299.30283
8/1/1955 0:00,33.849613,299.63916
9/1/1955 0:00,33.88243,300.04327
10/1/1955 0:00,33.90346,300.14594
11/1/1955 0:00,33.925137,299.89328
12/1/1955 0:00,33.93992,299.42044
1/1/1956 0:00,33.91846,298.60968
2/1/1956 0:00,33.880836,297.70453
3/1/1956 0:00,33.8337,297.2222
4/1/1956 0:00,33.79324,297.46942
5/1/1956 0:00,33.778362,297.99948
6/1/1956 0:00,33.778168,298.72083
7/1/1956 0:00,33.798588,299.13596
8/1/1956 0:00,33.839542,299.45282
9/1/1956 0:00,33.859077,299.8542
10/1/1956 0:00,33.870483,300.00305
11/1/1956 0:00,33.878716,299.76086
12/1/1956 0:00,33.88215,299.48697
1/1/1957 0:00,33.867275,298.51938
2/1/1957 0:00,33.844795,297.96228
3/1/1957 0:00,33.82086,297.84912
4/1/1957 0:00,33.80325,298.32178
5/1/1957 0:00,33.794033,298.72745
6/1/1957 0:00,33.801884,299.12628
7/1/1957 0:00,33.819828,299.50616
8/1/1957 0:00,33.836166,299.79028
9/1/1957 0:00,33.856945,300.06415
10/1/1957 0:00,33.873497,300.1317
11/1/1957 0:00,33.885365,299.66434
12/1/1957 0:00,33.89768,299.45538
1/1/1958 0:00,33.898563,298.4593
2/1/1958 0:00,33.880775,297.6424
3/1/1958 0:00,33.865074,297.32492
4/1/1958 0:00,33.842247,297.50873
5/1/1958 0:00,33.812336,298.19998
6/1/1958 0:00,33.81177,299.1754
7/1/1958 0:00,33.837353,299.4318
8/1/1958 0:00,33.872726,299.71194
9/1/1958 0:00,33.901962,300.1723
10/1/1958 0:00,33.92075,300.3954
11/1/1958 0:00,33.936558,299.9316
12/1/1958 0:00,33.9405,299.45016
1/1/1959 0:00,33.92228,298.44376
2/1/1959 0:00,33.86995,297.8336
3/1/1959 0:00,33.80246,297.6142
4/1/1959 0:00,33.778854,297.802
5/1/1959 0:00,33.774597,298.35764
6/1/1959 0:00,33.779972,298.90427
7/1/1959 0:00,33.79014,299.21182
8/1/1959 0:00,33.83203,299.77356
9/1/1959 0:00,33.863533,300.2971
10/1/1959 0:00,33.889122,300.44427
11/1/1959 0:00,33.89392,300.2018
12/1/1959 0:00,33.89774,300.21338
1/1/1960 0:00,33.907917,298.59747
2/1/1960 0:00,33.89388,297.91446
3/1/1960 0:00,33.851524,297.9158
4/1/1960 0:00,33.812035,298.2666
5/1/1960 0:00,33.79121,299.02222
6/1/1960 0:00,33.814796,299.72842
7/1/1960 0:00,33.843395,299.9917
8/1/1960 0:00,33.884075,300.27005
9/1/1960 0:00,33.918484,300.59628
10/1/1960 0:00,33.939667,300.59613
11/1/1960 0:00,33.950977,300.35632
12/1/1960 0:00,33.960308,299.8479
1/1/1961 0:00,33.954548,299.22882
2/1/1961 0:00,33.925503,298.8304
3/1/1961 0:00,33.87542,298.26822
4/1/1961 0:00,33.835674,298.66086
5/1/1961 0:00,33.79687,299.2097
6/1/1961 0:00,33.80353,299.71542
7/1/1961 0:00,33.81713,299.90622
8/1/1961 0:00,33.847237,300.3201
9/1/1961 0:00,33.865906,300.65384
10/1/1961 0:00,33.873116,300.8318
11/1/1961 0:00,33.89162,300.6483
12/1/1961 0:00,33.898773,300.2615
1/1/1962 0:00,33.875385,299.3392
2/1/1962 0:00,33.843834,298.5314
3/1/1962 0:00,33.808006,298.13947
4/1/1962 0:00,33.771454,298.32153
5/1/1962 0:00,33.75837,298.6384
6/1/1962 0:00,33.748234,299.26468
7/1/1962 0:00,33.762947,299.72614
8/1/1962 0:00,33.78749,300.0738
9/1/1962 0:00,33.82702,300.36298
10/1/1962 0:00,33.848957,300.25845
11/1/1962 0:00,33.864895,300.25787
12/1/1962 0:00,33.874542,299.52872
1/1/1963 0:00,33.866722,298.64368
2/1/1963 0:00,33.846848,297.8815
3/1/1963 0:00,33.80155,297.62885
4/1/1963 0:00,33.743347,297.7567
5/1/1963 0:00,33.712357,297.99753
6/1/1963 0:00,33.742283,298.63504
7/1/1963 0:00,33.781017,298.86697
8/1/1963 0:00,33.818478,299.22586
9/1/1963 0:00,33.854305,299.73853
10/1/1963 0:00,33.875896,299.78665
11/1/1963 0:00,33.892273,299.60675
12/1/1963 0:00,33.908478,299.15323
1/1/1964 0:00,33.889454,298.27237
2/1/1964 0:00,33.850594,297.63657
3/1/1964 0:00,33.82014,297.19742
4/1/1964 0:00,33.79448,297.3866
5/1/1964 0:00,33.783043,298.17264
6/1/1964 0:00,33.784134,298.6045
7/1/1964 0:00,33.80223,298.99402
8/1/1964 0:00,33.835,299.48178
9/1/1964 0:00,33.85398,300.06223
10/1/1964 0:00,33.86675,300.156
11/1/1964 0:00,33.86636,299.94
12/1/1964 0:00,33.876446,299.53152
1/1/1965 0:00,33.88682,298.38672
2/1/1965 0:00,33.89163,297.63022
3/1/1965 0:00,33.874355,297.13184
4/1/1965 0:00,33.853798,297.45
5/1/1965 0:00,33.827362,298.06827
6/1/1965 0:00,33.834614,298.40756
7/1/1965 0:00,33.84423,298.771
8/1/1965 0:00,33.872356,299.2499
9/1/1965 0:00,33.90127,299.7192
10/1/1965 0:00,33.913,299.87875
11/1/1965 0:00,33.91818,299.51797
12/1/1965 0:00,33.925636,299.00803
1/1/1966 0:00,33.905727,298.16467
2/1/1966 0:00,33.851067,297.51724
3/1/1966 0:00,33.802826,297.53177
4/1/1966 0:00,33.78527,297.5695
5/1/1966 0:00,33.789318,298.36896
6/1/1966 0:00,33.791424,298.85382
7/1/1966 0:00,33.818592,299.34558
8/1/1966 0:00,33.863636,299.56815
9/1/1966 0:00,33.885544,299.92896
10/1/1966 0:00,33.900616,300.118
11/1/1966 0:00,33.908607,299.60016
12/1/1966 0:00,33.927128,299.1107
1/1/1967 0:00,33.9245,298.50613
2/1/1967 0:00,33.885258,297.8481
3/1/1967 0:00,33.837627,297.9519
4/1/1967 0:00,33.790916,298.09814
5/1/1967 0:00,33.766632,298.84387
6/1/1967 0:00,33.778404,299.40598
7/1/1967 0:00,33.80597,299.57422
8/1/1967 0:00,33.847248,299.90424
9/1/1967 0:00,33.868294,300.37756
10/1/1967 0:00,33.88548,300.34875
11/1/1967 0:00,33.89731,300.0617
12/1/1967 0:00,33.90116,299.65665
1/1/1968 0:00,33.88772,298.95547
2/1/1968 0:00,33.842884,298.14026
3/1/1968 0:00,33.795826,297.70398
4/1/1968 0:00,33.75808,297.92325
5/1/1968 0:00,33.73012,298.80182
6/1/1968 0:00,33.736713,299.2883
7/1/1968 0:00,33.770115,299.68726
8/1/1968 0:00,33.818886,300.0926
9/1/1968 0:00,33.856735,300.47913
10/1/1968 0:00,33.874733,300.57895
11/1/1968 0:00,33.901,300.68457
12/1/1968 0:00,33.923817,299.87738
1/1/1969 0:00,33.924633,298.7249
2/1/1969 0:00,33.901173,298.2087
3/1/1969 0:00,33.875446,298.1105
4/1/1969 0:00,33.857025,298.45105
5/1/1969 0:00,33.82734,298.80695
6/1/1969 0:00,33.827194,299.48843
7/1/1969 0:00,33.848736,299.66815
8/1/1969 0:00,33.877144,299.91797
9/1/1969 0:00,33.900448,300.19785
10/1/1969 0:00,33.908417,300.48312
11/1/1969 0:00,33.919823,300.54102
12/1/1969 0:00,33.9186,299.8122
1/1/1970 0:00,33.884766,299.00107
2/1/1970 0:00,33.826717,298.25705
3/1/1970 0:00,33.774017,297.9414
4/1/1970 0:00,33.73271,298.20877
5/1/1970 0:00,33.731915,298.5927
6/1/1970 0:00,33.72944,299.15366
7/1/1970 0:00,33.738167,299.5281
8/1/1970 0:00,33.76287,299.9032
9/1/1970 0:00,33.78235,300.35712
10/1/1970 0:00,33.805347,300.4522
11/1/1970 0:00,33.82015,300.1008
12/1/1970 0:00,33.829147,299.57294
1/1/1971 0:00,33.82937,298.59888
2/1/1971 0:00,33.811234,297.84665
3/1/1971 0:00,33.774834,297.67557
4/1/1971 0:00,33.74203,297.92303
5/1/1971 0:00,33.728165,298.45007
6/1/1971 0:00,33.737774,298.84915
7/1/1971 0:00,33.754604,299.16898
8/1/1971 0:00,33.80675,299.74646
9/1/1971 0:00,33.841354,300.2005
10/1/1971 0:00,33.8571,300.3554
11/1/1971 0:00,33.86742,300.2885
12/1/1971 0:00,33.87569,300.065
1/1/1972 0:00,33.864292,299.09143
2/1/1972 0:00,33.836227,297.9606
3/1/1972 0:00,33.803864,297.45258
4/1/1972 0:00,33.752914,297.46283
5/1/1972 0:00,33.72687,298.10132
6/1/1972 0:00,33.726154,298.80164
7/1/1972 0:00,33.748577,299.35638
8/1/1972 0:00,33.793514,299.69327
9/1/1972 0:00,33.823524,300.095
10/1/1972 0:00,33.835346,300.14294
11/1/1972 0:00,33.848484,299.95126
12/1/1972 0:00,33.85218,299.61368
1/1/1973 0:00,33.83414,298.90414
2/1/1973 0:00,33.79854,298.14816
3/1/1973 0:00,33.767666,297.77606
4/1/1973 0:00,33.73719,297.92532
5/1/1973 0:00,33.7059,298.32507
6/1/1973 0:00,33.732136,299.04034
7/1/1973 0:00,33.770493,299.48438
8/1/1973 0:00,33.808376,299.77185
9/1/1973 0:00,33.83377,300.1027
10/1/1973 0:00,33.844536,300.35754
11/1/1973 0:00,33.855682,300.1863
12/1/1973 0:00,33.850372,299.50067
1/1/1974 0:00,33.8321,298.67487
2/1/1974 0:00,33.819077,297.59174
3/1/1974 0:00,33.80125,297.34232
4/1/1974 0:00,33.772766,297.57846
5/1/1974 0:00,33.7431,298.1755
6/1/1974 0:00,33.740334,298.3716
7/1/1974 0:00,33.767372,298.92825
8/1/1974 0:00,33.812767,299.65472
9/1/1974 0:00,33.847176,299.9574
10/1/1974 0:00,33.87047,300.08694
11/1/1974 0:00,33.89259,299.49838
12/1/1974 0:00,33.91443,299.18497
1/1/1975 0:00,33.922657,298.3441
2/1/1975 0:00,33.899452,297.76453
3/1/1975 0:00,33.86928,297.47726
4/1/1975 0:00,33.811825,297.49057
5/1/1975 0:00,33.781685,297.80295
6/1/1975 0:00,33.793224,298.41037
7/1/1975 0:00,33.827908,298.869
8/1/1975 0:00,33.85811,299.31915
9/1/1975 0:00,33.880627,299.79376
10/1/1975 0:00,33.894363,299.9294
11/1/1975 0:00,33.90883,299.67297
12/1/1975 0:00,33.91246,299.1444
1/1/1976 0:00,33.88482,298.45505
2/1/1976 0:00,33.848644,297.60324
3/1/1976 0:00,33.798492,297.4642
4/1/1976 0:00,33.76554,297.7047
5/1/1976 0:00,33.760483,298.2449
6/1/1976 0:00,33.774597,298.90326
7/1/1976 0:00,33.81745,299.43173
8/1/1976 0:00,33.85399,299.82425
9/1/1976 0:00,33.88581,300.09192
10/1/1976 0:00,33.90438,300.15598
11/1/1976 0:00,33.91858,300.08575
12/1/1976 0:00,33.9308,299.69058
1/1/1977 0:00,33.91672,298.85538
2/1/1977 0:00,33.886196,298.18887
3/1/1977 0:00,33.847687,298.2371
4/1/1977 0:00,33.80375,298.345
5/1/1977 0:00,33.77763,298.2903
6/1/1977 0:00,33.789986,298.95322
7/1/1977 0:00,33.82304,299.552
8/1/1977 0:00,33.85223,299.8937
9/1/1977 0:00,33.877945,300.2433
10/1/1977 0:00,33.890594,300.2139
11/1/1977 0:00,33.894833,300.27542
12/1/1977 0:00,33.867226,299.96545
1/1/1978 0:00,33.84674,299.11807
2/1/1978 0:00,33.81432,298.25183
3/1/1978 0:00,33.76768,298.02808
4/1/1978 0:00,33.71813,298.14597
5/1/1978 0:00,33.727016,298.5696
6/1/1978 0:00,33.739956,299.1155
7/1/1978 0:00,33.77954,299.5273
8/1/1978 0:00,33.804832,299.91003
9/1/1978 0:00,33.83422,300.42508
10/1/1978 0:00,33.8496,300.5982
11/1/1978 0:00,33.86989,300.3521
12/1/1978 0:00,33.88154,299.99484
1/1/1979 0:00,33.878277,298.94498
2/1/1979 0:00,33.83964,298.04434
3/1/1979 0:00,33.79036,297.8144
4/1/1979 0:00,33.760593,297.8534
5/1/1979 0:00,33.74562,298.54227
6/1/1979 0:00,33.758266,299.0806
7/1/1979 0:00,33.789047,299.466
8/1/1979 0:00,33.82714,299.86597
9/1/1979 0:00,33.86347,300.2285
10/1/1979 0:00,33.871914,300.12796
11/1/1979 0:00,33.883545,300.03366
12/1/1979 0:00,33.887463,299.40854
1/1/1980 0:00,33.8627,298.62442
2/1/1980 0:00,33.812542,297.62592
3/1/1980 0:00,33.783844,297.3158
4/1/1980 0:00,33.745678,297.38788
5/1/1980 0:00,33.733334,297.89023
6/1/1980 0:00,33.752277,298.64398
7/1/1980 0:00,33.763584,299.15225
8/1/1980 0:00,33.792614,299.62265
9/1/1980 0:00,33.82834,300.09207
10/1/1980 0:00,33.843983,300.3954
11/1/1980 0:00,33.854633,300.3123
12/1/1980 0:00,33.86177,299.58136
1/1/1981 0:00,33.852104,298.7983
