time,SALT_mean,TS_mean
1850-02-01 00:00:00,36.067112,298.14102
1850-03-01 00:00:00,36.160540000000005,297.7861
1850-04-01 00:00:00,36.167713,297.97244
1850-05-01 00:00:00,36.150079999999996,298.59485
1850-06-01 00:00:00,36.154068,299.20612
1850-07-01 00:00:00,36.148586,299.54462
1850-08-01 00:00:00,36.023144,299.86523
1850-09-01 00:00:00,35.853596,300.1974
1850-10-01 00:00:00,35.691559999999996,300.3018
1850-11-01 00:00:00,35.60881,300.17886
1850-12-01 00:00:00,35.69948,299.67117
1851-01-01 00:00:00,35.923115,298.75186
1851-02-01 00:00:00,36.068176,298.15297999999996
1851-03-01 00:00:00,36.16363,297.9546
1851-04-01 00:00:00,36.21332,297.99643
1851-05-01 00:00:00,36.174023,298.6145
1851-06-01 00:00:00,36.144276,299.39157
1851-07-01 00:00:00,36.17055,299.78143
1851-08-01 00:00:00,36.075195,300.03488
1851-09-01 00:00:00,35.810932,300.3577
1851-10-01 00:00:00,35.537929999999996,300.5128
1851-11-01 00:00:00,35.361282,300.42252
1851-12-01 00:00:00,35.44421,299.96185
1852-01-01 00:00:00,35.679707,299.24545
1852-02-01 00:00:00,35.891434000000004,298.68625
1852-03-01 00:00:00,36.04582,298.3696
1852-04-01 00:00:00,36.096104,298.63965
1852-05-01 00:00:00,36.106026,299.25464
1852-06-01 00:00:00,36.1485,299.7555
1852-07-01 00:00:00,36.183772999999995,300.19315
1852-08-01 00:00:00,36.155464,300.44446
1852-09-01 00:00:00,36.003094,300.7429
1852-10-01 00:00:00,35.783955,300.72362999999996
1852-11-01 00:00:00,35.662715999999996,300.4492
1852-12-01 00:00:00,35.754321999999995,299.92432
1853-01-01 00:00:00,35.970165,299.12228
1853-02-01 00:00:00,36.152159999999995,298.37222
1853-03-01 00:00:00,36.240368,298.13614
1853-04-01 00:00:00,36.27373,298.19424
1853-05-01 00:00:00,36.238659999999996,298.80112
1853-06-01 00:00:00,36.21588,299.4424
1853-07-01 00:00:00,36.20665,299.85693
1853-08-01 00:00:00,36.111618,300.08194
1853-09-01 00:00:00,35.906258,300.36942
1853-10-01 00:00:00,35.714054,300.45425
1853-11-01 00:00:00,35.644040000000004,300.1388
1853-12-01 00:00:00,35.72357,299.67587000000003
1854-01-01 00:00:00,35.907467,298.93295
1854-02-01 00:00:00,36.119762,298.09164
1854-03-01 00:00:00,36.190365,297.7939
1854-04-01 00:00:00,36.182552,297.8977
1854-05-01 00:00:00,36.150833,298.45412999999996
1854-06-01 00:00:00,36.14468,299.00537
1854-07-01 00:00:00,36.13917,299.37784
1854-08-01 00:00:00,36.051006,299.77884
1854-09-01 00:00:00,35.927859999999995,300.1872
1854-10-01 00:00:00,35.81393,300.09946
1854-11-01 00:00:00,35.714626,299.84362999999996
1854-12-01 00:00:00,35.75699,299.3933
1855-01-01 00:00:00,35.969276,298.4538
1855-02-01 00:00:00,36.114002,297.68262000000004
1855-03-01 00:00:00,36.18655,297.44599999999997
1855-04-01 00:00:00,36.2058,297.73392
1855-05-01 00:00:00,36.1897,298.16306000000003
1855-06-01 00:00:00,36.1574,298.84375
1855-07-01 00:00:00,36.11949,299.28665
1855-08-01 00:00:00,36.02945,299.66700000000003
1855-09-01 00:00:00,35.86926,300.17294
1855-10-01 00:00:00,35.787754,300.36307
1855-11-01 00:00:00,35.727936,300.09747000000004
1855-12-01 00:00:00,35.787617,299.38925
1856-01-01 00:00:00,35.950996,298.55112
1856-02-01 00:00:00,36.098816,297.8043
1856-03-01 00:00:00,36.137856,297.62485
1856-04-01 00:00:00,36.128357,297.85648
1856-05-01 00:00:00,36.11616,298.6166
1856-06-01 00:00:00,36.123753,299.2216
1856-07-01 00:00:00,36.10996,299.6134
1856-08-01 00:00:00,36.01297,299.94626
1856-09-01 00:00:00,35.837032,300.24835
1856-10-01 00:00:00,35.62993,300.36096000000003
1856-11-01 00:00:00,35.527782,299.9244
1856-12-01 00:00:00,35.577282000000004,299.52097000000003
1857-01-01 00:00:00,35.779484000000004,298.7904
1857-02-01 00:00:00,35.973217,298.12662
1857-03-01 00:00:00,36.056340000000006,298.0387
1857-04-01 00:00:00,36.126926,298.3207
1857-05-01 00:00:00,36.148056,298.73483
1857-06-01 00:00:00,36.167120000000004,299.1118
1857-07-01 00:00:00,36.141766,299.42343
1857-08-01 00:00:00,36.05905,299.89342999999997
1857-09-01 00:00:00,35.92337,300.36722000000003
1857-10-01 00:00:00,35.722609999999996,300.44925
1857-11-01 00:00:00,35.547665,300.14844
1857-12-01 00:00:00,35.606552,299.58187999999996
1858-01-01 00:00:00,35.829376,298.76083
1858-02-01 00:00:00,36.036747,298.15207000000004
1858-03-01 00:00:00,36.137646000000004,298.10135
1858-04-01 00:00:00,36.226124,298.15906
1858-05-01 00:00:00,36.232162,298.8533
1858-06-01 00:00:00,36.25782,299.43753
1858-07-01 00:00:00,36.254513,299.81557999999995
1858-08-01 00:00:00,36.133255,300.07626
1858-09-01 00:00:00,35.8605,300.4316
1858-10-01 00:00:00,35.611686999999996,300.3846
1858-11-01 00:00:00,35.587765000000005,300.18332000000004
1858-12-01 00:00:00,35.746967,299.69434
1859-01-01 00:00:00,35.983196,298.92154
1859-02-01 00:00:00,36.177417999999996,298.13723999999996
1859-03-01 00:00:00,36.240916999999996,297.94388
1859-04-01 00:00:00,36.235096,298.06674
1859-05-01 00:00:00,36.206436,298.40502999999995
1859-06-01 00:00:00,36.128067,299.11047
1859-07-01 00:00:00,36.052578000000004,299.5176
1859-08-01 00:00:00,35.946659999999994,299.85532
1859-09-01 00:00:00,35.78152,300.26547
1859-10-01 00:00:00,35.552784,300.33072000000004
1859-11-01 00:00:00,35.442844,300.13662999999997
1859-12-01 00:00:00,35.540890000000005,299.5842
1860-01-01 00:00:00,35.74201,298.8201
1860-02-01 00:00:00,35.932465,298.1307
1860-03-01 00:00:00,36.046659999999996,297.91434
1860-04-01 00:00:00,36.069813,298.2184
1860-05-01 00:00:00,36.08578,298.74466
1860-06-01 00:00:00,36.096965999999995,299.40722999999997
1860-07-01 00:00:00,36.1295,299.74677
1860-08-01 00:00:00,36.080257,300.08276
1860-09-01 00:00:00,35.908978000000005,300.453
1860-10-01 00:00:00,35.75773,300.57302999999996
1860-11-01 00:00:00,35.671279999999996,300.28378
1860-12-01 00:00:00,35.74503,299.71997000000005
1861-01-01 00:00:00,35.961575,298.74167
1861-02-01 00:00:00,36.127705,298.0693
1861-03-01 00:00:00,36.213093,297.86356
1861-04-01 00:00:00,36.243590000000005,298.10944
1861-05-01 00:00:00,36.248463,298.5433
1861-06-01 00:00:00,36.220653999999996,299.01294
1861-07-01 00:00:00,36.1694,299.3317
1861-08-01 00:00:00,36.067417,299.65634
1861-09-01 00:00:00,35.866657000000004,300.05887
1861-10-01 00:00:00,35.6758,300.17477
1861-11-01 00:00:00,35.589558000000004,300.01718
1861-12-01 00:00:00,35.71931,299.3848
1862-01-01 00:00:00,35.935074,298.64026
1862-02-01 00:00:00,36.108309999999996,297.88406000000003
1862-03-01 00:00:00,36.177258,297.6519
1862-04-01 00:00:00,36.18019,297.9045
1862-05-01 00:00:00,36.196667,298.50256
1862-06-01 00:00:00,36.1902,299.2065
1862-07-01 00:00:00,36.162395000000004,299.53972999999996
1862-08-01 00:00:00,36.034490000000005,299.81453999999997
1862-09-01 00:00:00,35.849453000000004,300.27022999999997
1862-10-01 00:00:00,35.713604,300.3397
1862-11-01 00:00:00,35.62641,300.1485
1862-12-01 00:00:00,35.6907,299.71783
1863-01-01 00:00:00,35.89468,299.05637
1863-02-01 00:00:00,36.115307,298.1697
1863-03-01 00:00:00,36.20564,297.7057
1863-04-01 00:00:00,36.20276,297.9598
1863-05-01 00:00:00,36.209742999999996,298.483
1863-06-01 00:00:00,36.221127,298.9852
1863-07-01 00:00:00,36.18012,299.37085
1863-08-01 00:00:00,36.07698,299.73386
1863-09-01 00:00:00,35.923595,300.1382
1863-10-01 00:00:00,35.811924,300.25864
1863-11-01 00:00:00,35.690742,299.99194
1863-12-01 00:00:00,35.72201,299.63394
1864-01-01 00:00:00,35.879738,298.84875
1864-02-01 00:00:00,36.048374,298.13473999999997
1864-03-01 00:00:00,36.128845,298.04172
1864-04-01 00:00:00,36.159943,298.31458
1864-05-01 00:00:00,36.199574,298.968
1864-06-01 00:00:00,36.224888,299.39212000000003
1864-07-01 00:00:00,36.214245,299.79272000000003
1864-08-01 00:00:00,36.132633,300.13638
1864-09-01 00:00:00,36.010740000000006,300.4376
1864-10-01 00:00:00,35.823795000000004,300.45648
1864-11-01 00:00:00,35.689353999999994,300.3218
1864-12-01 00:00:00,35.707347999999996,299.86502
1865-01-01 00:00:00,35.91904,299.02127
1865-02-01 00:00:00,36.04558,298.57578
1865-03-01 00:00:00,36.18439,298.2379
1865-04-01 00:00:00,36.22403,298.52762
1865-05-01 00:00:00,36.221767,298.88516
1865-06-01 00:00:00,36.191593,299.40952000000004
1865-07-01 00:00:00,36.18166,299.86777
1865-08-01 00:00:00,36.096109999999996,300.2059
1865-09-01 00:00:00,35.868496,300.5878
1865-10-01 00:00:00,35.605709999999995,300.6251
1865-11-01 00:00:00,35.48858,300.41418
1865-12-01 00:00:00,35.599133,299.87674
1866-01-01 00:00:00,35.819637,299.01755
1866-02-01 00:00:00,36.007553,298.2736
1866-03-01 00:00:00,36.107307,298.08693999999997
1866-04-01 00:00:00,36.137577,298.30945
1866-05-01 00:00:00,36.164032,298.79868
1866-06-01 00:00:00,36.175632,299.2004
1866-07-01 00:00:00,36.143208,299.52505
1866-08-01 00:00:00,36.032246,299.89197
1866-09-01 00:00:00,35.917559999999995,300.35803
1866-10-01 00:00:00,35.851646,300.59677
1866-11-01 00:00:00,35.85964,300.2986
1866-12-01 00:00:00,35.93347,299.6884
1867-01-01 00:00:00,36.067883,298.88693
1867-02-01 00:00:00,36.201176000000004,298.19772
1867-03-01 00:00:00,36.259457,297.91443
1867-04-01 00:00:00,36.254513,297.9445
1867-05-01 00:00:00,36.211529999999996,298.166
1867-06-01 00:00:00,36.168808,298.82004
1867-07-01 00:00:00,36.146156,299.31158
1867-08-01 00:00:00,36.033802,299.76147000000003
1867-09-01 00:00:00,35.88767,300.23037999999997
1867-10-01 00:00:00,35.787956,300.38058
1867-11-01 00:00:00,35.744488,300.19223
1867-12-01 00:00:00,35.843720000000005,299.57372999999995
1868-01-01 00:00:00,36.047059999999995,298.61612
1868-02-01 00:00:00,36.217026000000004,297.87094
1868-03-01 00:00:00,36.257782,297.73193
1868-04-01 00:00:00,36.260258,298.02734
1868-05-01 00:00:00,36.245884000000004,298.31003
1868-06-01 00:00:00,36.185584999999996,299.0597
1868-07-01 00:00:00,36.173634,299.41098
1868-08-01 00:00:00,36.060990000000004,299.7494
1868-09-01 00:00:00,35.846844,300.1373
1868-10-01 00:00:00,35.630642,300.1758
1868-11-01 00:00:00,35.5669,300.0924
1868-12-01 00:00:00,35.70232,299.55447000000004
1869-01-01 00:00:00,35.91602,298.69872999999995
1869-02-01 00:00:00,36.07767,298.0101
1869-03-01 00:00:00,36.176823,297.91342000000003
1869-04-01 00:00:00,36.2135,298.18814
1869-05-01 00:00:00,36.23614,298.48978
1869-06-01 00:00:00,36.20142,299.14847000000003
1869-07-01 00:00:00,36.175309999999996,299.63174
1869-08-01 00:00:00,36.088978000000004,300.0132
1869-09-01 00:00:00,35.919445,300.44092
1869-10-01 00:00:00,35.729725,300.71072000000004
1869-11-01 00:00:00,35.621487,300.3781
1869-12-01 00:00:00,35.667156,299.9448
1870-01-01 00:00:00,35.85391,299.0034
1870-02-01 00:00:00,36.021747999999995,298.31882
1870-03-01 00:00:00,36.123385999999996,298.1749
1870-04-01 00:00:00,36.18867,298.1419
1870-05-01 00:00:00,36.162663,298.5909
1870-06-01 00:00:00,36.13814,299.26855
1870-07-01 00:00:00,36.127354,299.66537
1870-08-01 00:00:00,36.079665999999996,299.98633
1870-09-01 00:00:00,35.943157,300.35532
1870-10-01 00:00:00,35.826637,300.49045
1870-11-01 00:00:00,35.797565000000006,300.27594
1870-12-01 00:00:00,35.881479999999996,299.54166000000004
1871-01-01 00:00:00,36.026447,298.7764
1871-02-01 00:00:00,36.185534999999994,298.0972
1871-03-01 00:00:00,36.24645,297.77148
1871-04-01 00:00:00,36.250004,297.84012
1871-05-01 00:00:00,36.21663,298.37557999999996
1871-06-01 00:00:00,36.194927,298.83353
1871-07-01 00:00:00,36.155468,299.09653
1871-08-01 00:00:00,36.019108,299.59167
1871-09-01 00:00:00,35.878116999999996,300.0878
1871-10-01 00:00:00,35.800953,300.19638
1871-11-01 00:00:00,35.78735,300.00052
1871-12-01 00:00:00,35.85004,299.47867
1872-01-01 00:00:00,36.007465,298.55062999999996
1872-02-01 00:00:00,36.143159999999995,297.81235
1872-03-01 00:00:00,36.202175,297.62662
1872-04-01 00:00:00,36.201763,298.0385
1872-05-01 00:00:00,36.19644,298.6165
1872-06-01 00:00:00,36.16434,299.18976000000004
1872-07-01 00:00:00,36.08979,299.63748
1872-08-01 00:00:00,35.930492,299.9282
1872-09-01 00:00:00,35.683136,300.37216
1872-10-01 00:00:00,35.440704,300.56677
1872-11-01 00:00:00,35.351315,300.30832000000004
1872-12-01 00:00:00,35.45019,299.64865
1873-01-01 00:00:00,35.68677,298.87137
1873-02-01 00:00:00,35.908703,298.32583999999997
1873-03-01 00:00:00,36.071135999999996,298.0612
1873-04-01 00:00:00,36.13106,298.3108
1873-05-01 00:00:00,36.171223,298.73315
1873-06-01 00:00:00,36.195679999999996,299.26523
1873-07-01 00:00:00,36.182204999999996,299.67798
1873-08-01 00:00:00,36.096256,299.9764
1873-09-01 00:00:00,35.920612,300.29677999999996
1873-10-01 00:00:00,35.717166999999996,300.4562
1873-11-01 00:00:00,35.63625,300.30008
1873-12-01 00:00:00,35.70429,299.8456
1874-01-01 00:00:00,35.928543,298.94788
1874-02-01 00:00:00,36.110493,298.25973999999997
1874-03-01 00:00:00,36.184406,298.15128
1874-04-01 00:00:00,36.224765999999995,298.26842999999997
1874-05-01 00:00:00,36.230633000000005,298.78232
1874-06-01 00:00:00,36.23343,299.25027
1874-07-01 00:00:00,36.21375,299.58347000000003
1874-08-01 00:00:00,36.121857,299.83297999999996
1874-09-01 00:00:00,35.96591,300.3461
1874-10-01 00:00:00,35.790924,300.49362
1874-11-01 00:00:00,35.65305,300.3137
1874-12-01 00:00:00,35.703842,299.7391
1875-01-01 00:00:00,35.910587,298.8778
1875-02-01 00:00:00,36.09686,298.2773
1875-03-01 00:00:00,36.207012,298.0288
1875-04-01 00:00:00,36.247528,298.28842000000003
1875-05-01 00:00:00,36.239917999999996,298.7993
1875-06-01 00:00:00,36.248276000000004,299.26662999999996
1875-07-01 00:00:00,36.223408,299.6336
1875-08-01 00:00:00,36.085384000000005,299.87417999999997
1875-09-01 00:00:00,35.86501,300.3097
1875-10-01 00:00:00,35.682278000000004,300.6066
1875-11-01 00:00:00,35.617985,300.34024
1875-12-01 00:00:00,35.69342,299.74875
1876-01-01 00:00:00,35.913909999999994,298.89212000000003
1876-02-01 00:00:00,36.134262,298.113
1876-03-01 00:00:00,36.218674,297.84305
1876-04-01 00:00:00,36.231712,297.81692999999996
1876-05-01 00:00:00,36.1913,298.33227999999997
1876-06-01 00:00:00,36.189014,298.99532999999997
1876-07-01 00:00:00,36.18501,299.43106
1876-08-01 00:00:00,36.102615,299.74564
1876-09-01 00:00:00,35.966404,300.16516
1876-10-01 00:00:00,35.86591,300.26355
1876-11-01 00:00:00,35.79829,299.99585
1876-12-01 00:00:00,35.806507,299.58566
1877-01-01 00:00:00,36.002309999999994,298.76718
1877-02-01 00:00:00,36.18074,297.98395
1877-03-01 00:00:00,36.24615,297.69992
1877-04-01 00:00:00,36.24754,297.90747000000005
1877-05-01 00:00:00,36.24153,298.5272
1877-06-01 00:00:00,36.237545000000004,299.0309
1877-07-01 00:00:00,36.178104,299.40906
1877-08-01 00:00:00,36.033844,299.77426
1877-09-01 00:00:00,35.86175,300.20083999999997
1877-10-01 00:00:00,35.71728,300.22482
1877-11-01 00:00:00,35.63472,300.04422
1877-12-01 00:00:00,35.656490000000005,299.60825
1878-01-01 00:00:00,35.858115999999995,298.87146
1878-02-01 00:00:00,36.04984,298.13647000000003
1878-03-01 00:00:00,36.121323,297.98346000000004
1878-04-01 00:00:00,36.170277,298.21985
1878-05-01 00:00:00,36.198029999999996,298.81467000000004
1878-06-01 00:00:00,36.200340000000004,299.50613
1878-07-01 00:00:00,36.1536,299.76184
1878-08-01 00:00:00,36.04882,300.20227
1878-09-01 00:00:00,35.86558,300.56665
1878-10-01 00:00:00,35.68769,300.4926
1878-11-01 00:00:00,35.566272999999995,300.01917000000003
1878-12-01 00:00:00,35.651565999999995,299.5753
1879-01-01 00:00:00,35.91255,298.63953
1879-02-01 00:00:00,36.10535,297.96682999999996
1879-03-01 00:00:00,36.182934,297.65155
1879-04-01 00:00:00,36.205597,297.98483
1879-05-01 00:00:00,36.197666,298.40555
1879-06-01 00:00:00,36.169006,299.23026
1879-07-01 00:00:00,36.137756,299.62158
1879-08-01 00:00:00,36.031586,299.8666
1879-09-01 00:00:00,35.834656,300.27332
1879-10-01 00:00:00,35.657135,300.41562000000005
1879-11-01 00:00:00,35.543335,300.11694
1879-12-01 00:00:00,35.54997,299.65216000000004
1880-01-01 00:00:00,35.804035,298.80795
1880-02-01 00:00:00,35.99915,298.12833
1880-03-01 00:00:00,36.084488,298.1107
1880-04-01 00:00:00,36.12303,298.50916
1880-05-01 00:00:00,36.139557,299.10568
1880-06-01 00:00:00,36.14032,299.66064
1880-07-01 00:00:00,36.139984000000005,299.9502
1880-08-01 00:00:00,36.052128,300.3069
1880-09-01 00:00:00,35.88854,300.5725
1880-10-01 00:00:00,35.710552,300.6488
1880-11-01 00:00:00,35.601444,300.40542999999997
1880-12-01 00:00:00,35.64665,299.95825
1881-01-01 00:00:00,35.837296,299.0394
1881-02-01 00:00:00,35.99805,298.37384
1881-03-01 00:00:00,36.098667,298.21945
1881-04-01 00:00:00,36.156425,298.4493
1881-05-01 00:00:00,36.183735,298.87698
1881-06-01 00:00:00,36.20129,299.50235
1881-07-01 00:00:00,36.210575,299.7428
1881-08-01 00:00:00,36.135723,300.02267
1881-09-01 00:00:00,35.991215000000004,300.35577
1881-10-01 00:00:00,35.866394,300.33105
1881-11-01 00:00:00,35.771564,300.08456
1881-12-01 00:00:00,35.807133,299.66455
1882-01-01 00:00:00,36.00817,298.69777999999997
1882-02-01 00:00:00,36.164913,297.94174
1882-03-01 00:00:00,36.225483000000004,297.6669
1882-04-01 00:00:00,36.21553,297.9988
1882-05-01 00:00:00,36.208656,298.39792
1882-06-01 00:00:00,36.18844,298.82583999999997
1882-07-01 00:00:00,36.130253,299.31165
1882-08-01 00:00:00,36.01933,299.77237
1882-09-01 00:00:00,35.881145000000004,300.14599999999996
1882-10-01 00:00:00,35.686091999999995,300.24466
1882-11-01 00:00:00,35.594592999999996,299.95792
1882-12-01 00:00:00,35.651806,299.3962
1883-01-01 00:00:00,35.854733,298.48343
1883-02-01 00:00:00,36.05515,297.7433
1883-03-01 00:00:00,36.146408,297.4859
1883-04-01 00:00:00,36.14921,297.62897000000004
1883-05-01 00:00:00,36.13113,298.22336
1883-06-01 00:00:00,36.128082,298.7772
1883-07-01 00:00:00,36.10423,299.279
1883-08-01 00:00:00,35.99718,299.53165
1883-09-01 00:00:00,35.769729999999996,299.957
1883-10-01 00:00:00,35.520237,300.0354
1883-11-01 00:00:00,35.44175,299.7529
1883-12-01 00:00:00,35.553222999999996,299.13272
1884-01-01 00:00:00,35.7886,298.26743
1884-02-01 00:00:00,35.986378,297.6291
1884-03-01 00:00:00,36.096992,297.37436
1884-04-01 00:00:00,36.142517,297.56628
1884-05-01 00:00:00,36.140026,298.11395
1884-06-01 00:00:00,36.15749,298.69955
1884-07-01 00:00:00,36.165890000000005,299.08282
1884-08-01 00:00:00,36.088497,299.36362
1884-09-01 00:00:00,35.901207,299.82333
1884-10-01 00:00:00,35.72043,299.957
1884-11-01 00:00:00,35.607376,299.86523
1884-12-01 00:00:00,35.65677,299.26392000000004
1885-01-01 00:00:00,35.840546,298.37122
1885-02-01 00:00:00,35.98297,297.8172
1885-03-01 00:00:00,36.110134,297.58304
1885-04-01 00:00:00,36.16748,297.97165
1885-05-01 00:00:00,36.18928,298.50687
1885-06-01 00:00:00,36.167713,299.0895
1885-07-01 00:00:00,36.145737,299.64583999999996
1885-08-01 00:00:00,36.10866,299.8583
1885-09-01 00:00:00,35.953297,300.11926
1885-10-01 00:00:00,35.731792,300.1526
1885-11-01 00:00:00,35.60937,300.18777
1885-12-01 00:00:00,35.677032000000004,299.83023
1886-01-01 00:00:00,35.878326,298.98386
1886-02-01 00:00:00,36.04448,298.15652
1886-03-01 00:00:00,36.11806,297.87523999999996
1886-04-01 00:00:00,36.139697999999996,298.08822999999995
1886-05-01 00:00:00,36.143326,298.49527
1886-06-01 00:00:00,36.149418,299.04532
1886-07-01 00:00:00,36.12605,299.39599999999996
1886-08-01 00:00:00,36.06859,299.72415
1886-09-01 00:00:00,35.955544,300.121
1886-10-01 00:00:00,35.859016,300.27103
1886-11-01 00:00:00,35.83047,299.96396
1886-12-01 00:00:00,35.896015000000006,299.33167000000003
1887-01-01 00:00:00,36.023037,298.62277
1887-02-01 00:00:00,36.19376,297.90775
1887-03-01 00:00:00,36.237423,297.69284
1887-04-01 00:00:00,36.216743,297.87967000000003
1887-05-01 00:00:00,36.187763000000004,298.40536000000003
1887-06-01 00:00:00,36.17926,298.92177999999996
1887-07-01 00:00:00,36.159252,299.27164
1887-08-01 00:00:00,36.0461,299.7291
1887-09-01 00:00:00,35.894923999999996,300.09854
1887-10-01 00:00:00,35.745518,300.13962000000004
1887-11-01 00:00:00,35.635616,299.7429
1887-12-01 00:00:00,35.676388,299.14883
1888-01-01 00:00:00,35.888115,298.28165
1888-02-01 00:00:00,36.053670000000004,297.6842
1888-03-01 00:00:00,36.14005,297.44656000000003
1888-04-01 00:00:00,36.138462,297.61804
1888-05-01 00:00:00,36.142067,298.09036000000003
1888-06-01 00:00:00,36.167343,298.6721
1888-07-01 00:00:00,36.180206,299.16177000000005
1888-08-01 00:00:00,36.077637,299.566
1888-09-01 00:00:00,35.952484000000005,300.02347000000003
1888-10-01 00:00:00,35.88135,300.23862
1888-11-01 00:00:00,35.84146,299.90157999999997
1888-12-01 00:00:00,35.853848,299.49835
1889-01-01 00:00:00,35.98495,298.85156
1889-02-01 00:00:00,36.175816,298.11377000000005
1889-03-01 00:00:00,36.239994,297.7341
1889-04-01 00:00:00,36.215332000000004,297.95776
1889-05-01 00:00:00,36.207676,298.5421
1889-06-01 00:00:00,36.21141,299.0265
1889-07-01 00:00:00,36.17497,299.2373
1889-08-01 00:00:00,36.017309999999995,299.71045
1889-09-01 00:00:00,35.82326,300.16098
1889-10-01 00:00:00,35.628994,300.17612
1889-11-01 00:00:00,35.489094,300.01212000000004
1889-12-01 00:00:00,35.542034,299.66806
1890-01-01 00:00:00,35.80061,298.8409
1890-02-01 00:00:00,36.006207,298.21768
1890-03-01 00:00:00,36.112823,297.97913
1890-04-01 00:00:00,36.18383,298.24054
1890-05-01 00:00:00,36.212109999999996,298.7585
1890-06-01 00:00:00,36.218506,299.12842
1890-07-01 00:00:00,36.17484,299.52727999999996
1890-08-01 00:00:00,36.034527000000004,299.76135
1890-09-01 00:00:00,35.838406,300.21887000000004
1890-10-01 00:00:00,35.610003999999996,300.26193
1890-11-01 00:00:00,35.454113,299.93652000000003
1890-12-01 00:00:00,35.515575,299.55936
1891-01-01 00:00:00,35.715115000000004,298.85986
1891-02-01 00:00:00,35.943893,298.12698
1891-03-01 00:00:00,36.044734999999996,297.9235
1891-04-01 00:00:00,36.07589,298.21133
1891-05-01 00:00:00,36.109165000000004,298.80737
1891-06-01 00:00:00,36.145958,299.30172999999996
1891-07-01 00:00:00,36.163776,299.60147
1891-08-01 00:00:00,36.099377000000004,299.9233
1891-09-01 00:00:00,35.959194000000004,300.23523
1891-10-01 00:00:00,35.83348,300.36832000000004
1891-11-01 00:00:00,35.7795,300.194
1891-12-01 00:00:00,35.88812,299.58737
1892-01-01 00:00:00,36.04817,298.60742
1892-02-01 00:00:00,36.156246,298.0447
1892-03-01 00:00:00,36.241837,297.72902999999997
1892-04-01 00:00:00,36.25308,297.8129
1892-05-01 00:00:00,36.22305,298.45682
1892-06-01 00:00:00,36.209765999999995,298.95255
1892-07-01 00:00:00,36.1984,299.32248
1892-08-01 00:00:00,36.09894,299.63535
1892-09-01 00:00:00,35.90504,299.99887
1892-10-01 00:00:00,35.720279999999995,300.0172
1892-11-01 00:00:00,35.626217,299.76852
1892-12-01 00:00:00,35.772133000000004,299.18408
1893-01-01 00:00:00,35.97587,298.44266
1893-02-01 00:00:00,36.12843,297.95596
1893-03-01 00:00:00,36.250706,297.64187999999996
1893-04-01 00:00:00,36.260567,297.9365
1893-05-01 00:00:00,36.232174,298.58105
1893-06-01 00:00:00,36.22638,299.06967000000003
1893-07-01 00:00:00,36.189995,299.46472
1893-08-01 00:00:00,36.087074,299.8165
1893-09-01 00:00:00,35.918147999999995,300.19272
1893-10-01 00:00:00,35.724323,300.3125
1893-11-01 00:00:00,35.566359999999996,300.11618
1893-12-01 00:00:00,35.555485,299.73044
1894-01-01 00:00:00,35.780445,298.92407000000003
1894-02-01 00:00:00,35.978840000000005,298.3037
1894-03-01 00:00:00,36.108684999999994,298.10645
1894-04-01 00:00:00,36.158276,298.30576
1894-05-01 00:00:00,36.174145,298.8557
1894-06-01 00:00:00,36.197628,299.42834
1894-07-01 00:00:00,36.19984,299.79257
1894-08-01 00:00:00,36.127514,300.24017000000003
1894-09-01 00:00:00,35.959247999999995,300.413
1894-10-01 00:00:00,35.739909999999995,300.61472000000003
1894-11-01 00:00:00,35.659859999999995,300.4177
1894-12-01 00:00:00,35.762104,299.77646
1895-01-01 00:00:00,35.951687,298.9173
1895-02-01 00:00:00,36.147366,298.04357999999996
1895-03-01 00:00:00,36.211209999999994,297.7852
1895-04-01 00:00:00,36.20256,298.12597999999997
1895-05-01 00:00:00,36.214237,298.50977
1895-06-01 00:00:00,36.193424,298.9242
1895-07-01 00:00:00,36.118390000000005,299.37665
1895-08-01 00:00:00,35.991474,299.68703999999997
1895-09-01 00:00:00,35.795868,300.12045
1895-10-01 00:00:00,35.640614,300.11728
1895-11-01 00:00:00,35.570503,299.84622
1895-12-01 00:00:00,35.672940000000004,299.3336
1896-01-01 00:00:00,35.866627,298.59533999999996
1896-02-01 00:00:00,36.076458,297.89127
1896-03-01 00:00:00,36.189236,297.5571
1896-04-01 00:00:00,36.21317,297.61312999999996
1896-05-01 00:00:00,36.17133,298.17624
1896-06-01 00:00:00,36.137553999999994,298.75597999999997
1896-07-01 00:00:00,36.101044,299.17037999999997
1896-08-01 00:00:00,35.99038,299.5043
1896-09-01 00:00:00,35.812534,300.03665
1896-10-01 00:00:00,35.667023,300.11368
1896-11-01 00:00:00,35.573944,299.71878
1896-12-01 00:00:00,35.650394,299.31192000000004
1897-01-01 00:00:00,35.87558,298.5522
1897-02-01 00:00:00,36.07184,297.92325
1897-03-01 00:00:00,36.17006,297.6425
1897-04-01 00:00:00,36.175594,297.8197
1897-05-01 00:00:00,36.16916,298.27078
1897-06-01 00:00:00,36.150074,298.91757
1897-07-01 00:00:00,36.160275,299.203
1897-08-01 00:00:00,36.073074,299.5977
1897-09-01 00:00:00,35.90371,300.06717000000003
1897-10-01 00:00:00,35.703182,300.14102
1897-11-01 00:00:00,35.58141,299.80386
1897-12-01 00:00:00,35.621674,299.35497999999995
1898-01-01 00:00:00,35.878937,298.43536
1898-02-01 00:00:00,36.078014,297.79166000000004
1898-03-01 00:00:00,36.180496000000005,297.55753
1898-04-01 00:00:00,36.188877000000005,298.0359
1898-05-01 00:00:00,36.215424,298.24014
1898-06-01 00:00:00,36.1888,299.09708
1898-07-01 00:00:00,36.18992,299.49744
1898-08-01 00:00:00,36.111374,299.78574
1898-09-01 00:00:00,35.896397,300.24472000000003
1898-10-01 00:00:00,35.68079,300.17776000000003
1898-11-01 00:00:00,35.540146,300.0471
1898-12-01 00:00:00,35.617542,299.78287
1899-01-01 00:00:00,35.865809999999996,298.8789
1899-02-01 00:00:00,36.061479999999996,298.1887
1899-03-01 00:00:00,36.12254,297.91797
1899-04-01 00:00:00,36.108517,298.08932000000004
1899-05-01 00:00:00,36.06465,298.724
1899-06-01 00:00:00,36.083725,299.22362999999996
1899-07-01 00:00:00,36.052082,299.50802999999996
1899-08-01 00:00:00,35.943737,299.79214
1899-09-01 00:00:00,35.744762,300.20132
1899-10-01 00:00:00,35.504803,300.1519
1899-11-01 00:00:00,35.385006,299.9738
1899-12-01 00:00:00,35.495056,299.45212000000004
1900-01-01 00:00:00,35.742053999999996,298.5655
1900-02-01 00:00:00,35.917202,298.001
1900-03-01 00:00:00,36.013233,297.82898
1900-04-01 00:00:00,36.038708,298.20328
1900-05-01 00:00:00,36.079784000000004,298.64412999999996
1900-06-01 00:00:00,36.115635,299.35904
1900-07-01 00:00:00,36.127544,299.59647
1900-08-01 00:00:00,36.079696999999996,299.98734
1900-09-01 00:00:00,35.999493,300.38315
1900-10-01 00:00:00,35.88902,300.39926
1900-11-01 00:00:00,35.783825,300.10284
1900-12-01 00:00:00,35.76591,299.83157
1901-01-01 00:00:00,35.97092,298.9641
1901-02-01 00:00:00,36.116577,298.36672999999996
1901-03-01 00:00:00,36.206043,298.07242
1901-04-01 00:00:00,36.200520000000004,298.2186
1901-05-01 00:00:00,36.145947,298.54900000000004
1901-06-01 00:00:00,36.111309999999996,299.06167999999997
1901-07-01 00:00:00,36.093002,299.6304
1901-08-01 00:00:00,36.002796000000004,299.9291
1901-09-01 00:00:00,35.822872,300.34972999999997
1901-10-01 00:00:00,35.61763,300.51672
1901-11-01 00:00:00,35.525352000000005,300.33325
1901-12-01 00:00:00,35.621696,299.70437999999996
1902-01-01 00:00:00,35.805859999999996,298.8064
1902-02-01 00:00:00,36.007095,297.96756
1902-03-01 00:00:00,36.110703,297.6333
1902-04-01 00:00:00,36.122890000000005,297.7809
1902-05-01 00:00:00,36.121365000000004,298.23526
1902-06-01 00:00:00,36.143887,298.8225
1902-07-01 00:00:00,36.12924,299.16797
1902-08-01 00:00:00,36.045759999999994,299.64902
1902-09-01 00:00:00,35.963345000000004,300.0775
1902-10-01 00:00:00,35.877644000000004,300.12537000000003
1902-11-01 00:00:00,35.818676,299.85257
1902-12-01 00:00:00,35.936040000000006,299.2311
1903-01-01 00:00:00,36.099567,298.45444
1903-02-01 00:00:00,36.2498,297.8143
1903-03-01 00:00:00,36.333725,297.3425
1903-04-01 00:00:00,36.279415,297.5724
1903-05-01 00:00:00,36.208828000000004,297.96924
1903-06-01 00:00:00,36.165295,298.55167
1903-07-01 00:00:00,36.12836,298.85922
1903-08-01 00:00:00,36.016987,299.42944
1903-09-01 00:00:00,35.837856,299.87692000000004
1903-10-01 00:00:00,35.658062,300.17697000000004
1903-11-01 00:00:00,35.537273,299.82302999999996
1903-12-01 00:00:00,35.596127,299.4093
1904-01-01 00:00:00,35.81416,298.6222
1904-02-01 00:00:00,35.970108,298.09216000000004
1904-03-01 00:00:00,36.09255,297.86014
1904-04-01 00:00:00,36.164967,297.96878
1904-05-01 00:00:00,36.176323,298.71072000000004
1904-06-01 00:00:00,36.16163,299.2278
1904-07-01 00:00:00,36.12345,299.66202000000004
1904-08-01 00:00:00,36.084503000000005,299.93422999999996
1904-09-01 00:00:00,35.955967,300.1919
1904-10-01 00:00:00,35.680454,300.21817000000004
1904-11-01 00:00:00,35.5189,300.1466
1904-12-01 00:00:00,35.58664,299.80532999999997
1905-01-01 00:00:00,35.837208000000004,298.90963999999997
1905-02-01 00:00:00,36.023983,298.27634
1905-03-01 00:00:00,36.117867,298.03717
1905-04-01 00:00:00,36.147808000000005,298.15903
1905-05-01 00:00:00,36.12061,298.74976000000004
1905-06-01 00:00:00,36.091244,299.0643
1905-07-01 00:00:00,36.089496999999994,299.51694
1905-08-01 00:00:00,36.043934,299.9047
1905-09-01 00:00:00,35.936752,300.26694
1905-10-01 00:00:00,35.788548,300.19315
1905-11-01 00:00:00,35.690166,299.9486
1905-12-01 00:00:00,35.736813,299.47562
1906-01-01 00:00:00,35.92064,298.59305
1906-02-01 00:00:00,36.070617999999996,297.7648
1906-03-01 00:00:00,36.106094,297.44894
1906-04-01 00:00:00,36.099743,297.7506
1906-05-01 00:00:00,36.107788,298.1931
1906-06-01 00:00:00,36.096484999999994,298.7081
1906-07-01 00:00:00,36.04116,299.11633
1906-08-01 00:00:00,35.9466,299.53833
1906-09-01 00:00:00,35.88624,299.94522
1906-10-01 00:00:00,35.841145000000004,299.96918
1906-11-01 00:00:00,35.801373,299.77475
1906-12-01 00:00:00,35.883205,299.17627000000005
1907-01-01 00:00:00,36.053387,298.34946
1907-02-01 00:00:00,36.217834,297.7101
1907-03-01 00:00:00,36.28175,297.40234
1907-04-01 00:00:00,36.271656,297.70592999999997
1907-05-01 00:00:00,36.25972,298.53604
1907-06-01 00:00:00,36.269721999999994,298.98287999999997
1907-07-01 00:00:00,36.178867,299.23627
1907-08-01 00:00:00,35.9761,299.6426
1907-09-01 00:00:00,35.745193,300.13552999999996
1907-10-01 00:00:00,35.522366,300.22202000000004
1907-11-01 00:00:00,35.369476,299.93246
1907-12-01 00:00:00,35.3925,299.62726000000004
1908-01-01 00:00:00,35.6865,298.75833
1908-02-01 00:00:00,35.93854,298.07052999999996
1908-03-01 00:00:00,36.076496,297.79703
1908-04-01 00:00:00,36.141624,297.92404
1908-05-01 00:00:00,36.134098,298.32153
1908-06-01 00:00:00,36.125847,298.84982
1908-07-01 00:00:00,36.14441,299.2472
1908-08-01 00:00:00,36.075977,299.71805
1908-09-01 00:00:00,35.97497,300.1268
1908-10-01 00:00:00,35.843136,300.28992
1908-11-01 00:00:00,35.766315000000006,300.18787000000003
1908-12-01 00:00:00,35.864222999999996,299.48322
1909-01-01 00:00:00,36.055603000000005,298.6514
1909-02-01 00:00:00,36.20558,297.97192
1909-03-01 00:00:00,36.271840000000005,297.8801
1909-04-01 00:00:00,36.317535,297.9536
1909-05-01 00:00:00,36.264507,298.49
1909-06-01 00:00:00,36.208453999999996,298.9828
1909-07-01 00:00:00,36.183215999999994,299.3337
1909-08-01 00:00:00,36.047665,299.7727
1909-09-01 00:00:00,35.7952,300.1866
1909-10-01 00:00:00,35.581425,300.2284
1909-11-01 00:00:00,35.46455,299.95364
1909-12-01 00:00:00,35.537083,299.4417
1910-01-01 00:00:00,35.787365,298.52725
1910-02-01 00:00:00,35.97425,297.90897
1910-03-01 00:00:00,36.070071999999996,297.67602999999997
1910-04-01 00:00:00,36.101383,297.9232
1910-05-01 00:00:00,36.101321999999996,298.33725
1910-06-01 00:00:00,36.082237,298.97165
1910-07-01 00:00:00,36.085888,299.37073
1910-08-01 00:00:00,36.031234999999995,299.68683
1910-09-01 00:00:00,35.913109999999996,300.14867999999996
1910-10-01 00:00:00,35.789629999999995,300.07645
1910-11-01 00:00:00,35.67422,299.80713
1910-12-01 00:00:00,35.674778,299.3962
1911-01-01 00:00:00,35.860996,298.63052000000005
1911-02-01 00:00:00,36.062145,297.87698
1911-03-01 00:00:00,36.13597,297.68234
1911-04-01 00:00:00,36.14958,298.0151
1911-05-01 00:00:00,36.175734999999996,298.40646
1911-06-01 00:00:00,36.188373999999996,298.97037
1911-07-01 00:00:00,36.164127,299.37485
1911-08-01 00:00:00,36.086582,299.67992999999996
1911-09-01 00:00:00,35.91915,300.1276
1911-10-01 00:00:00,35.754093,300.12802
1911-11-01 00:00:00,35.600853,300.06854
1911-12-01 00:00:00,35.664158,299.6915
1912-01-01 00:00:00,35.862606,298.82254
1912-02-01 00:00:00,36.00806,298.20715
1912-03-01 00:00:00,36.09859,298.0789
1912-04-01 00:00:00,36.144090000000006,298.1746
1912-05-01 00:00:00,36.1441,298.632
1912-06-01 00:00:00,36.130103999999996,299.34668
1912-07-01 00:00:00,36.157043,299.67606
1912-08-01 00:00:00,36.11708,300.06195
1912-09-01 00:00:00,35.953753999999996,300.43503
1912-10-01 00:00:00,35.710358,300.59354
1912-11-01 00:00:00,35.542645,300.3408
1912-12-01 00:00:00,35.610214,299.90573
1913-01-01 00:00:00,35.817867,299.04196
1913-02-01 00:00:00,36.060833,298.2105
1913-03-01 00:00:00,36.173473,297.84644
1913-04-01 00:00:00,36.181614,297.97507
1913-05-01 00:00:00,36.137863,298.25943
1913-06-01 00:00:00,36.105408000000004,298.9256
1913-07-01 00:00:00,36.082626,299.31662
1913-08-01 00:00:00,35.998447,299.7643
1913-09-01 00:00:00,35.879208,300.1856
1913-10-01 00:00:00,35.769946999999995,300.18152000000003
1913-11-01 00:00:00,35.682552,299.86185
1913-12-01 00:00:00,35.725826,299.29677999999996
1914-01-01 00:00:00,35.9286,298.5267
1914-02-01 00:00:00,36.11465,297.7236
1914-03-01 00:00:00,36.18233,297.53177
1914-04-01 00:00:00,36.166416,297.7935
1914-05-01 00:00:00,36.176144,298.33817
1914-06-01 00:00:00,36.179356,298.98764
1914-07-01 00:00:00,36.170967,299.3441
1914-08-01 00:00:00,36.058193,299.68845
1914-09-01 00:00:00,35.88178,300.11926
1914-10-01 00:00:00,35.765408,300.13687000000004
1914-11-01 00:00:00,35.71352,300.01437000000004
1914-12-01 00:00:00,35.78027,299.4211
1915-01-01 00:00:00,35.97052,298.546
1915-02-01 00:00:00,36.143932,297.84612999999996
1915-03-01 00:00:00,36.217240000000004,297.59024
1915-04-01 00:00:00,36.21159,297.83627
1915-05-01 00:00:00,36.191990000000004,298.5344
1915-06-01 00:00:00,36.201046000000005,299.16055
1915-07-01 00:00:00,36.17572,299.49197000000004
1915-08-01 00:00:00,36.06283,299.8881
1915-09-01 00:00:00,35.876743,300.3036
1915-10-01 00:00:00,35.609646000000005,300.39342999999997
1915-11-01 00:00:00,35.461674,300.36386
1915-12-01 00:00:00,35.555096,299.8051
1916-01-01 00:00:00,35.719227000000004,299.1452
1916-02-01 00:00:00,35.93897,298.5035
1916-03-01 00:00:00,36.084713,298.16104
1916-04-01 00:00:00,36.107975,298.5669
1916-05-01 00:00:00,36.120329999999996,298.98532
1916-06-01 00:00:00,36.125057,299.68607000000003
1916-07-01 00:00:00,36.156437,300.00903
1916-08-01 00:00:00,36.108788,300.27914
1916-09-01 00:00:00,35.994358,300.60537999999997
1916-10-01 00:00:00,35.865788,300.605
1916-11-01 00:00:00,35.743713,300.4303
1916-12-01 00:00:00,35.81394,299.9232
1917-01-01 00:00:00,36.017525,298.9086
1917-02-01 00:00:00,36.158590000000004,298.0413
1917-03-01 00:00:00,36.23881,297.5502
1917-04-01 00:00:00,36.223614000000005,297.6193
1917-05-01 00:00:00,36.172977,298.1467
1917-06-01 00:00:00,36.184536,298.7009
1917-07-01 00:00:00,36.18822,299.04953
1917-08-01 00:00:00,36.111057,299.45383
1917-09-01 00:00:00,36.01343,299.90972999999997
1917-10-01 00:00:00,35.984770000000005,299.86823
1917-11-01 00:00:00,35.966213,299.55197000000004
1917-12-01 00:00:00,35.992535,299.00818
1918-01-01 00:00:00,36.141636,298.12915
1918-02-01 00:00:00,36.245483,297.39285
1918-03-01 00:00:00,36.25477,297.19376
1918-04-01 00:00:00,36.222153000000006,297.259
1918-05-01 00:00:00,36.16479,297.68387
1918-06-01 00:00:00,36.098459999999996,298.4069
1918-07-01 00:00:00,36.03096,298.97722999999996
1918-08-01 00:00:00,35.856583,299.31766
1918-09-01 00:00:00,35.61235,299.824
1918-10-01 00:00:00,35.492816999999995,299.966
1918-11-01 00:00:00,35.475429999999996,299.76956
1918-12-01 00:00:00,35.585552,299.32925
1919-01-01 00:00:00,35.824375,298.43967000000004
1919-02-01 00:00:00,36.02166,297.76352
1919-03-01 00:00:00,36.14529,297.5157
1919-04-01 00:00:00,36.163082,297.60898
1919-05-01 00:00:00,36.165623,298.10074
1919-06-01 00:00:00,36.151270000000004,298.7048
1919-07-01 00:00:00,36.125813,298.9689
1919-08-01 00:00:00,36.00976,299.42032
1919-09-01 00:00:00,35.866703,299.8962
1919-10-01 00:00:00,35.750023,300.0928
1919-11-01 00:00:00,35.686977,299.66666000000004
1919-12-01 00:00:00,35.749126000000004,299.1962
1920-01-01 00:00:00,35.926937,298.42368
1920-02-01 00:00:00,36.071655,297.8646
1920-03-01 00:00:00,36.14945,297.73138
1920-04-01 00:00:00,36.189617,297.97556000000003
1920-05-01 00:00:00,36.21383,298.34485
1920-06-01 00:00:00,36.193996000000006,298.78476
1920-07-01 00:00:00,36.149628,299.25757000000004
1920-08-01 00:00:00,36.071853999999995,299.62054
1920-09-01 00:00:00,35.916187,300.06332000000003
1920-10-01 00:00:00,35.738968,300.22745
1920-11-01 00:00:00,35.61176,300.0992
1920-12-01 00:00:00,35.653736,299.67992999999996
1921-01-01 00:00:00,35.853035,298.99777
1921-02-01 00:00:00,36.056026,298.25372000000004
1921-03-01 00:00:00,36.12576,298.01248
1921-04-01 00:00:00,36.15713,298.2368
1921-05-01 00:00:00,36.15747,298.82016
1921-06-01 00:00:00,36.164577,299.30356
1921-07-01 00:00:00,36.169827000000005,299.78683
1921-08-01 00:00:00,36.131725,300.16247999999996
1921-09-01 00:00:00,36.00407,300.48837000000003
1921-10-01 00:00:00,35.805202,300.5649
1921-11-01 00:00:00,35.665264,300.29166000000004
1921-12-01 00:00:00,35.686768,299.8187
1922-01-01 00:00:00,35.914303000000004,298.9232
1922-02-01 00:00:00,36.09685,298.19998
1922-03-01 00:00:00,36.187298,297.86426
1922-04-01 00:00:00,36.198209999999996,297.93176
1922-05-01 00:00:00,36.170643,298.39236
1922-06-01 00:00:00,36.146877,298.98572
1922-07-01 00:00:00,36.13525,299.45935
1922-08-01 00:00:00,36.0558,299.91922
1922-09-01 00:00:00,35.917675,300.24658
1922-10-01 00:00:00,35.761165999999996,300.35605
1922-11-01 00:00:00,35.70069,300.14342999999997
1922-12-01 00:00:00,35.79307,299.68027
1923-01-01 00:00:00,35.999829999999996,298.87906
1923-02-01 00:00:00,36.174175,298.15848
1923-03-01 00:00:00,36.270396999999996,297.92825
1923-04-01 00:00:00,36.30318,298.11655
1923-05-01 00:00:00,36.259274,298.5552
1923-06-01 00:00:00,36.2354,299.07642000000004
1923-07-01 00:00:00,36.215816,299.51306
1923-08-01 00:00:00,36.132427,299.89517
1923-09-01 00:00:00,35.967632,300.38882
1923-10-01 00:00:00,35.687107,300.51614
1923-11-01 00:00:00,35.52447,300.2763
1923-12-01 00:00:00,35.603912,299.65536000000003
1924-01-01 00:00:00,35.83019,298.9092
1924-02-01 00:00:00,36.00418,298.27136
1924-03-01 00:00:00,36.114132,298.04177999999996
1924-04-01 00:00:00,36.165684000000006,298.20047
1924-05-01 00:00:00,36.160903999999995,298.95602
1924-06-01 00:00:00,36.15886,299.46423
1924-07-01 00:00:00,36.148148,299.87036
1924-08-01 00:00:00,36.049877,300.17017000000004
1924-09-01 00:00:00,35.875793,300.5093
1924-10-01 00:00:00,35.67208,300.66652999999997
1924-11-01 00:00:00,35.58228,300.47736000000003
1924-12-01 00:00:00,35.662678,299.88916
1925-01-01 00:00:00,35.858996999999995,299.0449
1925-02-01 00:00:00,36.067409999999995,298.21512
1925-03-01 00:00:00,36.18217,297.85233
1925-04-01 00:00:00,36.175537,298.04114
1925-05-01 00:00:00,36.132862,298.6227
1925-06-01 00:00:00,36.119324,299.31845
1925-07-01 00:00:00,36.112053,299.66513
1925-08-01 00:00:00,36.034534,299.99838
1925-09-01 00:00:00,35.832928,300.36044
1925-10-01 00:00:00,35.603794,300.4061
1925-11-01 00:00:00,35.483105,300.2438
1925-12-01 00:00:00,35.609623,299.71976
1926-01-01 00:00:00,35.803112,298.87732
1926-02-01 00:00:00,35.98614,298.19946
1926-03-01 00:00:00,36.09564,298.0059
1926-04-01 00:00:00,36.13898,298.2159
1926-05-01 00:00:00,36.10764,298.83792
1926-06-01 00:00:00,36.14377,299.45566
1926-07-01 00:00:00,36.172142,299.7817
1926-08-01 00:00:00,36.118970000000004,300.10086
1926-09-01 00:00:00,35.986065,300.49042000000003
1926-10-01 00:00:00,35.826065,300.59252999999995
1926-11-01 00:00:00,35.6887,300.38138
1926-12-01 00:00:00,35.7237,299.89304
1927-01-01 00:00:00,35.93837,298.98047
1927-02-01 00:00:00,36.105,298.39697
1927-03-01 00:00:00,36.240208,298.00397000000004
1927-04-01 00:00:00,36.263245,298.18445
1927-05-01 00:00:00,36.245293,298.5179
1927-06-01 00:00:00,36.213764000000005,299.1762
1927-07-01 00:00:00,36.157270000000004,299.64007999999995
1927-08-01 00:00:00,36.051105,300.10327
1927-09-01 00:00:00,35.917255,300.475
1927-10-01 00:00:00,35.780888,300.5059
1927-11-01 00:00:00,35.744442,300.34042
1927-12-01 00:00:00,35.841976,299.71848
1928-01-01 00:00:00,36.040079999999996,298.8988
1928-02-01 00:00:00,36.231133,298.043
1928-03-01 00:00:00,36.26817,297.86
1928-04-01 00:00:00,36.289433,297.91156
1928-05-01 00:00:00,36.2365,298.5723
1928-06-01 00:00:00,36.196796,299.32257000000004
1928-07-01 00:00:00,36.167294,299.65375
1928-08-01 00:00:00,36.031315,300.00656000000004
1928-09-01 00:00:00,35.803112,300.37827000000004
1928-10-01 00:00:00,35.535557,300.42166000000003
1928-11-01 00:00:00,35.38708,300.22482
1928-12-01 00:00:00,35.465603,299.80225
1929-01-01 00:00:00,35.69869,299.01974
1929-02-01 00:00:00,35.909622,298.3375
1929-03-01 00:00:00,36.015803999999996,298.09827
1929-04-01 00:00:00,36.02411,298.46013999999997
1929-05-01 00:00:00,36.036285,298.76514
1929-06-01 00:00:00,36.021343,299.3749
1929-07-01 00:00:00,36.031574,299.70142000000004
1929-08-01 00:00:00,35.98644,299.99716
1929-09-01 00:00:00,35.84193,300.46817000000004
1929-10-01 00:00:00,35.630295000000004,300.53815
1929-11-01 00:00:00,35.51187,300.2216
1929-12-01 00:00:00,35.584920000000004,299.77866
1930-01-01 00:00:00,35.82992,298.81876
1930-02-01 00:00:00,36.02698,297.97372
1930-03-01 00:00:00,36.10188,297.69382
1930-04-01 00:00:00,36.120090000000005,297.86478
1930-05-01 00:00:00,36.117844,298.31683
1930-06-01 00:00:00,36.104107,298.99597
1930-07-01 00:00:00,36.09187,299.3056
1930-08-01 00:00:00,35.96928,299.66714
1930-09-01 00:00:00,35.8085,300.1426
1930-10-01 00:00:00,35.71225,300.14767
1930-11-01 00:00:00,35.670593,299.88052000000005
1930-12-01 00:00:00,35.7381,299.36426
1931-01-01 00:00:00,35.95175,298.39532
1931-02-01 00:00:00,36.1109,297.67587000000003
1931-03-01 00:00:00,36.194275,297.4482
1931-04-01 00:00:00,36.222366,297.7145
1931-05-01 00:00:00,36.240677000000005,298.20862
1931-06-01 00:00:00,36.238620000000004,298.8749
1931-07-01 00:00:00,36.177258,299.12436
1931-08-01 00:00:00,36.01153,299.71362
1931-09-01 00:00:00,35.856559999999995,300.17526000000004
1931-10-01 00:00:00,35.674862,300.25467000000003
1931-11-01 00:00:00,35.57141,300.04294
1931-12-01 00:00:00,35.65211,299.50485
1932-01-01 00:00:00,35.882614000000004,298.65225
1932-02-01 00:00:00,36.07735,297.94815
1932-03-01 00:00:00,36.163532000000004,297.64813
1932-04-01 00:00:00,36.157818,297.89685
1932-05-01 00:00:00,36.149155,298.49414
1932-06-01 00:00:00,36.140915,298.98282
1932-07-01 00:00:00,36.110123,299.40146
1932-08-01 00:00:00,35.976440000000004,299.70193
1932-09-01 00:00:00,35.735737,300.1776
1932-10-01 00:00:00,35.46459,300.19016
1932-11-01 00:00:00,35.326096,300.02774
1932-12-01 00:00:00,35.429790000000004,299.51236
1933-01-01 00:00:00,35.673115,298.73053
1933-02-01 00:00:00,35.894,297.96457000000004
1933-03-01 00:00:00,36.0061,297.68152000000003
1933-04-01 00:00:00,36.017272999999996,297.86246
1933-05-01 00:00:00,35.991867,298.345
1933-06-01 00:00:00,35.99528,298.98734
1933-07-01 00:00:00,36.026146000000004,299.4287
1933-08-01 00:00:00,35.982456,299.84384
1933-09-01 00:00:00,35.83605,300.1854
1933-10-01 00:00:00,35.634995,300.3083
1933-11-01 00:00:00,35.508175,300.13403
1933-12-01 00:00:00,35.577853999999995,299.6175
1934-01-01 00:00:00,35.783466,298.92355
1934-02-01 00:00:00,35.991776,298.27148
1934-03-01 00:00:00,36.101257000000004,298.12332000000004
1934-04-01 00:00:00,36.14775,298.1649
1934-05-01 00:00:00,36.109478,298.6045
1934-06-01 00:00:00,36.11508,299.18674
1934-07-01 00:00:00,36.12768,299.60226
1934-08-01 00:00:00,36.071422999999996,299.87814
1934-09-01 00:00:00,35.937405,300.2757
1934-10-01 00:00:00,35.811609999999995,300.3142
1934-11-01 00:00:00,35.693020000000004,300.22925
1934-12-01 00:00:00,35.74775,299.74185
1935-01-01 00:00:00,35.960772999999996,298.7714
1935-02-01 00:00:00,36.136868,297.9266
1935-03-01 00:00:00,36.192029999999995,297.7228
1935-04-01 00:00:00,36.210842,298.009
1935-05-01 00:00:00,36.210052000000005,298.4979
1935-06-01 00:00:00,36.20856,298.89328
1935-07-01 00:00:00,36.149498,299.41614
1935-08-01 00:00:00,36.031178000000004,299.78925
1935-09-01 00:00:00,35.884632,300.24625
1935-10-01 00:00:00,35.772816,300.34476
1935-11-01 00:00:00,35.69545,300.23047
1935-12-01 00:00:00,35.80297,299.58822999999995
1936-01-01 00:00:00,35.990253,298.8048
1936-02-01 00:00:00,36.15483,298.21356000000003
1936-03-01 00:00:00,36.252559999999995,297.99234
1936-04-01 00:00:00,36.25976,298.2513
1936-05-01 00:00:00,36.24565,298.73105
1936-06-01 00:00:00,36.230920000000005,299.24133
1936-07-01 00:00:00,36.20263,299.6748
1936-08-01 00:00:00,36.092335,299.98026
1936-09-01 00:00:00,35.884888000000004,300.34583
1936-10-01 00:00:00,35.640347,300.4464
1936-11-01 00:00:00,35.51742,300.35916000000003
1936-12-01 00:00:00,35.638020000000004,299.64096
1937-01-01 00:00:00,35.878009999999996,298.63632
1937-02-01 00:00:00,36.050262,297.84583
1937-03-01 00:00:00,36.140182,297.60745
1937-04-01 00:00:00,36.15025,297.8015
1937-05-01 00:00:00,36.158115,298.36777
1937-06-01 00:00:00,36.16525,298.97058
1937-07-01 00:00:00,36.153620000000004,299.3901
1937-08-01 00:00:00,36.072998,299.8983
1937-09-01 00:00:00,35.937405,300.2644
1937-10-01 00:00:00,35.786114000000005,300.45248
1937-11-01 00:00:00,35.72637,300.43484
1937-12-01 00:00:00,35.815273,299.85648
1938-01-01 00:00:00,35.976593,299.03656
1938-02-01 00:00:00,36.16153,298.33914
1938-03-01 00:00:00,36.230746999999994,298.16016
1938-04-01 00:00:00,36.265854,298.23922999999996
1938-05-01 00:00:00,36.232937,298.7963
1938-06-01 00:00:00,36.210102,299.2498
1938-07-01 00:00:00,36.182247,299.62766
1938-08-01 00:00:00,36.0838,300.02634
1938-09-01 00:00:00,35.90795,300.52347000000003
1938-10-01 00:00:00,35.756805,300.59772000000004
1938-11-01 00:00:00,35.633686,300.28612999999996
1938-12-01 00:00:00,35.72926,299.81302
1939-01-01 00:00:00,35.938686,299.01099999999997
1939-02-01 00:00:00,36.129597,298.3355
1939-03-01 00:00:00,36.21277,298.06802000000005
1939-04-01 00:00:00,36.21074,298.31307999999996
1939-05-01 00:00:00,36.191948,298.67252
1939-06-01 00:00:00,36.17197,299.2053
1939-07-01 00:00:00,36.178204,299.57794
1939-08-01 00:00:00,36.099144,299.8477
1939-09-01 00:00:00,35.950336,300.18582000000004
1939-10-01 00:00:00,35.745853000000004,300.32223999999997
1939-11-01 00:00:00,35.61728,300.21982
1939-12-01 00:00:00,35.652874,299.7206
1940-01-01 00:00:00,35.86418,298.9528
1940-02-01 00:00:00,36.046690000000005,298.35474
1940-03-01 00:00:00,36.151385999999995,298.12408
1940-04-01 00:00:00,36.178622999999995,298.33243
1940-05-01 00:00:00,36.172965999999995,298.8204
1940-06-01 00:00:00,36.167225,299.3314
1940-07-01 00:00:00,36.14484,299.7484
1940-08-01 00:00:00,36.09618,300.04593
1940-09-01 00:00:00,35.962894,300.36947999999995
1940-10-01 00:00:00,35.72588,300.58542
1940-11-01 00:00:00,35.573124,300.49472000000003
1940-12-01 00:00:00,35.65757,300.06116000000003
1941-01-01 00:00:00,35.906063,299.09
1941-02-01 00:00:00,36.09085,298.47244
1941-03-01 00:00:00,36.2111,298.09598
1941-04-01 00:00:00,36.22748,298.17065
1941-05-01 00:00:00,36.21417,298.69785
1941-06-01 00:00:00,36.225048,299.3323
1941-07-01 00:00:00,36.224815,299.6892
1941-08-01 00:00:00,36.1189,300.014
1941-09-01 00:00:00,35.972836,300.4568
1941-10-01 00:00:00,35.875362,300.51572000000004
1941-11-01 00:00:00,35.781033,300.41907000000003
1941-12-01 00:00:00,35.876785,299.78775
1942-01-01 00:00:00,36.085377,298.90152
1942-02-01 00:00:00,36.23834,298.35452000000004
1942-03-01 00:00:00,36.32366,298.17273
1942-04-01 00:00:00,36.326664,298.4474
1942-05-01 00:00:00,36.32237,298.7776
1942-06-01 00:00:00,36.2738,299.1508
1942-07-01 00:00:00,36.201846999999994,299.63732999999996
1942-08-01 00:00:00,36.07698,300.05203
1942-09-01 00:00:00,35.90873,300.41757
1942-10-01 00:00:00,35.707188,300.5112
1942-11-01 00:00:00,35.58466,300.2134
1942-12-01 00:00:00,35.635426,299.7123
1943-01-01 00:00:00,35.865520000000004,298.8079
1943-02-01 00:00:00,36.073208,298.1144
1943-03-01 00:00:00,36.183964,297.94467000000003
1943-04-01 00:00:00,36.18565,298.27752999999996
1943-05-01 00:00:00,36.192516,298.83884
1943-06-01 00:00:00,36.19898,299.10898
1943-07-01 00:00:00,36.14803,299.52847
1943-08-01 00:00:00,36.003384000000004,299.92508
1943-09-01 00:00:00,35.773052,300.27292
1943-10-01 00:00:00,35.475266,300.47586
1943-11-01 00:00:00,35.363506,300.38455
1943-12-01 00:00:00,35.495686,300.00223
1944-01-01 00:00:00,35.771770000000004,299.2173
1944-02-01 00:00:00,35.97813,298.52365
1944-03-01 00:00:00,36.119545,298.2777
1944-04-01 00:00:00,36.1557,298.45007000000004
1944-05-01 00:00:00,36.15195,298.7976
1944-06-01 00:00:00,36.16026,299.1966
1944-07-01 00:00:00,36.135670000000005,299.59506
1944-08-01 00:00:00,36.034317,300.11182
1944-09-01 00:00:00,35.886097,300.46732000000003
1944-10-01 00:00:00,35.6869,300.46582
1944-11-01 00:00:00,35.62738,300.1113
1944-12-01 00:00:00,35.71715,299.71622
1945-01-01 00:00:00,35.969513,298.8342
1945-02-01 00:00:00,36.143833,298.09238
1945-03-01 00:00:00,36.209247999999995,297.96176
1945-04-01 00:00:00,36.223186,298.2119
1945-05-01 00:00:00,36.20373,298.60526
1945-06-01 00:00:00,36.156815,299.32767
1945-07-01 00:00:00,36.147495,299.71146
1945-08-01 00:00:00,36.02799,299.94547
1945-09-01 00:00:00,35.87966,300.32785
1945-10-01 00:00:00,35.72421,300.3489
1945-11-01 00:00:00,35.606777,300.13336
1945-12-01 00:00:00,35.709156,299.6567
1946-01-01 00:00:00,35.938686,298.68445
1946-02-01 00:00:00,36.097485,298.00912
1946-03-01 00:00:00,36.17779,297.80905
1946-04-01 00:00:00,36.188953000000005,298.16476
1946-05-01 00:00:00,36.214573,298.58023
1946-06-01 00:00:00,36.202164,299.31903
1946-07-01 00:00:00,36.171383,299.7046
1946-08-01 00:00:00,36.077927,300.02515
1946-09-01 00:00:00,35.87205,300.4907
1946-10-01 00:00:00,35.677166,300.5465
1946-11-01 00:00:00,35.611416,300.3947
1946-12-01 00:00:00,35.693042999999996,299.74576
1947-01-01 00:00:00,35.89375,298.70224
1947-02-01 00:00:00,36.029224,297.9922
1947-03-01 00:00:00,36.098267,297.6991
1947-04-01 00:00:00,36.108273,297.87656
1947-05-01 00:00:00,36.064976,298.50133999999997
1947-06-01 00:00:00,36.06743,298.93674
1947-07-01 00:00:00,36.075687,299.3246
1947-08-01 00:00:00,35.99068,299.75513
1947-09-01 00:00:00,35.867909999999995,300.21997000000005
1947-10-01 00:00:00,35.75898,300.37595
1947-11-01 00:00:00,35.681908,300.15552
1947-12-01 00:00:00,35.778152,299.51108
1948-01-01 00:00:00,35.96522,298.70538
1948-02-01 00:00:00,36.158916,297.93953999999997
1948-03-01 00:00:00,36.23863,297.74655
1948-04-01 00:00:00,36.260329999999996,297.8915
1948-05-01 00:00:00,36.241245,298.36575
1948-06-01 00:00:00,36.19708,299.1158
1948-07-01 00:00:00,36.193740000000005,299.42398
1948-08-01 00:00:00,36.121586,299.76242
1948-09-01 00:00:00,35.964527000000004,300.19527999999997
1948-10-01 00:00:00,35.738575,300.2858
1948-11-01 00:00:00,35.579952,300.18265
1948-12-01 00:00:00,35.635395,299.54456
1949-01-01 00:00:00,35.784817,298.75266
1949-02-01 00:00:00,35.94514,298.1439
1949-03-01 00:00:00,36.08903,297.89187999999996
1949-04-01 00:00:00,36.12405,298.09045
1949-05-01 00:00:00,36.097122,298.52133
1949-06-01 00:00:00,36.072903000000004,299.08099999999996
1949-07-01 00:00:00,36.06905,299.56845
1949-08-01 00:00:00,36.007259999999995,299.99338
1949-09-01 00:00:00,35.858917,300.4132
1949-10-01 00:00:00,35.673046,300.40466000000004
1949-11-01 00:00:00,35.53564,300.2789
1949-12-01 00:00:00,35.61993,299.75146
1950-01-01 00:00:00,35.864796000000005,298.80545
1950-02-01 00:00:00,36.036037,298.13916
1950-03-01 00:00:00,36.134933000000004,297.86124
1950-04-01 00:00:00,36.185337,297.90915
1950-05-01 00:00:00,36.15623,298.36514
1950-06-01 00:00:00,36.134975,298.92172
1950-07-01 00:00:00,36.125732,299.39417000000003
1950-08-01 00:00:00,36.03497,299.79312000000004
1950-09-01 00:00:00,35.85965,300.20687999999996
1950-10-01 00:00:00,35.7036,300.31872999999996
1950-11-01 00:00:00,35.645977,300.04677999999996
1950-12-01 00:00:00,35.71373,299.60495
1951-01-01 00:00:00,35.913086,298.74515
1951-02-01 00:00:00,36.11415,297.99597
1951-03-01 00:00:00,36.2077,297.74234
1951-04-01 00:00:00,36.203182,297.818
1951-05-01 00:00:00,36.16493,298.21896
1951-06-01 00:00:00,36.123515999999995,298.73843
1951-07-01 00:00:00,36.059566,299.06847999999997
1951-08-01 00:00:00,35.9075,299.61652000000004
1951-09-01 00:00:00,35.715862,300.1388
1951-10-01 00:00:00,35.577965,300.34292999999997
1951-11-01 00:00:00,35.54291,300.14426000000003
1951-12-01 00:00:00,35.68555,299.6029
1952-01-01 00:00:00,35.896896000000005,298.6606
1952-02-01 00:00:00,36.06792,297.9435
1952-03-01 00:00:00,36.165504,297.62756
1952-04-01 00:00:00,36.174240000000005,297.89017
1952-05-01 00:00:00,36.187527,298.53986000000003
1952-06-01 00:00:00,36.204983,298.94363
1952-07-01 00:00:00,36.152573,299.3304
1952-08-01 00:00:00,36.039837,299.75336
1952-09-01 00:00:00,35.918034000000006,300.211
1952-10-01 00:00:00,35.784459999999996,300.2377
1952-11-01 00:00:00,35.636134999999996,300.0797
1952-12-01 00:00:00,35.699065999999995,299.6453
1953-01-01 00:00:00,35.915413,298.76578
1953-02-01 00:00:00,36.07418,298.1453
1953-03-01 00:00:00,36.171337,297.92972000000003
1953-04-01 00:00:00,36.195071999999996,298.24127000000004
1953-05-01 00:00:00,36.186609999999995,298.89218
1953-06-01 00:00:00,36.19008,299.4105
1953-07-01 00:00:00,36.162929999999996,299.81516
1953-08-01 00:00:00,36.050594,300.0149
1953-09-01 00:00:00,35.844315,300.41077
1953-10-01 00:00:00,35.60248,300.59937
1953-11-01 00:00:00,35.487377,300.4578
1953-12-01 00:00:00,35.548832,299.95975
1954-01-01 00:00:00,35.765335,298.9846
1954-02-01 00:00:00,35.937172,298.20482999999996
1954-03-01 00:00:00,36.02223,298.08267
1954-04-01 00:00:00,36.076687,298.27588
1954-05-01 00:00:00,36.080494,298.91986
1954-06-01 00:00:00,36.11343,299.54282
1954-07-01 00:00:00,36.147459999999995,299.86197000000004
1954-08-01 00:00:00,36.101673,300.25717000000003
1954-09-01 00:00:00,36.003006,300.5698
1954-10-01 00:00:00,35.866924,300.52475
1954-11-01 00:00:00,35.737809999999996,300.3677
1954-12-01 00:00:00,35.772186,299.80667
1955-01-01 00:00:00,35.919937,299.0797
1955-02-01 00:00:00,36.051025,298.51797
1955-03-01 00:00:00,36.14501,298.20993
1955-04-01 00:00:00,36.191532,298.1799
1955-05-01 00:00:00,36.175205,298.613
1955-06-01 00:00:00,36.172134,299.26138
1955-07-01 00:00:00,36.19147,299.5476
1955-08-01 00:00:00,36.138683,299.80383
1955-09-01 00:00:00,36.025659999999995,300.2325
1955-10-01 00:00:00,35.930298,300.2788
1955-11-01 00:00:00,35.85429,300.09882000000005
1955-12-01 00:00:00,35.956179999999996,299.36734
1956-01-01 00:00:00,36.116116,298.52396
1956-02-01 00:00:00,36.244125,297.80093
1956-03-01 00:00:00,36.290127000000005,297.6643
1956-04-01 00:00:00,36.307903,297.78882000000004
1956-05-01 00:00:00,36.305454,298.27907999999996
1956-06-01 00:00:00,36.289845,298.9564
1956-07-01 00:00:00,36.264571999999994,299.2582
1956-08-01 00:00:00,36.161316,299.6627
1956-09-01 00:00:00,36.0533,300.10803
1956-10-01 00:00:00,35.993958,300.13406000000003
1956-11-01 00:00:00,35.939976,299.90682999999996
1956-12-01 00:00:00,35.94763,299.4524
1957-01-01 00:00:00,36.09709,298.62497
1957-02-01 00:00:00,36.249302,297.87557999999996
1957-03-01 00:00:00,36.28581,297.7639
1957-04-01 00:00:00,36.29637,297.85733
1957-05-01 00:00:00,36.270237,298.32272
1957-06-01 00:00:00,36.235275,298.90536000000003
1957-07-01 00:00:00,36.178540000000005,299.27438
1957-08-01 00:00:00,36.04846,299.66200000000003
1957-09-01 00:00:00,35.908359999999995,300.10852
1957-10-01 00:00:00,35.836033,300.2267
1957-11-01 00:00:00,35.781605,300.03333
1957-12-01 00:00:00,35.80726,299.71423
1958-01-01 00:00:00,36.010548,298.80142
1958-02-01 00:00:00,36.146606,298.12557999999996
1958-03-01 00:00:00,36.228603,297.91672
1958-04-01 00:00:00,36.231358,298.33737
1958-05-01 00:00:00,36.245945,298.77676
1958-06-01 00:00:00,36.223026000000004,299.2539
1958-07-01 00:00:00,36.16042,299.5989
1958-08-01 00:00:00,36.038208000000004,299.9337
1958-09-01 00:00:00,35.82268,300.35200000000003
1958-10-01 00:00:00,35.54926,300.5713
1958-11-01 00:00:00,35.411471999999996,300.28232
1958-12-01 00:00:00,35.479153000000004,299.87987999999996
1959-01-01 00:00:00,35.74783,299.11142
1959-02-01 00:00:00,35.966625,298.47708
1959-03-01 00:00:00,36.081720000000004,298.25864
1959-04-01 00:00:00,36.11984,298.36287999999996
1959-05-01 00:00:00,36.108616,298.74756
1959-06-01 00:00:00,36.10712,299.1694
1959-07-01 00:00:00,36.126709999999996,299.6769
1959-08-01 00:00:00,36.10001,300.01178
1959-09-01 00:00:00,35.989253999999995,300.37366000000003
1959-10-01 00:00:00,35.829235,300.41623
1959-11-01 00:00:00,35.71895,300.2445
1959-12-01 00:00:00,35.79262,299.77628
1960-01-01 00:00:00,35.96771,298.94656000000003
1960-02-01 00:00:00,36.117313,298.30234
1960-03-01 00:00:00,36.18788,298.10095
1960-04-01 00:00:00,36.19685,298.32242
1960-05-01 00:00:00,36.19252,298.73276
1960-06-01 00:00:00,36.16066,299.28336
1960-07-01 00:00:00,36.135532,299.59827
1960-08-01 00:00:00,36.053806,299.99158
1960-09-01 00:00:00,35.897490000000005,300.3628
1960-10-01 00:00:00,35.713159999999995,300.35095
1960-11-01 00:00:00,35.64564,300.1732
1960-12-01 00:00:00,35.741405,299.70056
1961-01-01 00:00:00,35.988735,298.67136
1961-02-01 00:00:00,36.13055,298.0853
1961-03-01 00:00:00,36.21448,297.8125
1961-04-01 00:00:00,36.196377000000005,297.97446
1961-05-01 00:00:00,36.211056,298.353
1961-06-01 00:00:00,36.23792,298.95224
1961-07-01 00:00:00,36.22981,299.38004
1961-08-01 00:00:00,36.1368,299.8464
1961-09-01 00:00:00,35.968887,300.25232
1961-10-01 00:00:00,35.85738,300.30203
1961-11-01 00:00:00,35.80984,300.18344
1961-12-01 00:00:00,35.87112,299.6111
1962-01-01 00:00:00,36.043377,298.80945
1962-02-01 00:00:00,36.20386,297.98032
1962-03-01 00:00:00,36.221379999999996,297.81784
1962-04-01 00:00:00,36.214591999999996,297.98184
1962-05-01 00:00:00,36.20422,298.65482000000003
1962-06-01 00:00:00,36.232479999999995,298.96924
1962-07-01 00:00:00,36.18488,299.2228
1962-08-01 00:00:00,36.03722,299.72684
1962-09-01 00:00:00,35.91115,300.1979
1962-10-01 00:00:00,35.816906,300.31366
1962-11-01 00:00:00,35.74608,300.0894
1962-12-01 00:00:00,35.78795,299.55615
1963-01-01 00:00:00,35.96581,298.72677999999996
1963-02-01 00:00:00,36.118027000000005,298.09207000000004
1963-03-01 00:00:00,36.215990000000005,297.76273
1963-04-01 00:00:00,36.237003,297.93417
1963-05-01 00:00:00,36.244984,298.3014
1963-06-01 00:00:00,36.2412,298.89407
1963-07-01 00:00:00,36.223278,299.41513
1963-08-01 00:00:00,36.123314,299.72525
1963-09-01 00:00:00,35.950874,300.0117
1963-10-01 00:00:00,35.75873,300.1122
1963-11-01 00:00:00,35.671203999999996,299.89258
1963-12-01 00:00:00,35.750713,299.1404
1964-01-01 00:00:00,35.8962,298.22852
1964-02-01 00:00:00,36.05494,297.65515
1964-03-01 00:00:00,36.161804,297.47006
1964-04-01 00:00:00,36.206875,297.55548
1964-05-01 00:00:00,36.170116,298.08267
1964-06-01 00:00:00,36.156544,298.70844
1964-07-01 00:00:00,36.136414,299.171
1964-08-01 00:00:00,36.02183,299.59802
1964-09-01 00:00:00,35.82902,300.01135
1964-10-01 00:00:00,35.683094,300.2139
1964-11-01 00:00:00,35.622935999999996,300.12982
1964-12-01 00:00:00,35.74723,299.63818
1965-01-01 00:00:00,35.92544,298.7194
1965-02-01 00:00:00,36.042854,298.23904
1965-03-01 00:00:00,36.15452,298.04107999999997
1965-04-01 00:00:00,36.187405,298.33267
1965-05-01 00:00:00,36.18585,298.60904
1965-06-01 00:00:00,36.141754,299.26697
1965-07-01 00:00:00,36.120166999999995,299.74863
1965-08-01 00:00:00,36.074608000000005,300.0532
1965-09-01 00:00:00,35.943768,300.37195
1965-10-01 00:00:00,35.75558,300.60965
1965-11-01 00:00:00,35.646159999999995,300.26096
1965-12-01 00:00:00,35.69473,299.78002999999995
1966-01-01 00:00:00,35.855391999999995,299.04703
1966-02-01 00:00:00,36.04459,298.35213999999996
1966-03-01 00:00:00,36.142303000000005,298.09182999999996
1966-04-01 00:00:00,36.169643,298.3525
1966-05-01 00:00:00,36.182575,298.8011
1966-06-01 00:00:00,36.199696,299.3586
1966-07-01 00:00:00,36.233585,299.7455
1966-08-01 00:00:00,36.159607,300.08328
1966-09-01 00:00:00,36.012264,300.42917
1966-10-01 00:00:00,35.87619,300.36047
1966-11-01 00:00:00,35.809321999999995,300.25952
1966-12-01 00:00:00,35.913654,299.5359
1967-01-01 00:00:00,36.07367,298.72995
1967-02-01 00:00:00,36.256122999999995,297.85582999999997
1967-03-01 00:00:00,36.300526,297.40677
1967-04-01 00:00:00,36.189743,297.46432000000004
1967-05-01 00:00:00,36.106396000000004,298.13527999999997
1967-06-01 00:00:00,36.0984,298.9315
1967-07-01 00:00:00,36.069183,299.3192
1967-08-01 00:00:00,35.9276,299.7017
1967-09-01 00:00:00,35.7639,300.1031
1967-10-01 00:00:00,35.600933000000005,300.23953
1967-11-01 00:00:00,35.522059999999996,300.1295
1967-12-01 00:00:00,35.619717,299.62466
1968-01-01 00:00:00,35.859984999999995,298.70447
1968-02-01 00:00:00,36.036327,298.0221
1968-03-01 00:00:00,36.130993,297.6602
1968-04-01 00:00:00,36.125454,297.83167000000003
1968-05-01 00:00:00,36.10635,298.30325
1968-06-01 00:00:00,36.097797,298.824
1968-07-01 00:00:00,36.065265999999994,299.16733
1968-08-01 00:00:00,35.936496999999996,299.5885
1968-09-01 00:00:00,35.8252,300.08707000000004
1968-10-01 00:00:00,35.766376,300.01425
1968-11-01 00:00:00,35.662975,299.91586
1968-12-01 00:00:00,35.73453,299.30942000000005
1969-01-01 00:00:00,35.904872999999995,298.41927999999996
1969-02-01 00:00:00,36.055679999999995,297.77817000000005
1969-03-01 00:00:00,36.10902,297.59274
1969-04-01 00:00:00,36.1086,297.88858
1969-05-01 00:00:00,36.101867999999996,298.48400000000004
1969-06-01 00:00:00,36.11513,298.86352999999997
1969-07-01 00:00:00,36.089672,299.14346
1969-08-01 00:00:00,35.965908,299.51932
1969-09-01 00:00:00,35.80239,299.8855
1969-10-01 00:00:00,35.5625,300.1299
1969-11-01 00:00:00,35.427820000000004,299.89294
1969-12-01 00:00:00,35.557311999999996,299.44113
1970-01-01 00:00:00,35.816433,298.5098
1970-02-01 00:00:00,35.989407,297.83957000000004
1970-03-01 00:00:00,36.06592,297.64676000000003
1970-04-01 00:00:00,36.12733,297.89627
1970-05-01 00:00:00,36.162690000000005,298.28357
1970-06-01 00:00:00,36.172638,298.80502
1970-07-01 00:00:00,36.160877,299.186
1970-08-01 00:00:00,36.08344,299.58682000000005
1970-09-01 00:00:00,35.9688,300.1175
1970-10-01 00:00:00,35.863613,300.31482
1970-11-01 00:00:00,35.784595,299.9541
1970-12-01 00:00:00,35.762707,299.58875
1971-01-01 00:00:00,35.935272,298.8855
1971-02-01 00:00:00,36.10083,298.10434
1971-03-01 00:00:00,36.16359,297.8724
1971-04-01 00:00:00,36.16109,298.0393
1971-05-01 00:00:00,36.123707,298.48400000000004
1971-06-01 00:00:00,36.13364,299.04684
1971-07-01 00:00:00,36.14198,299.59512
1971-08-01 00:00:00,36.07829,299.8038
1971-09-01 00:00:00,35.954365,300.0955
1971-10-01 00:00:00,35.832905,300.1611
1971-11-01 00:00:00,35.726765,299.9375
1971-12-01 00:00:00,35.793232,299.41605
1972-01-01 00:00:00,35.9688,298.5056
1972-02-01 00:00:00,36.122386999999996,297.69772
1972-03-01 00:00:00,36.167057,297.42245
1972-04-01 00:00:00,36.165462,297.44638
1972-05-01 00:00:00,36.148716,297.96432000000004
1972-06-01 00:00:00,36.168915000000005,298.55435
1972-07-01 00:00:00,36.152542,298.98584
1972-08-01 00:00:00,36.070675,299.4995
1972-09-01 00:00:00,36.0119,300.06516
1972-10-01 00:00:00,36.015840000000004,300.14536
1972-11-01 00:00:00,36.005806,299.889
1972-12-01 00:00:00,36.03529,299.3213
1973-01-01 00:00:00,36.20847,298.4207
1973-02-01 00:00:00,36.310673,297.68387
1973-03-01 00:00:00,36.340794,297.38599999999997
1973-04-01 00:00:00,36.297005,297.48087000000004
1973-05-01 00:00:00,36.23146,297.96948
1973-06-01 00:00:00,36.185629999999996,298.6436
1973-07-01 00:00:00,36.134840000000004,299.13864
1973-08-01 00:00:00,36.011593,299.45667000000003
1973-09-01 00:00:00,35.848057,299.9673
1973-10-01 00:00:00,35.723804,300.09042
1973-11-01 00:00:00,35.663563,299.9049
1973-12-01 00:00:00,35.68735,299.5122
1974-01-01 00:00:00,35.900496999999994,298.78735
1974-02-01 00:00:00,36.077763,298.09933
1974-03-01 00:00:00,36.143784000000004,298.02756
1974-04-01 00:00:00,36.204456,298.14676000000003
1974-05-01 00:00:00,36.205585,298.66455
1974-06-01 00:00:00,36.190197,299.33737
1974-07-01 00:00:00,36.183075,299.71786000000003
1974-08-01 00:00:00,36.089706,300.02762
1974-09-01 00:00:00,35.883884,300.47202000000004
1974-10-01 00:00:00,35.639435,300.52426
1974-11-01 00:00:00,35.480198,300.46072000000004
1974-12-01 00:00:00,35.52364,300.02013999999997
1975-01-01 00:00:00,35.763973,299.17447000000004
1975-02-01 00:00:00,35.971940000000004,298.42395
1975-03-01 00:00:00,36.047996999999995,298.15454
1975-04-01 00:00:00,36.077457,298.2374
1975-05-01 00:00:00,36.062664,298.61877000000004
1975-06-01 00:00:00,36.052895,299.1832
1975-07-01 00:00:00,36.059956,299.6155
1975-08-01 00:00:00,36.026720000000005,299.87503
1975-09-01 00:00:00,35.932808,300.3422
1975-10-01 00:00:00,35.801342,300.39197
1975-11-01 00:00:00,35.70364,300.05405
1975-12-01 00:00:00,35.716824,299.48502
1976-01-01 00:00:00,35.889829999999996,298.72156
1976-02-01 00:00:00,36.075485,298.00842
1976-03-01 00:00:00,36.1629,297.71878
1976-04-01 00:00:00,36.181872999999996,297.68866
1976-05-01 00:00:00,36.158390000000004,298.283
1976-06-01 00:00:00,36.172115000000005,298.85867
1976-07-01 00:00:00,36.16879,299.31644
1976-08-01 00:00:00,36.08324,299.7188
1976-09-01 00:00:00,35.957657,300.16745
1976-10-01 00:00:00,35.868557,300.2537
1976-11-01 00:00:00,35.823788,300.0533
1976-12-01 00:00:00,35.861965000000005,299.32468
1977-01-01 00:00:00,36.049976,298.3876
1977-02-01 00:00:00,36.187121999999995,297.66832999999997
1977-03-01 00:00:00,36.235943,297.38867
1977-04-01 00:00:00,36.216396,297.61014
1977-05-01 00:00:00,36.19484,298.24854
1977-06-01 00:00:00,36.19454,298.91116
1977-07-01 00:00:00,36.179072999999995,299.27335
1977-08-01 00:00:00,36.07611,299.66107
1977-09-01 00:00:00,35.954678,300.17496
1977-10-01 00:00:00,35.88528,300.2156
1977-11-01 00:00:00,35.812603,300.01694
1977-12-01 00:00:00,35.857483,299.70926000000003
1978-01-01 00:00:00,36.054809999999996,298.8829
1978-02-01 00:00:00,36.204433,298.16553
1978-03-01 00:00:00,36.27319,297.8308
1978-04-01 00:00:00,36.25009,297.7487
1978-05-01 00:00:00,36.187622,298.2798
1978-06-01 00:00:00,36.169395,298.87946
1978-07-01 00:00:00,36.169346000000004,299.3422
1978-08-01 00:00:00,36.112553000000005,299.6343
1978-09-01 00:00:00,35.949203000000004,300.13525
1978-10-01 00:00:00,35.783676,300.3607
1978-11-01 00:00:00,35.680702000000004,300.12936
1978-12-01 00:00:00,35.759274,299.55054
1979-01-01 00:00:00,35.9521,298.7428
1979-02-01 00:00:00,36.091633,298.0541
1979-03-01 00:00:00,36.151973999999996,297.93582000000004
1979-04-01 00:00:00,36.16876,298.21286000000003
1979-05-01 00:00:00,36.14693,298.69302000000005
1979-06-01 00:00:00,36.14002,299.3025
1979-07-01 00:00:00,36.157677,299.5638
1979-08-01 00:00:00,36.120045000000005,300.0079
1979-09-01 00:00:00,36.002224,300.32837
1979-10-01 00:00:00,35.840855,300.46643
1979-11-01 00:00:00,35.745655,300.18985
1979-12-01 00:00:00,35.816204,299.69888
1980-01-01 00:00:00,36.0266,298.9021
1980-02-01 00:00:00,36.209286,298.1163
1980-03-01 00:00:00,36.26578,297.7079
1980-04-01 00:00:00,36.26297,297.99588
1980-05-01 00:00:00,36.26108,298.4918
1980-06-01 00:00:00,36.25636,299.19003
1980-07-01 00:00:00,36.249943,299.47867
1980-08-01 00:00:00,36.143370000000004,299.69766
1980-09-01 00:00:00,35.958508,300.1025
1980-10-01 00:00:00,35.801426,300.15347
1980-11-01 00:00:00,35.75087,299.8892
1980-12-01 00:00:00,35.786636,299.34058
1981-01-01 00:00:00,35.950596000000004,298.5087
1981-02-01 00:00:00,36.150085,297.70987
1981-03-01 00:00:00,36.200645,297.439
1981-04-01 00:00:00,36.16879,297.8408
1981-05-01 00:00:00,36.177135,298.30615
1981-06-01 00:00:00,36.19154,298.85315
1981-07-01 00:00:00,36.16098,299.31314
1981-08-01 00:00:00,36.064479999999996,299.65942
1981-09-01 00:00:00,35.980824,300.09854
1981-10-01 00:00:00,35.937206,300.15756
1981-11-01 00:00:00,35.91596,300.03162000000003
1981-12-01 00:00:00,35.990345,299.5165
1982-01-01 00:00:00,36.152096,298.58547999999996
1982-02-01 00:00:00,36.272859999999994,297.92575
1982-03-01 00:00:00,36.325886,297.56467000000004
1982-04-01 00:00:00,36.303375,297.65616
1982-05-01 00:00:00,36.254898,298.1476
1982-06-01 00:00:00,36.20686,298.68576
1982-07-01 00:00:00,36.139145,299.2011
1982-08-01 00:00:00,36.03352,299.62268
1982-09-01 00:00:00,35.901897,300.03722999999997
1982-10-01 00:00:00,35.806976,300.1121
1982-11-01 00:00:00,35.688812,299.66635
1982-12-01 00:00:00,35.676722999999996,299.256
1983-01-01 00:00:00,35.870090000000005,298.3942
1983-02-01 00:00:00,36.024994,297.76382
1983-03-01 00:00:00,36.093414,297.70358
1983-04-01 00:00:00,36.144591999999996,297.98236
1983-05-01 00:00:00,36.168926,298.33765
1983-06-01 00:00:00,36.167972999999996,298.9694
1983-07-01 00:00:00,36.17224,299.37817
1983-08-01 00:00:00,36.127384,299.7769
1983-09-01 00:00:00,35.992558,300.23828
1983-10-01 00:00:00,35.794384,300.22067000000004
1983-11-01 00:00:00,35.612390000000005,300.1981
1983-12-01 00:00:00,35.697205,299.70145
1984-01-01 00:00:00,35.87015,298.9853
1984-02-01 00:00:00,36.037415,298.37314
1984-03-01 00:00:00,36.12408,298.30032
1984-04-01 00:00:00,36.18761,298.39807
1984-05-01 00:00:00,36.174957,298.9263
1984-06-01 00:00:00,36.1511,299.48093
1984-07-01 00:00:00,36.138107,299.90268
1984-08-01 00:00:00,36.116253,300.3313
1984-09-01 00:00:00,36.014145,300.69336
1984-10-01 00:00:00,35.85991,300.71854
1984-11-01 00:00:00,35.749359999999996,300.48227
1984-12-01 00:00:00,35.78436,300.07153
1985-01-01 00:00:00,35.978916,299.13815
1985-02-01 00:00:00,36.113995,298.5079
1985-03-01 00:00:00,36.22716,298.12917999999996
1985-04-01 00:00:00,36.273502,298.22205
1985-05-01 00:00:00,36.264103000000006,298.84198
1985-06-01 00:00:00,36.279015,299.2656
1985-07-01 00:00:00,36.295887,299.5704
1985-08-01 00:00:00,36.236202,299.98404
1985-09-01 00:00:00,36.171467,300.30838
1985-10-01 00:00:00,36.137207000000004,300.38662999999997
1985-11-01 00:00:00,36.078976000000004,300.09354
1985-12-01 00:00:00,36.116653,299.53747999999996
1986-01-01 00:00:00,36.23787,298.57653999999997
1986-02-01 00:00:00,36.329209999999996,297.868
1986-03-01 00:00:00,36.369440000000004,297.52133
1986-04-01 00:00:00,36.315903000000006,297.61838
1986-05-01 00:00:00,36.257153,298.01248
1986-06-01 00:00:00,36.23261,298.7058
1986-07-01 00:00:00,36.201977,299.1946
1986-08-01 00:00:00,36.06157,299.7532
1986-09-01 00:00:00,35.934185,300.34042
1986-10-01 00:00:00,35.89355,300.42453
1986-11-01 00:00:00,35.875285999999996,300.15082
1986-12-01 00:00:00,35.979735999999995,299.63248
1987-01-01 00:00:00,36.140865000000005,298.75235
1987-02-01 00:00:00,36.28695,298.0731
1987-03-01 00:00:00,36.33933,297.6832
1987-04-01 00:00:00,36.335575,297.975
1987-05-01 00:00:00,36.319195,298.3732
1987-06-01 00:00:00,36.30785,298.7076
1987-07-01 00:00:00,36.260517,299.24966
1987-08-01 00:00:00,36.130542999999996,299.6511
1987-09-01 00:00:00,35.964413,300.06528
1987-10-01 00:00:00,35.879562,300.2805
1987-11-01 00:00:00,35.825953999999996,300.10086
1987-12-01 00:00:00,35.93768,299.55817
1988-01-01 00:00:00,36.09827,298.69982999999996
1988-02-01 00:00:00,36.243916,297.87282999999996
1988-03-01 00:00:00,36.265713,297.77496
1988-04-01 00:00:00,36.296806,298.01346
1988-05-01 00:00:00,36.304127,298.57556
1988-06-01 00:00:00,36.298965,299.3282
1988-07-01 00:00:00,36.29744,299.6392
1988-08-01 00:00:00,36.221546000000004,299.8846
1988-09-01 00:00:00,36.03447,300.37642999999997
1988-10-01 00:00:00,35.844055,300.3741
1988-11-01 00:00:00,35.69214,300.17822
1988-12-01 00:00:00,35.74386,299.84157999999996
1989-01-01 00:00:00,35.99943,298.8279
1989-02-01 00:00:00,36.170227000000004,298.08496
1989-03-01 00:00:00,36.242924,297.76315
1989-04-01 00:00:00,36.242397,297.86368
1989-05-01 00:00:00,36.23114,298.313
1989-06-01 00:00:00,36.2429,299.0085
1989-07-01 00:00:00,36.25092,299.52942
1989-08-01 00:00:00,36.195557,299.915
1989-09-01 00:00:00,36.107113,300.44888
1989-10-01 00:00:00,36.05475,300.52083999999996
1989-11-01 00:00:00,36.00902,300.37442000000004
1989-12-01 00:00:00,36.024840000000005,299.89023
1990-01-01 00:00:00,36.190796,298.98285
1990-02-01 00:00:00,36.315020000000004,298.3232
1990-03-01 00:00:00,36.377747,298.04474
1990-04-01 00:00:00,36.34937,298.21945
1990-05-01 00:00:00,36.299929999999996,298.64902
1990-06-01 00:00:00,36.2429,299.1516
1990-07-01 00:00:00,36.202557,299.60965
1990-08-01 00:00:00,36.067173,300.0287
1990-09-01 00:00:00,35.886612,300.4661
1990-10-01 00:00:00,35.72333,300.61804
1990-11-01 00:00:00,35.67133,300.34912
1990-12-01 00:00:00,35.738476,300.10402999999997
1991-01-01 00:00:00,35.99902,299.1939
1991-02-01 00:00:00,36.186207,298.38544
1991-03-01 00:00:00,36.263306,298.21378
1991-04-01 00:00:00,36.289288,298.40344
1991-05-01 00:00:00,36.26928,298.94772
1991-06-01 00:00:00,36.27686,299.6202
1991-07-01 00:00:00,36.26398,300.02502000000004
1991-08-01 00:00:00,36.184475,300.18994
1991-09-01 00:00:00,35.998978,300.49298
1991-10-01 00:00:00,35.79254,300.49008
1991-11-01 00:00:00,35.659748,300.183
1991-12-01 00:00:00,35.75972,299.72635
1992-01-01 00:00:00,35.99402,298.8195
1992-02-01 00:00:00,36.173977,298.19666
1992-03-01 00:00:00,36.269405,297.8173
1992-04-01 00:00:00,36.25994,297.8778
1992-05-01 00:00:00,36.21594,298.48856
1992-06-01 00:00:00,36.212604999999996,298.84085
1992-07-01 00:00:00,36.198307,299.24942000000004
1992-08-01 00:00:00,36.13748,299.73900000000003
1992-09-01 00:00:00,36.049805,300.2871
1992-10-01 00:00:00,35.956974,300.34753
1992-11-01 00:00:00,35.88973,300.1613
1992-12-01 00:00:00,35.95225,299.801
1993-01-01 00:00:00,36.166332000000004,298.94446
1993-02-01 00:00:00,36.285973,298.3207
1993-03-01 00:00:00,36.297515999999995,298.2353
1993-04-01 00:00:00,36.293346,298.44653
1993-05-01 00:00:00,36.313435,298.86624
1993-06-01 00:00:00,36.296284,299.5392
1993-07-01 00:00:00,36.2854,299.8843
1993-08-01 00:00:00,36.186405,300.3064
1993-09-01 00:00:00,36.04846,300.67276
1993-10-01 00:00:00,35.908108,300.74084
1993-11-01 00:00:00,35.79537,300.46322999999995
1993-12-01 00:00:00,35.857395000000004,299.7637
1994-01-01 00:00:00,36.0033,299.07718
1994-02-01 00:00:00,36.183370000000004,298.42258
1994-03-01 00:00:00,36.282063,298.2069
1994-04-01 00:00:00,36.28662,298.44177
1994-05-01 00:00:00,36.280666,298.7955
1994-06-01 00:00:00,36.275220000000004,299.37506
1994-07-01 00:00:00,36.261627000000004,299.79514
1994-08-01 00:00:00,36.17557,300.19376
1994-09-01 00:00:00,36.010117,300.60104
1994-10-01 00:00:00,35.803562,300.75888
1994-11-01 00:00:00,35.701946,300.547
1994-12-01 00:00:00,35.784164000000004,300.00232
1995-01-01 00:00:00,35.996357,299.2334
1995-02-01 00:00:00,36.158015999999996,298.60645
1995-03-01 00:00:00,36.256029999999996,298.34182999999996
1995-04-01 00:00:00,36.263256,298.60263
1995-05-01 00:00:00,36.219757,298.98837000000003
1995-06-01 00:00:00,36.198467,299.45092999999997
1995-07-01 00:00:00,36.190155,299.89795
1995-08-01 00:00:00,36.110844,300.2381
1995-09-01 00:00:00,35.978138,300.54297
1995-10-01 00:00:00,35.79793,300.59775
1995-11-01 00:00:00,35.771679999999996,300.32027999999997
1995-12-01 00:00:00,35.92645,299.82266
1996-01-01 00:00:00,36.149055,298.96854
1996-02-01 00:00:00,36.29833,298.21387000000004
1996-03-01 00:00:00,36.338882,297.99948
1996-04-01 00:00:00,36.33289,298.17188
1996-05-01 00:00:00,36.319503999999995,298.56857
1996-06-01 00:00:00,36.319984000000005,298.96414
1996-07-01 00:00:00,36.2851,299.37656
1996-08-01 00:00:00,36.19305,299.81237999999996
1996-09-01 00:00:00,36.105323999999996,300.3088
1996-10-01 00:00:00,35.999825,300.43536
1996-11-01 00:00:00,35.918953,300.2637
1996-12-01 00:00:00,35.99499,299.60812000000004
1997-01-01 00:00:00,36.181713,298.71988
1997-02-01 00:00:00,36.32336,297.8682
1997-03-01 00:00:00,36.327484000000005,297.59972999999997
1997-04-01 00:00:00,36.281096999999995,297.76297
1997-05-01 00:00:00,36.241623,298.16317999999995
1997-06-01 00:00:00,36.181583,298.71378
1997-07-01 00:00:00,36.105434,299.17206
1997-08-01 00:00:00,35.98746,299.68607000000003
1997-09-01 00:00:00,35.886425,300.1095
1997-10-01 00:00:00,35.812622,300.06937
1997-11-01 00:00:00,35.740395,299.90407999999996
1997-12-01 00:00:00,35.765594,299.41104
1998-01-01 00:00:00,35.992607,298.58092999999997
1998-02-01 00:00:00,36.173157,297.80502
1998-03-01 00:00:00,36.236412,297.50833
1998-04-01 00:00:00,36.174515,297.76227
1998-05-01 00:00:00,36.138794,298.23742999999996
1998-06-01 00:00:00,36.14613,298.93557999999996
1998-07-01 00:00:00,36.151028000000004,299.40524
1998-08-01 00:00:00,36.07393,299.76492
1998-09-01 00:00:00,35.993390000000005,300.27158
1998-10-01 00:00:00,35.950676,300.47192
1998-11-01 00:00:00,35.93946,300.36978
1998-12-01 00:00:00,36.01292,299.7997
1999-01-01 00:00:00,36.16605,298.84143
1999-02-01 00:00:00,36.277164,298.06653
1999-03-01 00:00:00,36.311146,297.8041
1999-04-01 00:00:00,36.310913,298.05606
1999-05-01 00:00:00,36.276146000000004,298.50217000000004
1999-06-01 00:00:00,36.204966999999996,299.2062
1999-07-01 00:00:00,36.163464000000005,299.707
1999-08-01 00:00:00,36.083553,300.15698
1999-09-01 00:00:00,35.932602,300.56347999999997
1999-10-01 00:00:00,35.758266,300.5609
1999-11-01 00:00:00,35.64099,300.30554
1999-12-01 00:00:00,35.69593,299.91006
2000-01-01 00:00:00,35.91135,299.18698
2000-02-01 00:00:00,36.113304,298.57367
2000-03-01 00:00:00,36.239222999999996,298.20352
2000-04-01 00:00:00,36.25087,298.31723
2000-05-01 00:00:00,36.228725,298.81032999999996
2000-06-01 00:00:00,36.210879999999996,299.17624
2000-07-01 00:00:00,36.177105,299.64542
2000-08-01 00:00:00,36.068915999999994,300.03513
2000-09-01 00:00:00,35.84952,300.57217
2000-10-01 00:00:00,35.65747,300.57062
2000-11-01 00:00:00,35.498965999999996,300.5629
2000-12-01 00:00:00,35.61833,300.0349
2001-01-01 00:00:00,35.89297,299.02628
2001-02-01 00:00:00,36.06924,298.33838
2001-03-01 00:00:00,36.147385,298.0531
2001-04-01 00:00:00,36.141354,298.32583999999997
2001-05-01 00:00:00,36.125538,298.8845
2001-06-01 00:00:00,36.091843,299.6056
2001-07-01 00:00:00,36.082043,299.9025
2001-08-01 00:00:00,35.976833,300.14453
2001-09-01 00:00:00,35.76536,300.57412999999997
2001-10-01 00:00:00,35.56219,300.65502999999995
2001-11-01 00:00:00,35.460155,300.32153
2001-12-01 00:00:00,35.572857,299.85754
2002-01-01 00:00:00,35.832896999999996,299.00537
2002-02-01 00:00:00,36.043056,298.37155
2002-03-01 00:00:00,36.137417,298.24765
2002-04-01 00:00:00,36.158558,298.44925
2002-05-01 00:00:00,36.17188,298.89932000000005
2002-06-01 00:00:00,36.177242,299.61362
2002-07-01 00:00:00,36.210392,299.9242
2002-08-01 00:00:00,36.137493,300.29745
2002-09-01 00:00:00,35.99407,300.68344
2002-10-01 00:00:00,35.8553,300.70566
2002-11-01 00:00:00,35.751476000000004,300.57858
2002-12-01 00:00:00,35.83218,300.16776
2003-01-01 00:00:00,36.050613,299.38437000000005
2003-02-01 00:00:00,36.22987,298.67694
2003-03-01 00:00:00,36.314365,298.5261
2003-04-01 00:00:00,36.34042,298.72348
2003-05-01 00:00:00,36.322113,298.97708
2003-06-01 00:00:00,36.271225,299.608
2003-07-01 00:00:00,36.236979999999996,300.14102
2003-08-01 00:00:00,36.15696,300.42975
2003-09-01 00:00:00,35.868959999999994,300.80142
2003-10-01 00:00:00,35.512405,300.87307999999996
2003-11-01 00:00:00,35.408245,300.72983
2003-12-01 00:00:00,35.561596,300.11453
2004-01-01 00:00:00,35.788371999999995,299.39
2004-02-01 00:00:00,36.021656,298.75687
2004-03-01 00:00:00,36.147785,298.5188
2004-04-01 00:00:00,36.179974,298.585
2004-05-01 00:00:00,36.144886,299.16327
2004-06-01 00:00:00,36.167942,299.59653
2004-07-01 00:00:00,36.166903999999995,300.1057
2004-08-01 00:00:00,36.130736999999996,300.3386
2004-09-01 00:00:00,36.035404,300.7137
2004-10-01 00:00:00,35.889984000000005,300.7459
2004-11-01 00:00:00,35.7786,300.44442999999995
2004-12-01 00:00:00,35.83722,300.0017
2005-01-01 00:00:00,36.06003,299.18588
2005-02-01 00:00:00,36.263653000000005,298.40682999999996
2005-03-01 00:00:00,36.315445000000004,298.18137
2005-04-01 00:00:00,36.321659999999994,298.42117
2005-05-01 00:00:00,36.321163,298.78775
2005-06-01 00:00:00,36.3121,299.32614
2005-07-01 00:00:00,36.299625,299.76328
2005-08-01 00:00:00,36.22615,300.17276
2005-09-01 00:00:00,36.098263,300.6155
2005-10-01 00:00:00,35.977962,300.63626
2005-11-01 00:00:00,35.88242,300.56506
2005-12-01 00:00:00,35.988514,299.9197
