Unnamed: 0,SALT,TS
1850-02-01 00:00:00,33.822674,297.86676
1850-03-01 00:00:00,33.78793,297.55704
1850-04-01 00:00:00,33.74576,297.7809
1850-05-01 00:00:00,33.717987,298.32
1850-06-01 00:00:00,33.738403,298.56757
1850-07-01 00:00:00,33.771366,299.16373
1850-08-01 00:00:00,33.808918,299.66464
1850-09-01 00:00:00,33.836437,300.23337
1850-10-01 00:00:00,33.855686,300.2229
1850-11-01 00:00:00,33.868496,300.284
1850-12-01 00:00:00,33.881638,299.60983
1851-01-01 00:00:00,33.86388,298.65195
1851-02-01 00:00:00,33.833183,297.94922
1851-03-01 00:00:00,33.816597,297.42273
1851-04-01 00:00:00,33.78229,297.5008
1851-05-01 00:00:00,33.773952,298.12573
1851-06-01 00:00:00,33.780064,298.62204
1851-07-01 00:00:00,33.81773,299.16553
1851-08-01 00:00:00,33.864304,299.46588
1851-09-01 00:00:00,33.884304,299.93826
1851-10-01 00:00:00,33.900455,300.19894
1851-11-01 00:00:00,33.912468,299.78543
1851-12-01 00:00:00,33.916294,299.28214
1852-01-01 00:00:00,33.898643,298.42575
1852-02-01 00:00:00,33.876293,297.8077
1852-03-01 00:00:00,33.850895,297.76505
1852-04-01 00:00:00,33.806805,298.00992
1852-05-01 00:00:00,33.801125,298.607
1852-06-01 00:00:00,33.81586,299.25024
1852-07-01 00:00:00,33.839706,299.72296
1852-08-01 00:00:00,33.86059,300.09055
1852-09-01 00:00:00,33.88352,300.54187
1852-10-01 00:00:00,33.903362,300.46283
1852-11-01 00:00:00,33.91834,300.2301
1852-12-01 00:00:00,33.923737,299.63284
1853-01-01 00:00:00,33.938686,298.95248
1853-02-01 00:00:00,33.91061,298.13995
1853-03-01 00:00:00,33.88215,298.1517
1853-04-01 00:00:00,33.860043,298.1787
1853-05-01 00:00:00,33.829857,298.62216
1853-06-01 00:00:00,33.825607,299.08664
1853-07-01 00:00:00,33.84278,299.62036
1853-08-01 00:00:00,33.89178,299.91217
1853-09-01 00:00:00,33.905968,300.38745
1853-10-01 00:00:00,33.920223,300.478
1853-11-01 00:00:00,33.93651,300.20428
1853-12-01 00:00:00,33.95443,299.78745
1854-01-01 00:00:00,33.95145,299.07535
1854-02-01 00:00:00,33.89963,298.412
1854-03-01 00:00:00,33.820335,297.87167
1854-04-01 00:00:00,33.802795,298.3189
1854-05-01 00:00:00,33.795536,299.11243
1854-06-01 00:00:00,33.813576,299.4149
1854-07-01 00:00:00,33.825176,299.7129
1854-08-01 00:00:00,33.850567,299.9304
1854-09-01 00:00:00,33.874153,300.2433
1854-10-01 00:00:00,33.88352,300.28702
1854-11-01 00:00:00,33.880463,300.23248
1854-12-01 00:00:00,33.87542,299.5312
1855-01-01 00:00:00,33.86321,298.67935
1855-02-01 00:00:00,33.825195,297.9647
1855-03-01 00:00:00,33.78671,297.74573
1855-04-01 00:00:00,33.747147,297.95258
1855-05-01 00:00:00,33.712364,298.4598
1855-06-01 00:00:00,33.70304,299.19852
1855-07-01 00:00:00,33.71777,299.31223
1855-08-01 00:00:00,33.75561,299.82635
1855-09-01 00:00:00,33.811104,300.32666
1855-10-01 00:00:00,33.831993,300.2909
1855-11-01 00:00:00,33.852726,299.72043
1855-12-01 00:00:00,33.870995,298.894
1856-01-01 00:00:00,33.86898,298.19568
1856-02-01 00:00:00,33.842716,297.38223
1856-03-01 00:00:00,33.807903,297.17163
1856-04-01 00:00:00,33.778843,297.47983
1856-05-01 00:00:00,33.775803,297.7764
1856-06-01 00:00:00,33.783,298.42477
1856-07-01 00:00:00,33.807373,298.96793
1856-08-01 00:00:00,33.839867,299.54755
1856-09-01 00:00:00,33.867207,300.13574
1856-10-01 00:00:00,33.877636,300.32635
1856-11-01 00:00:00,33.889866,300.11618
1856-12-01 00:00:00,33.89654,299.85916
1857-01-01 00:00:00,33.88706,298.8387
1857-02-01 00:00:00,33.851624,297.79193
1857-03-01 00:00:00,33.821686,297.58496
1857-04-01 00:00:00,33.804504,297.9717
1857-05-01 00:00:00,33.78075,298.4219
1857-06-01 00:00:00,33.780293,299.2704
1857-07-01 00:00:00,33.794697,299.52588
1857-08-01 00:00:00,33.827366,300.17792
1857-09-01 00:00:00,33.851723,300.44754
1857-10-01 00:00:00,33.869846,300.52515
1857-11-01 00:00:00,33.88556,300.37448
1857-12-01 00:00:00,33.90279,299.9024
1858-01-01 00:00:00,33.906963,298.9468
1858-02-01 00:00:00,33.868286,298.49695
1858-03-01 00:00:00,33.824562,298.4085
1858-04-01 00:00:00,33.798397,298.97025
1858-05-01 00:00:00,33.77599,299.3391
1858-06-01 00:00:00,33.781868,299.79648
1858-07-01 00:00:00,33.82001,300.3597
1858-08-01 00:00:00,33.846485,300.44916
1858-09-01 00:00:00,33.871536,300.79565
1858-10-01 00:00:00,33.897552,300.79935
1858-11-01 00:00:00,33.91805,300.91974
1858-12-01 00:00:00,33.9292,300.38083
1859-01-01 00:00:00,33.89667,299.34177
1859-02-01 00:00:00,33.865532,298.47195
1859-03-01 00:00:00,33.83575,298.07083
1859-04-01 00:00:00,33.81755,298.6651
1859-05-01 00:00:00,33.79019,299.44537
1859-06-01 00:00:00,33.795364,299.75635
1859-07-01 00:00:00,33.82123,300.00653
1859-08-01 00:00:00,33.858856,300.2795
1859-09-01 00:00:00,33.87106,300.52173
1859-10-01 00:00:00,33.881214,300.57645
1859-11-01 00:00:00,33.885433,300.36423
1859-12-01 00:00:00,33.892834,299.52448
1860-01-01 00:00:00,33.889423,298.8272
1860-02-01 00:00:00,33.851616,297.99365
1860-03-01 00:00:00,33.806133,297.61655
1860-04-01 00:00:00,33.79037,297.73505
1860-05-01 00:00:00,33.778034,298.11133
1860-06-01 00:00:00,33.7912,298.62405
1860-07-01 00:00:00,33.81163,298.90973
1860-08-01 00:00:00,33.83256,299.2293
1860-09-01 00:00:00,33.859318,299.69055
1860-10-01 00:00:00,33.876156,299.74725
1860-11-01 00:00:00,33.893887,299.6325
1860-12-01 00:00:00,33.905846,299.1901
1861-01-01 00:00:00,33.89955,298.35254
1861-02-01 00:00:00,33.867916,297.58228
1861-03-01 00:00:00,33.847385,297.29678
1861-04-01 00:00:00,33.810898,297.63376
1861-05-01 00:00:00,33.78175,298.3556
1861-06-01 00:00:00,33.778442,299.14877
1861-07-01 00:00:00,33.78775,299.42004
1861-08-01 00:00:00,33.807457,299.637
1861-09-01 00:00:00,33.841293,300.09558
1861-10-01 00:00:00,33.858677,300.31934
1861-11-01 00:00:00,33.870132,300.12936
1861-12-01 00:00:00,33.87969,299.46194
1862-01-01 00:00:00,33.846817,298.38272
1862-02-01 00:00:00,33.81784,297.7198
1862-03-01 00:00:00,33.80486,297.48837
1862-04-01 00:00:00,33.79291,297.74756
1862-05-01 00:00:00,33.783783,298.21997
1862-06-01 00:00:00,33.78706,298.52942
1862-07-01 00:00:00,33.803223,299.0704
1862-08-01 00:00:00,33.82987,299.59903
1862-09-01 00:00:00,33.85047,300.18933
1862-10-01 00:00:00,33.871784,300.26016
1862-11-01 00:00:00,33.893486,300.05988
1862-12-01 00:00:00,33.904472,299.63306
1863-01-01 00:00:00,33.885227,298.98495
1863-02-01 00:00:00,33.863888,298.26505
1863-03-01 00:00:00,33.840557,298.13284
1863-04-01 00:00:00,33.810856,298.21344
1863-05-01 00:00:00,33.797073,298.8872
1863-06-01 00:00:00,33.8111,299.43088
1863-07-01 00:00:00,33.836132,299.42822
1863-08-01 00:00:00,33.877716,299.8762
1863-09-01 00:00:00,33.89895,300.19394
1863-10-01 00:00:00,33.906868,300.41824
1863-11-01 00:00:00,33.91282,300.5556
1863-12-01 00:00:00,33.915077,299.84848
1864-01-01 00:00:00,33.911922,298.82965
1864-02-01 00:00:00,33.898403,297.85358
1864-03-01 00:00:00,33.864735,297.57074
1864-04-01 00:00:00,33.824913,297.83252
1864-05-01 00:00:00,33.80815,298.51306
1864-06-01 00:00:00,33.802647,299.1363
1864-07-01 00:00:00,33.80382,299.45123
1864-08-01 00:00:00,33.8514,299.7095
1864-09-01 00:00:00,33.888615,300.00397
1864-10-01 00:00:00,33.920578,300.3271
1864-11-01 00:00:00,33.926094,299.883
1864-12-01 00:00:00,33.931965,299.57428
1865-01-01 00:00:00,33.933254,298.90924
1865-02-01 00:00:00,33.91164,298.46542
1865-03-01 00:00:00,33.87562,298.50244
1865-04-01 00:00:00,33.81923,298.70837
1865-05-01 00:00:00,33.780396,299.53976
1865-06-01 00:00:00,33.764782,299.95578
1865-07-01 00:00:00,33.785786,300.25616
1865-08-01 00:00:00,33.829597,300.4297
1865-09-01 00:00:00,33.864155,300.54797
1865-10-01 00:00:00,33.887592,300.81454
1865-11-01 00:00:00,33.899815,300.426
1865-12-01 00:00:00,33.904327,300.21774
1866-01-01 00:00:00,33.897564,299.37482
1866-02-01 00:00:00,33.86578,298.54077
1866-03-01 00:00:00,33.83925,298.5504
1866-04-01 00:00:00,33.803314,299.01083
1866-05-01 00:00:00,33.76804,299.5325
1866-06-01 00:00:00,33.752678,299.8442
1866-07-01 00:00:00,33.777767,299.95456
1866-08-01 00:00:00,33.815117,300.2505
1866-09-01 00:00:00,33.841896,300.60498
1866-10-01 00:00:00,33.85078,300.4977
1866-11-01 00:00:00,33.865044,300.5543
1866-12-01 00:00:00,33.869278,300.05035
1867-01-01 00:00:00,33.85879,299.11893
1867-02-01 00:00:00,33.822773,298.4295
1867-03-01 00:00:00,33.777443,298.26965
1867-04-01 00:00:00,33.72515,298.29977
1867-05-01 00:00:00,33.706264,298.15707
1867-06-01 00:00:00,33.714836,299.01895
1867-07-01 00:00:00,33.734802,299.34583
1867-08-01 00:00:00,33.758476,299.7919
1867-09-01 00:00:00,33.78853,300.27805
1867-10-01 00:00:00,33.812275,300.3694
1867-11-01 00:00:00,33.830982,300.16684
1867-12-01 00:00:00,33.84441,299.65332
1868-01-01 00:00:00,33.853348,298.91843
1868-02-01 00:00:00,33.84215,298.23065
1868-03-01 00:00:00,33.823246,297.763
1868-04-01 00:00:00,33.770897,297.8566
1868-05-01 00:00:00,33.74842,298.49005
1868-06-01 00:00:00,33.756916,299.09326
1868-07-01 00:00:00,33.77445,299.31824
1868-08-01 00:00:00,33.807472,299.62543
1868-09-01 00:00:00,33.832314,300.0449
1868-10-01 00:00:00,33.84447,300.38815
1868-11-01 00:00:00,33.85781,300.17242
1868-12-01 00:00:00,33.864853,299.50363
1869-01-01 00:00:00,33.859524,298.46005
1869-02-01 00:00:00,33.824505,297.99792
1869-03-01 00:00:00,33.778687,297.72147
1869-04-01 00:00:00,33.7301,297.9941
1869-05-01 00:00:00,33.702843,298.36136
1869-06-01 00:00:00,33.69807,298.98746
1869-07-01 00:00:00,33.73566,299.28748
1869-08-01 00:00:00,33.779247,299.66638
1869-09-01 00:00:00,33.79786,300.08823
1869-10-01 00:00:00,33.812458,300.1717
1869-11-01 00:00:00,33.815468,299.7515
1869-12-01 00:00:00,33.81918,299.45273
1870-01-01 00:00:00,33.811047,298.74152
1870-02-01 00:00:00,33.77823,297.88123
1870-03-01 00:00:00,33.75655,297.4787
1870-04-01 00:00:00,33.72244,297.52966
1870-05-01 00:00:00,33.70304,298.09232
1870-06-01 00:00:00,33.706486,298.71112
1870-07-01 00:00:00,33.713985,299.1512
1870-08-01 00:00:00,33.75781,299.5947
1870-09-01 00:00:00,33.81101,299.78607
1870-10-01 00:00:00,33.84137,300.11603
1870-11-01 00:00:00,33.85197,299.8281
1870-12-01 00:00:00,33.84767,299.7169
1871-01-01 00:00:00,33.83738,298.63617
1871-02-01 00:00:00,33.818806,298.12585
1871-03-01 00:00:00,33.79357,297.79053
1871-04-01 00:00:00,33.753574,298.24014
1871-05-01 00:00:00,33.74459,298.6351
1871-06-01 00:00:00,33.759323,299.05472
1871-07-01 00:00:00,33.788956,299.3347
1871-08-01 00:00:00,33.843334,299.6636
1871-09-01 00:00:00,33.872906,300.07703
1871-10-01 00:00:00,33.887215,300.30853
1871-11-01 00:00:00,33.901913,300.30942
1871-12-01 00:00:00,33.91334,299.6314
1872-01-01 00:00:00,33.893436,298.506
1872-02-01 00:00:00,33.86575,297.80997
1872-03-01 00:00:00,33.82857,297.5386
1872-04-01 00:00:00,33.800682,297.8009
1872-05-01 00:00:00,33.774426,298.81326
1872-06-01 00:00:00,33.782898,299.3296
1872-07-01 00:00:00,33.79537,299.63287
1872-08-01 00:00:00,33.821888,299.80908
1872-09-01 00:00:00,33.863766,300.37567
1872-10-01 00:00:00,33.88524,300.60696
1872-11-01 00:00:00,33.897797,300.5525
1872-12-01 00:00:00,33.897877,299.83347
1873-01-01 00:00:00,33.883434,299.13712
1873-02-01 00:00:00,33.85438,298.42288
1873-03-01 00:00:00,33.825043,298.37448
1873-04-01 00:00:00,33.797688,298.47498
1873-05-01 00:00:00,33.79237,298.995
1873-06-01 00:00:00,33.782616,299.8563
1873-07-01 00:00:00,33.80345,300.16516
1873-08-01 00:00:00,33.84338,300.45493
1873-09-01 00:00:00,33.879818,300.66098
1873-10-01 00:00:00,33.887848,300.68066
1873-11-01 00:00:00,33.89431,300.4969
1873-12-01 00:00:00,33.899727,300.13364
1874-01-01 00:00:00,33.88469,299.30957
1874-02-01 00:00:00,33.847103,298.5843
1874-03-01 00:00:00,33.807713,298.14267
1874-04-01 00:00:00,33.757725,298.37677
1874-05-01 00:00:00,33.73998,298.49902
1874-06-01 00:00:00,33.746857,299.1464
1874-07-01 00:00:00,33.766617,299.6712
1874-08-01 00:00:00,33.791702,299.9455
1874-09-01 00:00:00,33.825573,300.41214
1874-10-01 00:00:00,33.850113,300.4669
1874-11-01 00:00:00,33.86181,300.39072
1874-12-01 00:00:00,33.863827,299.8927
1875-01-01 00:00:00,33.84474,298.7645
1875-02-01 00:00:00,33.786682,298.2567
1875-03-01 00:00:00,33.739563,297.90384
1875-04-01 00:00:00,33.71469,298.19043
1875-05-01 00:00:00,33.68136,298.5837
1875-06-01 00:00:00,33.680958,299.0871
1875-07-01 00:00:00,33.712254,299.30487
1875-08-01 00:00:00,33.757133,299.77362
1875-09-01 00:00:00,33.80246,300.24124
1875-10-01 00:00:00,33.827976,300.46442
1875-11-01 00:00:00,33.846344,300.41483
1875-12-01 00:00:00,33.86013,300.22537
1876-01-01 00:00:00,33.856884,299.29843
1876-02-01 00:00:00,33.82656,298.44135
1876-03-01 00:00:00,33.793396,298.13605
1876-04-01 00:00:00,33.753483,298.13522
1876-05-01 00:00:00,33.7275,298.5736
1876-06-01 00:00:00,33.714775,299.05225
1876-07-01 00:00:00,33.742847,299.50046
1876-08-01 00:00:00,33.769577,299.8475
1876-09-01 00:00:00,33.809505,300.40717
1876-10-01 00:00:00,33.83266,300.66983
1876-11-01 00:00:00,33.84761,300.52524
1876-12-01 00:00:00,33.855206,299.8311
1877-01-01 00:00:00,33.847446,299.00583
1877-02-01 00:00:00,33.820637,298.16
1877-03-01 00:00:00,33.79849,297.73386
1877-04-01 00:00:00,33.76861,297.83774
1877-05-01 00:00:00,33.741455,298.35782
1877-06-01 00:00:00,33.745945,298.92926
1877-07-01 00:00:00,33.77839,298.9574
1877-08-01 00:00:00,33.814884,299.37625
1877-09-01 00:00:00,33.838066,299.86392
1877-10-01 00:00:00,33.8499,299.86096
1877-11-01 00:00:00,33.863136,299.56122
1877-12-01 00:00:00,33.877556,299.10873
1878-01-01 00:00:00,33.870647,298.02228
1878-02-01 00:00:00,33.8419,297.28564
1878-03-01 00:00:00,33.82155,297.21518
1878-04-01 00:00:00,33.800476,297.1947
1878-05-01 00:00:00,33.78177,298.03937
1878-06-01 00:00:00,33.77567,298.81583
1878-07-01 00:00:00,33.791843,299.10406
1878-08-01 00:00:00,33.834545,299.4117
1878-09-01 00:00:00,33.858578,299.88193
1878-10-01 00:00:00,33.879738,299.99966
1878-11-01 00:00:00,33.896656,300.1828
1878-12-01 00:00:00,33.90955,299.57956
1879-01-01 00:00:00,33.89573,298.58646
1879-02-01 00:00:00,33.867165,297.75507
1879-03-01 00:00:00,33.830444,297.43317
1879-04-01 00:00:00,33.79301,297.89725
1879-05-01 00:00:00,33.776054,298.78894
1879-06-01 00:00:00,33.777714,299.6254
1879-07-01 00:00:00,33.80284,299.94852
1879-08-01 00:00:00,33.848907,300.22177
1879-09-01 00:00:00,33.88287,300.4647
1879-10-01 00:00:00,33.88952,300.65927
1879-11-01 00:00:00,33.89594,300.61264
1879-12-01 00:00:00,33.90147,299.87012
1880-01-01 00:00:00,33.87165,298.6653
1880-02-01 00:00:00,33.844032,297.98026
1880-03-01 00:00:00,33.811733,297.79782
1880-04-01 00:00:00,33.767597,297.71902
1880-05-01 00:00:00,33.76,298.12177
1880-06-01 00:00:00,33.770382,299.0338
1880-07-01 00:00:00,33.792828,299.36932
1880-08-01 00:00:00,33.833076,299.61105
1880-09-01 00:00:00,33.85841,300.13358
1880-10-01 00:00:00,33.886585,300.04343
1880-11-01 00:00:00,33.90473,299.96085
1880-12-01 00:00:00,33.920925,299.68393
1881-01-01 00:00:00,33.90578,298.8859
1881-02-01 00:00:00,33.874203,298.36856
1881-03-01 00:00:00,33.841415,298.1834
1881-04-01 00:00:00,33.806065,298.48236
1881-05-01 00:00:00,33.79261,299.0903
1881-06-01 00:00:00,33.78981,299.3716
1881-07-01 00:00:00,33.806305,299.83908
1881-08-01 00:00:00,33.834103,300.156
1881-09-01 00:00:00,33.868546,300.6044
1881-10-01 00:00:00,33.88381,301.17325
1881-11-01 00:00:00,33.889275,300.70334
1881-12-01 00:00:00,33.894154,300.3578
1882-01-01 00:00:00,33.89975,299.57602
1882-02-01 00:00:00,33.873936,298.55347
1882-03-01 00:00:00,33.84366,298.39987
1882-04-01 00:00:00,33.81784,298.70035
1882-05-01 00:00:00,33.794895,299.08743
1882-06-01 00:00:00,33.799637,299.8808
1882-07-01 00:00:00,33.80026,300.10495
1882-08-01 00:00:00,33.834274,300.274
1882-09-01 00:00:00,33.867706,300.44446
1882-10-01 00:00:00,33.87865,300.53534
1882-11-01 00:00:00,33.886513,300.3074
1882-12-01 00:00:00,33.88871,300.04208
1883-01-01 00:00:00,33.867355,299.21555
1883-02-01 00:00:00,33.83362,298.49527
1883-03-01 00:00:00,33.819134,298.0681
1883-04-01 00:00:00,33.7658,298.0113
1883-05-01 00:00:00,33.728664,298.3673
1883-06-01 00:00:00,33.7217,299.07224
1883-07-01 00:00:00,33.72047,299.5695
1883-08-01 00:00:00,33.727875,299.77084
1883-09-01 00:00:00,33.77838,300.2248
1883-10-01 00:00:00,33.805527,300.32462
1883-11-01 00:00:00,33.822487,300.2209
1883-12-01 00:00:00,33.828506,299.68182
1884-01-01 00:00:00,33.82344,298.71338
1884-02-01 00:00:00,33.80688,298.02478
1884-03-01 00:00:00,33.773987,297.649
1884-04-01 00:00:00,33.742943,297.70898
1884-05-01 00:00:00,33.709873,298.17688
1884-06-01 00:00:00,33.699314,298.65002
1884-07-01 00:00:00,33.71492,298.8838
1884-08-01 00:00:00,33.74659,299.2805
1884-09-01 00:00:00,33.787533,299.66556
1884-10-01 00:00:00,33.823524,299.78366
1884-11-01 00:00:00,33.852528,299.37787
1884-12-01 00:00:00,33.884655,298.97437
1885-01-01 00:00:00,33.883633,298.22217
1885-02-01 00:00:00,33.874626,297.25772
1885-03-01 00:00:00,33.848667,297.04803
1885-04-01 00:00:00,33.81589,297.53418
1885-05-01 00:00:00,33.78906,298.31375
1885-06-01 00:00:00,33.768417,299.0475
1885-07-01 00:00:00,33.784145,299.3851
1885-08-01 00:00:00,33.826664,299.76425
1885-09-01 00:00:00,33.86566,300.20517
1885-10-01 00:00:00,33.881893,300.24905
1885-11-01 00:00:00,33.897327,300.25992
1885-12-01 00:00:00,33.907078,299.58157
1886-01-01 00:00:00,33.888508,298.7339
1886-02-01 00:00:00,33.831497,298.4147
1886-03-01 00:00:00,33.770725,298.23697
1886-04-01 00:00:00,33.73508,298.61926
1886-05-01 00:00:00,33.743816,299.39383
1886-06-01 00:00:00,33.76926,299.8532
1886-07-01 00:00:00,33.81416,299.78738
1886-08-01 00:00:00,33.85999,300.4492
1886-09-01 00:00:00,33.874462,300.98734
1886-10-01 00:00:00,33.88163,300.82285
1886-11-01 00:00:00,33.897205,300.81348
1886-12-01 00:00:00,33.905636,300.29498
1887-01-01 00:00:00,33.874348,299.8919
1887-02-01 00:00:00,33.8288,298.98807
1887-03-01 00:00:00,33.80415,298.94577
1887-04-01 00:00:00,33.78556,299.26044
1887-05-01 00:00:00,33.77678,299.68277
1887-06-01 00:00:00,33.768463,300.26547
1887-07-01 00:00:00,33.803112,300.51477
1887-08-01 00:00:00,33.867966,300.8119
1887-09-01 00:00:00,33.890316,300.86322
1887-10-01 00:00:00,33.894547,300.76462
1887-11-01 00:00:00,33.90269,300.2314
1887-12-01 00:00:00,33.918163,299.73282
1888-01-01 00:00:00,33.9089,299.05124
1888-02-01 00:00:00,33.878223,298.17923
1888-03-01 00:00:00,33.84031,297.72635
1888-04-01 00:00:00,33.78682,297.76685
1888-05-01 00:00:00,33.760548,297.8925
1888-06-01 00:00:00,33.768982,298.36493
1888-07-01 00:00:00,33.804882,298.83475
1888-08-01 00:00:00,33.83724,299.42444
1888-09-01 00:00:00,33.865265,299.9546
1888-10-01 00:00:00,33.875492,300.0836
1888-11-01 00:00:00,33.8832,299.51166
1888-12-01 00:00:00,33.89064,298.8544
1889-01-01 00:00:00,33.880047,298.07407
1889-02-01 00:00:00,33.850445,297.27148
1889-03-01 00:00:00,33.823315,297.02997
1889-04-01 00:00:00,33.798306,297.23883
1889-05-01 00:00:00,33.782654,297.9742
1889-06-01 00:00:00,33.802902,298.85654
1889-07-01 00:00:00,33.822357,299.0484
1889-08-01 00:00:00,33.82943,299.40964
1889-09-01 00:00:00,33.844288,299.97748
1889-10-01 00:00:00,33.857544,300.23672
1889-11-01 00:00:00,33.872475,300.1867
1889-12-01 00:00:00,33.874245,299.70642
1890-01-01 00:00:00,33.86078,298.90732
1890-02-01 00:00:00,33.83286,298.07147
1890-03-01 00:00:00,33.796066,297.7244
1890-04-01 00:00:00,33.75523,297.7826
1890-05-01 00:00:00,33.73502,298.17877
1890-06-01 00:00:00,33.724354,298.80582
1890-07-01 00:00:00,33.756187,299.02408
1890-08-01 00:00:00,33.786003,299.41388
1890-09-01 00:00:00,33.80405,299.70718
1890-10-01 00:00:00,33.825954,299.7528
1890-11-01 00:00:00,33.840027,299.80396
1890-12-01 00:00:00,33.838078,299.15625
1891-01-01 00:00:00,33.81762,298.2892
1891-02-01 00:00:00,33.79142,297.79645
1891-03-01 00:00:00,33.770073,297.71014
1891-04-01 00:00:00,33.752113,297.91797
1891-05-01 00:00:00,33.74023,298.01535
1891-06-01 00:00:00,33.7501,298.9795
1891-07-01 00:00:00,33.766586,299.30777
1891-08-01 00:00:00,33.803043,299.82855
1891-09-01 00:00:00,33.833847,300.23367
1891-10-01 00:00:00,33.852283,300.18915
1891-11-01 00:00:00,33.865475,300.01965
1891-12-01 00:00:00,33.87393,299.33957
1892-01-01 00:00:00,33.85786,298.3883
1892-02-01 00:00:00,33.839947,297.65848
1892-03-01 00:00:00,33.815212,297.46686
1892-04-01 00:00:00,33.807266,297.54987
1892-05-01 00:00:00,33.801865,298.42404
1892-06-01 00:00:00,33.807404,298.98685
1892-07-01 00:00:00,33.829887,299.2078
1892-08-01 00:00:00,33.86741,299.60806
1892-09-01 00:00:00,33.88961,299.94183
1892-10-01 00:00:00,33.89631,300.0677
1892-11-01 00:00:00,33.919357,299.84265
1892-12-01 00:00:00,33.928154,299.38516
1893-01-01 00:00:00,33.920242,298.69684
1893-02-01 00:00:00,33.886665,297.98248
1893-03-01 00:00:00,33.85439,297.8051
1893-04-01 00:00:00,33.8435,298.18777
1893-05-01 00:00:00,33.814842,299.06665
1893-06-01 00:00:00,33.812733,299.50345
1893-07-01 00:00:00,33.82945,299.5217
1893-08-01 00:00:00,33.868633,299.81564
1893-09-01 00:00:00,33.895466,300.17593
1893-10-01 00:00:00,33.905014,300.23456
1893-11-01 00:00:00,33.907997,300.38217
1893-12-01 00:00:00,33.903564,299.85266
1894-01-01 00:00:00,33.86265,298.76794
1894-02-01 00:00:00,33.823406,298.15067
1894-03-01 00:00:00,33.790367,297.99182
1894-04-01 00:00:00,33.765675,298.23065
1894-05-01 00:00:00,33.751694,298.6781
1894-06-01 00:00:00,33.748722,299.33942
1894-07-01 00:00:00,33.76833,299.64658
1894-08-01 00:00:00,33.803764,299.8766
1894-09-01 00:00:00,33.828663,300.3628
1894-10-01 00:00:00,33.84694,300.34814
1894-11-01 00:00:00,33.857986,300.07916
1894-12-01 00:00:00,33.8587,299.6152
1895-01-01 00:00:00,33.827366,298.96487
1895-02-01 00:00:00,33.770393,298.33426
1895-03-01 00:00:00,33.74253,298.14252
1895-04-01 00:00:00,33.74151,298.32632
1895-05-01 00:00:00,33.725437,299.16708
1895-06-01 00:00:00,33.734085,299.42056
1895-07-01 00:00:00,33.749813,299.81076
1895-08-01 00:00:00,33.779545,300.03085
1895-09-01 00:00:00,33.82788,300.37247
1895-10-01 00:00:00,33.846275,300.5331
1895-11-01 00:00:00,33.85315,300.5089
1895-12-01 00:00:00,33.856747,299.93146
1896-01-01 00:00:00,33.839455,298.99866
1896-02-01 00:00:00,33.813965,298.168
1896-03-01 00:00:00,33.78546,297.7927
1896-04-01 00:00:00,33.7516,298.1264
1896-05-01 00:00:00,33.73854,298.34372
1896-06-01 00:00:00,33.746433,298.88602
1896-07-01 00:00:00,33.756496,299.38943
1896-08-01 00:00:00,33.792973,299.82385
1896-09-01 00:00:00,33.818752,300.0149
1896-10-01 00:00:00,33.83108,300.1032
1896-11-01 00:00:00,33.857487,299.92392
1896-12-01 00:00:00,33.86871,299.43716
1897-01-01 00:00:00,33.86837,298.7012
1897-02-01 00:00:00,33.83132,297.95477
1897-03-01 00:00:00,33.80934,297.6761
1897-04-01 00:00:00,33.77801,297.727
1897-05-01 00:00:00,33.752293,298.23773
1897-06-01 00:00:00,33.753483,298.5037
1897-07-01 00:00:00,33.778305,299.05435
1897-08-01 00:00:00,33.81543,299.5167
1897-09-01 00:00:00,33.840473,300.1769
1897-10-01 00:00:00,33.854412,300.2967
1897-11-01 00:00:00,33.861664,299.98367
1897-12-01 00:00:00,33.873154,299.53836
1898-01-01 00:00:00,33.851,298.5265
1898-02-01 00:00:00,33.81183,297.81714
1898-03-01 00:00:00,33.78667,297.5159
1898-04-01 00:00:00,33.74998,297.75882
1898-05-01 00:00:00,33.707848,298.2698
1898-06-01 00:00:00,33.69703,298.48804
1898-07-01 00:00:00,33.723503,299.14246
1898-08-01 00:00:00,33.76498,299.698
1898-09-01 00:00:00,33.795235,300.0447
1898-10-01 00:00:00,33.819756,300.16727
1898-11-01 00:00:00,33.844143,300.32172
1898-12-01 00:00:00,33.853558,299.4918
1899-01-01 00:00:00,33.848,298.4743
1899-02-01 00:00:00,33.820503,297.79126
1899-03-01 00:00:00,33.791676,297.52356
1899-04-01 00:00:00,33.76809,297.8904
1899-05-01 00:00:00,33.763355,298.10846
1899-06-01 00:00:00,33.78223,298.99673
1899-07-01 00:00:00,33.81964,299.1011
1899-08-01 00:00:00,33.840443,299.61798
1899-09-01 00:00:00,33.874306,300.17047
1899-10-01 00:00:00,33.90229,300.20273
1899-11-01 00:00:00,33.928284,299.6773
1899-12-01 00:00:00,33.93935,298.8888
1900-01-01 00:00:00,33.915016,298.01477
1900-02-01 00:00:00,33.884323,297.53796
1900-03-01 00:00:00,33.8278,297.41983
1900-04-01 00:00:00,33.78292,297.64523
1900-05-01 00:00:00,33.772995,298.19037
1900-06-01 00:00:00,33.78252,298.62692
1900-07-01 00:00:00,33.78773,299.12973
1900-08-01 00:00:00,33.80749,299.479
1900-09-01 00:00:00,33.852394,299.8713
1900-10-01 00:00:00,33.878,300.21658
1900-11-01 00:00:00,33.9021,299.88718
1900-12-01 00:00:00,33.91405,299.52423
1901-01-01 00:00:00,33.90984,298.8124
1901-02-01 00:00:00,33.89108,298.22354
1901-03-01 00:00:00,33.864666,297.9466
1901-04-01 00:00:00,33.835037,298.15634
1901-05-01 00:00:00,33.817894,298.78854
1901-06-01 00:00:00,33.813778,299.07928
1901-07-01 00:00:00,33.835545,299.3695
1901-08-01 00:00:00,33.874413,299.67334
1901-09-01 00:00:00,33.903706,299.97897
1901-10-01 00:00:00,33.915203,300.24237
1901-11-01 00:00:00,33.925632,300.12988
1901-12-01 00:00:00,33.917664,299.29712
1902-01-01 00:00:00,33.891445,298.76077
1902-02-01 00:00:00,33.84653,298.33957
1902-03-01 00:00:00,33.80828,298.28036
1902-04-01 00:00:00,33.75863,298.18118
1902-05-01 00:00:00,33.72344,298.744
1902-06-01 00:00:00,33.703964,299.432
1902-07-01 00:00:00,33.73838,299.81372
1902-08-01 00:00:00,33.780178,300.09222
1902-09-01 00:00:00,33.826492,300.24805
1902-10-01 00:00:00,33.85893,300.17087
1902-11-01 00:00:00,33.879436,300.02667
1902-12-01 00:00:00,33.890118,299.31186
1903-01-01 00:00:00,33.887894,298.62662
1903-02-01 00:00:00,33.848278,297.625
1903-03-01 00:00:00,33.82122,296.952
1903-04-01 00:00:00,33.788334,297.29413
1903-05-01 00:00:00,33.77695,297.90616
1903-06-01 00:00:00,33.797665,298.5497
1903-07-01 00:00:00,33.821095,299.0676
1903-08-01 00:00:00,33.858307,299.51132
1903-09-01 00:00:00,33.88061,299.93668
1903-10-01 00:00:00,33.897552,299.89426
1903-11-01 00:00:00,33.906876,299.90237
1903-12-01 00:00:00,33.92122,299.60138
1904-01-01 00:00:00,33.91609,298.3629
1904-02-01 00:00:00,33.89834,297.78915
1904-03-01 00:00:00,33.87205,297.40543
1904-04-01 00:00:00,33.82713,297.55743
1904-05-01 00:00:00,33.80166,298.24158
1904-06-01 00:00:00,33.803337,298.8384
1904-07-01 00:00:00,33.849392,299.22702
1904-08-01 00:00:00,33.876884,299.6089
1904-09-01 00:00:00,33.892998,299.8788
1904-10-01 00:00:00,33.90694,300.04764
1904-11-01 00:00:00,33.922295,299.87177
1904-12-01 00:00:00,33.94135,299.41104
1905-01-01 00:00:00,33.939716,298.34076
1905-02-01 00:00:00,33.89932,297.60938
1905-03-01 00:00:00,33.862045,297.20026
1905-04-01 00:00:00,33.814827,297.11908
1905-05-01 00:00:00,33.781883,297.90637
1905-06-01 00:00:00,33.80125,298.7093
1905-07-01 00:00:00,33.825405,298.93353
1905-08-01 00:00:00,33.868553,299.42615
1905-09-01 00:00:00,33.908188,299.8365
1905-10-01 00:00:00,33.914158,299.85144
1905-11-01 00:00:00,33.923016,299.78366
1905-12-01 00:00:00,33.930424,299.54895
1906-01-01 00:00:00,33.90615,298.56653
1906-02-01 00:00:00,33.8909,297.50717
1906-03-01 00:00:00,33.85587,297.30594
1906-04-01 00:00:00,33.824203,297.43036
1906-05-01 00:00:00,33.806206,298.00153
1906-06-01 00:00:00,33.82577,298.7863
1906-07-01 00:00:00,33.8519,299.0445
1906-08-01 00:00:00,33.895676,299.3943
1906-09-01 00:00:00,33.924625,300.00903
1906-10-01 00:00:00,33.942493,300.0953
1906-11-01 00:00:00,33.96148,300.14795
1906-12-01 00:00:00,33.976116,299.66568
1907-01-01 00:00:00,33.96715,298.81155
1907-02-01 00:00:00,33.91124,298.31134
1907-03-01 00:00:00,33.87231,298.0675
1907-04-01 00:00:00,33.867302,298.4709
1907-05-01 00:00:00,33.84168,298.68756
1907-06-01 00:00:00,33.846188,299.2201
1907-07-01 00:00:00,33.877766,299.65408
1907-08-01 00:00:00,33.915592,299.8624
1907-09-01 00:00:00,33.93817,300.23193
1907-10-01 00:00:00,33.952282,300.25284
1907-11-01 00:00:00,33.957226,300.05322
1907-12-01 00:00:00,33.95599,299.44763
1908-01-01 00:00:00,33.93344,298.52017
1908-02-01 00:00:00,33.893124,297.90594
1908-03-01 00:00:00,33.859097,297.84158
1908-04-01 00:00:00,33.827606,298.1499
1908-05-01 00:00:00,33.786896,298.53586
1908-06-01 00:00:00,33.759197,298.96054
1908-07-01 00:00:00,33.771515,299.5353
1908-08-01 00:00:00,33.81201,299.84
1908-09-01 00:00:00,33.865704,300.2904
1908-10-01 00:00:00,33.893875,300.15738
1908-11-01 00:00:00,33.905468,299.94708
1908-12-01 00:00:00,33.912354,299.45947
1909-01-01 00:00:00,33.91173,298.49658
1909-02-01 00:00:00,33.89305,297.73035
1909-03-01 00:00:00,33.866047,297.4401
1909-04-01 00:00:00,33.842075,297.53955
1909-05-01 00:00:00,33.835403,298.1462
1909-06-01 00:00:00,33.852867,298.58743
1909-07-01 00:00:00,33.882275,299.0247
1909-08-01 00:00:00,33.910828,299.35696
1909-09-01 00:00:00,33.92667,299.9541
1909-10-01 00:00:00,33.938694,299.98773
1909-11-01 00:00:00,33.946465,299.47974
1909-12-01 00:00:00,33.943085,299.07968
1910-01-01 00:00:00,33.93057,298.21362
1910-02-01 00:00:00,33.896816,297.50958
1910-03-01 00:00:00,33.837353,297.20917
1910-04-01 00:00:00,33.787647,297.34497
1910-05-01 00:00:00,33.764378,297.95944
1910-06-01 00:00:00,33.77146,298.61557
1910-07-01 00:00:00,33.780376,299.40735
1910-08-01 00:00:00,33.809746,299.71164
1910-09-01 00:00:00,33.851627,300.17212
1910-10-01 00:00:00,33.861607,300.2473
1910-11-01 00:00:00,33.875122,300.09024
1910-12-01 00:00:00,33.87981,299.6247
1911-01-01 00:00:00,33.86808,298.81995
1911-02-01 00:00:00,33.843327,297.849
1911-03-01 00:00:00,33.806137,297.64243
1911-04-01 00:00:00,33.764885,297.6397
1911-05-01 00:00:00,33.720478,298.22275
1911-06-01 00:00:00,33.74522,298.85773
1911-07-01 00:00:00,33.769318,299.26324
1911-08-01 00:00:00,33.78917,299.57434
1911-09-01 00:00:00,33.827477,300.29666
1911-10-01 00:00:00,33.85234,300.3079
1911-11-01 00:00:00,33.870884,300.234
1911-12-01 00:00:00,33.880547,299.89288
1912-01-01 00:00:00,33.874737,298.84503
1912-02-01 00:00:00,33.845425,298.31604
1912-03-01 00:00:00,33.827515,298.18356
1912-04-01 00:00:00,33.797863,298.21353
1912-05-01 00:00:00,33.77237,298.25357
1912-06-01 00:00:00,33.774746,298.7631
1912-07-01 00:00:00,33.774685,299.20175
1912-08-01 00:00:00,33.785122,299.68674
1912-09-01 00:00:00,33.82909,300.11725
1912-10-01 00:00:00,33.85715,300.2611
1912-11-01 00:00:00,33.864407,300.1174
1912-12-01 00:00:00,33.8746,299.70886
1913-01-01 00:00:00,33.871586,298.8445
1913-02-01 00:00:00,33.860382,298.149
1913-03-01 00:00:00,33.84704,298.13196
1913-04-01 00:00:00,33.815594,297.92188
1913-05-01 00:00:00,33.7937,298.23837
1913-06-01 00:00:00,33.795525,298.9303
1913-07-01 00:00:00,33.821487,299.43097
1913-08-01 00:00:00,33.854774,299.76923
1913-09-01 00:00:00,33.86822,300.36414
1913-10-01 00:00:00,33.881145,300.51086
1913-11-01 00:00:00,33.90039,300.07953
1913-12-01 00:00:00,33.918015,299.44174
1914-01-01 00:00:00,33.90685,298.64447
1914-02-01 00:00:00,33.863728,297.89215
1914-03-01 00:00:00,33.823112,297.88882
1914-04-01 00:00:00,33.802944,298.1159
1914-05-01 00:00:00,33.78188,298.22757
1914-06-01 00:00:00,33.785538,298.84018
1914-07-01 00:00:00,33.79994,299.47208
1914-08-01 00:00:00,33.83287,299.92078
1914-09-01 00:00:00,33.86366,300.23615
1914-10-01 00:00:00,33.87706,300.16403
1914-11-01 00:00:00,33.88331,299.97708
1914-12-01 00:00:00,33.883724,299.27368
1915-01-01 00:00:00,33.866776,298.4238
1915-02-01 00:00:00,33.829784,297.75568
1915-03-01 00:00:00,33.781944,297.52847
1915-04-01 00:00:00,33.751385,297.81094
1915-05-01 00:00:00,33.721867,298.38608
1915-06-01 00:00:00,33.719044,298.89285
1915-07-01 00:00:00,33.748142,299.28305
1915-08-01 00:00:00,33.79609,299.71124
1915-09-01 00:00:00,33.823925,300.11432
1915-10-01 00:00:00,33.8457,300.45557
1915-11-01 00:00:00,33.855804,300.2828
1915-12-01 00:00:00,33.86743,299.72305
1916-01-01 00:00:00,33.857513,298.7171
1916-02-01 00:00:00,33.831158,298.05426
1916-03-01 00:00:00,33.79916,297.7724
1916-04-01 00:00:00,33.76205,297.90027
1916-05-01 00:00:00,33.725243,298.69543
1916-06-01 00:00:00,33.702892,298.89566
1916-07-01 00:00:00,33.729023,299.2996
1916-08-01 00:00:00,33.794895,299.72275
1916-09-01 00:00:00,33.833054,300.1294
1916-10-01 00:00:00,33.855278,300.37775
1916-11-01 00:00:00,33.87459,300.08075
1916-12-01 00:00:00,33.891617,299.29086
1917-01-01 00:00:00,33.896294,298.62073
1917-02-01 00:00:00,33.868206,297.87387
1917-03-01 00:00:00,33.836887,297.4853
1917-04-01 00:00:00,33.80325,298.0419
1917-05-01 00:00:00,33.779457,298.52686
1917-06-01 00:00:00,33.769825,298.99017
1917-07-01 00:00:00,33.774746,299.49588
1917-08-01 00:00:00,33.81034,299.71432
1917-09-01 00:00:00,33.845272,300.0773
1917-10-01 00:00:00,33.87035,300.0891
1917-11-01 00:00:00,33.890717,299.8409
1917-12-01 00:00:00,33.895412,299.36746
1918-01-01 00:00:00,33.878902,298.5203
1918-02-01 00:00:00,33.846977,297.9169
1918-03-01 00:00:00,33.816883,297.5777
1918-04-01 00:00:00,33.78645,297.7269
1918-05-01 00:00:00,33.753204,297.91147
1918-06-01 00:00:00,33.757492,298.52258
1918-07-01 00:00:00,33.78996,298.89227
1918-08-01 00:00:00,33.85507,299.20935
1918-09-01 00:00:00,33.88769,299.64032
1918-10-01 00:00:00,33.909107,299.79877
1918-11-01 00:00:00,33.92031,299.25906
1918-12-01 00:00:00,33.924717,298.9602
1919-01-01 00:00:00,33.924656,298.15277
1919-02-01 00:00:00,33.907597,297.66037
1919-03-01 00:00:00,33.869797,297.34555
1919-04-01 00:00:00,33.840775,297.8137
1919-05-01 00:00:00,33.81649,298.2614
1919-06-01 00:00:00,33.825626,299.1134
1919-07-01 00:00:00,33.839706,299.41476
1919-08-01 00:00:00,33.87232,299.6783
1919-09-01 00:00:00,33.888042,300.11234
1919-10-01 00:00:00,33.902184,300.13226
1919-11-01 00:00:00,33.91205,300.09775
1919-12-01 00:00:00,33.91101,299.51578
1920-01-01 00:00:00,33.912144,298.72385
1920-02-01 00:00:00,33.891964,298.05673
1920-03-01 00:00:00,33.874443,297.77502
1920-04-01 00:00:00,33.84179,298.1719
1920-05-01 00:00:00,33.82316,298.49557
1920-06-01 00:00:00,33.82264,299.3225
1920-07-01 00:00:00,33.84706,299.78067
1920-08-01 00:00:00,33.881477,300.0745
1920-09-01 00:00:00,33.899323,300.45038
1920-10-01 00:00:00,33.903786,300.263
1920-11-01 00:00:00,33.904194,300.17062
1920-12-01 00:00:00,33.913826,299.5592
1921-01-01 00:00:00,33.898834,298.6377
1921-02-01 00:00:00,33.865925,298.0898
1921-03-01 00:00:00,33.827217,297.53348
1921-04-01 00:00:00,33.789845,297.93176
1921-05-01 00:00:00,33.753994,298.45032
1921-06-01 00:00:00,33.75949,298.6051
1921-07-01 00:00:00,33.764072,299.14352
1921-08-01 00:00:00,33.794167,299.54745
1921-09-01 00:00:00,33.82998,300.08472
1921-10-01 00:00:00,33.84992,300.28934
1921-11-01 00:00:00,33.862274,300.25192
1921-12-01 00:00:00,33.867096,299.73822
1922-01-01 00:00:00,33.857727,299.05664
1922-02-01 00:00:00,33.838833,298.40842
1922-03-01 00:00:00,33.810745,298.6372
1922-04-01 00:00:00,33.78401,298.94388
1922-05-01 00:00:00,33.765675,299.21445
1922-06-01 00:00:00,33.78064,299.59106
1922-07-01 00:00:00,33.80384,299.83017
1922-08-01 00:00:00,33.838387,300.18634
1922-09-01 00:00:00,33.85925,300.524
1922-10-01 00:00:00,33.877514,300.6592
1922-11-01 00:00:00,33.896587,300.36176
1922-12-01 00:00:00,33.90914,299.74765
1923-01-01 00:00:00,33.894623,298.9599
1923-02-01 00:00:00,33.849297,298.21384
1923-03-01 00:00:00,33.827736,298.0964
1923-04-01 00:00:00,33.778816,298.17365
1923-05-01 00:00:00,33.74784,298.62262
1923-06-01 00:00:00,33.753284,299.31195
1923-07-01 00:00:00,33.77737,299.60846
1923-08-01 00:00:00,33.807674,299.85324
1923-09-01 00:00:00,33.833508,300.28534
1923-10-01 00:00:00,33.841064,300.27267
1923-11-01 00:00:00,33.84262,300.16852
1923-12-01 00:00:00,33.846806,299.547
1924-01-01 00:00:00,33.84597,298.72388
1924-02-01 00:00:00,33.808163,298.0082
1924-03-01 00:00:00,33.765625,297.7113
1924-04-01 00:00:00,33.72535,297.8198
1924-05-01 00:00:00,33.71111,298.32968
1924-06-01 00:00:00,33.718437,298.98917
1924-07-01 00:00:00,33.746086,299.27225
1924-08-01 00:00:00,33.78023,299.7486
1924-09-01 00:00:00,33.81692,300.2111
1924-10-01 00:00:00,33.840183,300.31613
1924-11-01 00:00:00,33.858494,300.29816
1924-12-01 00:00:00,33.87474,299.95645
1925-01-01 00:00:00,33.86935,299.10544
1925-02-01 00:00:00,33.85013,298.32922
1925-03-01 00:00:00,33.81619,298.19418
1925-04-01 00:00:00,33.78582,298.20233
1925-05-01 00:00:00,33.77053,298.54825
1925-06-01 00:00:00,33.776756,299.21887
1925-07-01 00:00:00,33.797314,299.4526
1925-08-01 00:00:00,33.8129,299.96136
1925-09-01 00:00:00,33.835094,300.41205
1925-10-01 00:00:00,33.85458,300.38757
1925-11-01 00:00:00,33.870373,300.63474
1925-12-01 00:00:00,33.879284,300.02905
1926-01-01 00:00:00,33.8596,299.2072
1926-02-01 00:00:00,33.82152,298.29407
1926-03-01 00:00:00,33.791748,297.7386
1926-04-01 00:00:00,33.75141,297.93906
1926-05-01 00:00:00,33.71162,298.62582
1926-06-01 00:00:00,33.715714,299.47443
1926-07-01 00:00:00,33.740665,299.88712
1926-08-01 00:00:00,33.77472,300.09076
1926-09-01 00:00:00,33.811863,300.43115
1926-10-01 00:00:00,33.832905,300.21484
1926-11-01 00:00:00,33.84251,299.88855
1926-12-01 00:00:00,33.852966,299.42368
1927-01-01 00:00:00,33.85161,298.24036
1927-02-01 00:00:00,33.81217,297.4736
1927-03-01 00:00:00,33.755486,297.28287
1927-04-01 00:00:00,33.73657,297.4747
1927-05-01 00:00:00,33.71849,297.64908
1927-06-01 00:00:00,33.716965,298.20575
1927-07-01 00:00:00,33.719814,298.79114
1927-08-01 00:00:00,33.754604,299.14328
1927-09-01 00:00:00,33.807564,299.64987
1927-10-01 00:00:00,33.842823,300.06262
1927-11-01 00:00:00,33.855717,299.73386
1927-12-01 00:00:00,33.86241,299.2888
1928-01-01 00:00:00,33.8641,298.6444
1928-02-01 00:00:00,33.84363,297.81494
1928-03-01 00:00:00,33.81053,297.41763
1928-04-01 00:00:00,33.778873,297.4131
1928-05-01 00:00:00,33.772877,297.89355
1928-06-01 00:00:00,33.807472,298.60864
1928-07-01 00:00:00,33.856045,299.1361
1928-08-01 00:00:00,33.88495,299.62677
1928-09-01 00:00:00,33.90276,300.09558
1928-10-01 00:00:00,33.913723,300.0863
1928-11-01 00:00:00,33.928284,299.66885
1928-12-01 00:00:00,33.93515,299.3009
1929-01-01 00:00:00,33.913925,298.39508
1929-02-01 00:00:00,33.863384,297.57156
1929-03-01 00:00:00,33.81549,297.2254
1929-04-01 00:00:00,33.769634,297.47955
1929-05-01 00:00:00,33.738636,298.12894
1929-06-01 00:00:00,33.73475,298.30054
1929-07-01 00:00:00,33.768856,298.8874
1929-08-01 00:00:00,33.799805,299.42703
1929-09-01 00:00:00,33.83683,300.02234
1929-10-01 00:00:00,33.85617,300.14172
1929-11-01 00:00:00,33.87395,299.909
1929-12-01 00:00:00,33.890102,299.3294
1930-01-01 00:00:00,33.875942,298.5691
1930-02-01 00:00:00,33.823734,298.00946
1930-03-01 00:00:00,33.771774,298.12903
1930-04-01 00:00:00,33.744053,298.36856
1930-05-01 00:00:00,33.744656,299.1801
1930-06-01 00:00:00,33.76183,299.71164
1930-07-01 00:00:00,33.79135,299.81174
1930-08-01 00:00:00,33.82174,300.1335
1930-09-01 00:00:00,33.852375,300.68216
1930-10-01 00:00:00,33.870678,300.72488
1930-11-01 00:00:00,33.886322,300.59494
1930-12-01 00:00:00,33.900177,299.99335
1931-01-01 00:00:00,33.90239,299.14
1931-02-01 00:00:00,33.86569,298.55756
1931-03-01 00:00:00,33.83722,298.43118
1931-04-01 00:00:00,33.80474,298.6856
1931-05-01 00:00:00,33.798187,299.0567
1931-06-01 00:00:00,33.81538,299.3069
1931-07-01 00:00:00,33.82463,299.97495
1931-08-01 00:00:00,33.85825,300.35928
1931-09-01 00:00:00,33.887394,300.66177
1931-10-01 00:00:00,33.900833,300.65488
1931-11-01 00:00:00,33.91408,300.24344
1931-12-01 00:00:00,33.924477,299.7388
1932-01-01 00:00:00,33.912724,298.9398
1932-02-01 00:00:00,33.879562,298.40244
1932-03-01 00:00:00,33.84352,297.93738
1932-04-01 00:00:00,33.780952,297.7879
1932-05-01 00:00:00,33.73097,298.5282
1932-06-01 00:00:00,33.724297,298.92474
1932-07-01 00:00:00,33.74542,299.22504
1932-08-01 00:00:00,33.79349,299.61624
1932-09-01 00:00:00,33.833836,299.98877
1932-10-01 00:00:00,33.867214,299.99918
1932-11-01 00:00:00,33.88609,299.60638
1932-12-01 00:00:00,33.899006,299.03928
1933-01-01 00:00:00,33.884464,298.32156
1933-02-01 00:00:00,33.8468,297.53738
1933-03-01 00:00:00,33.81947,297.17566
1933-04-01 00:00:00,33.772133,297.47775
1933-05-01 00:00:00,33.7518,297.90634
1933-06-01 00:00:00,33.75681,298.65927
1933-07-01 00:00:00,33.768875,299.13742
1933-08-01 00:00:00,33.80567,299.4697
1933-09-01 00:00:00,33.82831,299.96277
1933-10-01 00:00:00,33.83925,300.21017
1933-11-01 00:00:00,33.85269,300.3076
1933-12-01 00:00:00,33.860355,299.75638
1934-01-01 00:00:00,33.847755,298.9705
1934-02-01 00:00:00,33.813404,298.16852
1934-03-01 00:00:00,33.773746,297.84106
1934-04-01 00:00:00,33.70791,298.1973
1934-05-01 00:00:00,33.714542,298.28842
1934-06-01 00:00:00,33.74008,298.9802
1934-07-01 00:00:00,33.772846,299.4998
1934-08-01 00:00:00,33.7999,299.89603
1934-09-01 00:00:00,33.816177,300.50336
1934-10-01 00:00:00,33.832592,300.65433
1934-11-01 00:00:00,33.837597,300.4874
1934-12-01 00:00:00,33.850685,299.97827
1935-01-01 00:00:00,33.84639,298.98416
1935-02-01 00:00:00,33.81644,298.0402
1935-03-01 00:00:00,33.778942,297.62656
1935-04-01 00:00:00,33.735657,297.6887
1935-05-01 00:00:00,33.723164,298.2492
1935-06-01 00:00:00,33.735306,298.694
1935-07-01 00:00:00,33.77377,299.36172
1935-08-01 00:00:00,33.816322,299.66397
1935-09-01 00:00:00,33.852455,300.14252
1935-10-01 00:00:00,33.86775,300.2746
1935-11-01 00:00:00,33.87436,299.95816
1935-12-01 00:00:00,33.886898,299.52884
1936-01-01 00:00:00,33.87491,298.66678
1936-02-01 00:00:00,33.866783,298.07208
1936-03-01 00:00:00,33.82419,297.95187
1936-04-01 00:00:00,33.792065,298.2428
1936-05-01 00:00:00,33.778114,298.55942
1936-06-01 00:00:00,33.793926,299.07477
1936-07-01 00:00:00,33.813755,299.52615
1936-08-01 00:00:00,33.84868,299.82004
1936-09-01 00:00:00,33.887314,300.21378
1936-10-01 00:00:00,33.89891,300.44952
1936-11-01 00:00:00,33.906963,299.9832
1936-12-01 00:00:00,33.91078,299.58093
1937-01-01 00:00:00,33.905674,298.8795
1937-02-01 00:00:00,33.860287,298.15573
1937-03-01 00:00:00,33.825573,297.84406
1937-04-01 00:00:00,33.792885,298.22324
1937-05-01 00:00:00,33.771713,298.56247
1937-06-01 00:00:00,33.765553,299.18488
1937-07-01 00:00:00,33.78566,299.68182
1937-08-01 00:00:00,33.805805,300.0066
1937-09-01 00:00:00,33.832844,300.4242
1937-10-01 00:00:00,33.874115,300.58176
1937-11-01 00:00:00,33.885876,300.10187
1937-12-01 00:00:00,33.893326,299.78708
1938-01-01 00:00:00,33.890057,298.80798
1938-02-01 00:00:00,33.867634,298.4922
1938-03-01 00:00:00,33.832233,298.57913
1938-04-01 00:00:00,33.78911,298.6311
1938-05-01 00:00:00,33.779125,298.66498
1938-06-01 00:00:00,33.79146,299.61658
1938-07-01 00:00:00,33.822456,300.12683
1938-08-01 00:00:00,33.86483,300.47458
1938-09-01 00:00:00,33.88731,300.63583
1938-10-01 00:00:00,33.908775,300.76358
1938-11-01 00:00:00,33.921772,300.88916
1938-12-01 00:00:00,33.926136,300.34512
1939-01-01 00:00:00,33.908333,299.33417
1939-02-01 00:00:00,33.868816,298.94403
1939-03-01 00:00:00,33.7945,298.75888
1939-04-01 00:00:00,33.753094,298.87012
1939-05-01 00:00:00,33.71916,299.22537
1939-06-01 00:00:00,33.704765,300.18643
1939-07-01 00:00:00,33.723705,300.6971
1939-08-01 00:00:00,33.766827,300.69257
1939-09-01 00:00:00,33.79845,300.86557
1939-10-01 00:00:00,33.814835,300.98743
1939-11-01 00:00:00,33.83241,300.91885
1939-12-01 00:00:00,33.83028,300.3895
1940-01-01 00:00:00,33.80362,299.14136
1940-02-01 00:00:00,33.758015,298.25912
1940-03-01 00:00:00,33.746365,297.79794
1940-04-01 00:00:00,33.72028,298.11057
1940-05-01 00:00:00,33.687782,298.49304
1940-06-01 00:00:00,33.670662,298.90848
1940-07-01 00:00:00,33.701294,299.1661
1940-08-01 00:00:00,33.736366,299.5388
1940-09-01 00:00:00,33.76363,300.16595
1940-10-01 00:00:00,33.789032,300.31317
1940-11-01 00:00:00,33.806046,300.18402
1940-12-01 00:00:00,33.815777,299.54184
1941-01-01 00:00:00,33.825264,298.58615
1941-02-01 00:00:00,33.81193,297.98972
1941-03-01 00:00:00,33.79936,297.33563
1941-04-01 00:00:00,33.767876,297.62427
1941-05-01 00:00:00,33.743496,298.04617
1941-06-01 00:00:00,33.765797,298.39255
1941-07-01 00:00:00,33.803238,298.86093
1941-08-01 00:00:00,33.843277,299.42532
1941-09-01 00:00:00,33.865257,299.8523
1941-10-01 00:00:00,33.87865,299.89252
1941-11-01 00:00:00,33.89315,299.6197
1941-12-01 00:00:00,33.903027,299.39395
1942-01-01 00:00:00,33.89653,298.64944
1942-02-01 00:00:00,33.87315,297.88437
1942-03-01 00:00:00,33.836433,297.50598
1942-04-01 00:00:00,33.791836,297.6231
1942-05-01 00:00:00,33.764343,298.0692
1942-06-01 00:00:00,33.7678,298.84665
1942-07-01 00:00:00,33.77689,299.2119
1942-08-01 00:00:00,33.80302,299.6106
1942-09-01 00:00:00,33.833893,299.96347
1942-10-01 00:00:00,33.86728,300.12045
1942-11-01 00:00:00,33.881622,299.8223
1942-12-01 00:00:00,33.893536,299.12924
1943-01-01 00:00:00,33.898663,298.10474
1943-02-01 00:00:00,33.88521,297.5585
1943-03-01 00:00:00,33.8521,297.30084
1943-04-01 00:00:00,33.807625,297.45123
1943-05-01 00:00:00,33.7789,298.12384
1943-06-01 00:00:00,33.78275,298.70197
1943-07-01 00:00:00,33.797794,299.11755
1943-08-01 00:00:00,33.845467,299.5785
1943-09-01 00:00:00,33.883057,299.97055
1943-10-01 00:00:00,33.90843,300.04016
1943-11-01 00:00:00,33.926586,299.96326
1943-12-01 00:00:00,33.939568,299.42673
1944-01-01 00:00:00,33.93361,298.49173
1944-02-01 00:00:00,33.913982,297.62796
1944-03-01 00:00:00,33.8813,297.57086
1944-04-01 00:00:00,33.851604,297.83313
1944-05-01 00:00:00,33.838715,298.34952
1944-06-01 00:00:00,33.839336,299.1358
1944-07-01 00:00:00,33.864822,299.51343
1944-08-01 00:00:00,33.88339,299.93338
1944-09-01 00:00:00,33.902763,300.4418
1944-10-01 00:00:00,33.915047,300.53906
1944-11-01 00:00:00,33.92627,300.28415
1944-12-01 00:00:00,33.938442,299.86612
1945-01-01 00:00:00,33.927387,299.39804
1945-02-01 00:00:00,33.877144,298.7319
1945-03-01 00:00:00,33.814693,298.71844
1945-04-01 00:00:00,33.801304,298.93375
1945-05-01 00:00:00,33.796116,299.3115
1945-06-01 00:00:00,33.8153,299.94174
1945-07-01 00:00:00,33.85054,300.36075
1945-08-01 00:00:00,33.865982,300.62335
1945-09-01 00:00:00,33.877373,300.81073
1945-10-01 00:00:00,33.88773,300.9198
1945-11-01 00:00:00,33.901276,300.63388
1945-12-01 00:00:00,33.915897,299.92307
1946-01-01 00:00:00,33.9071,298.9236
1946-02-01 00:00:00,33.873875,298.09424
1946-03-01 00:00:00,33.837032,298.0112
1946-04-01 00:00:00,33.813644,298.12097
1946-05-01 00:00:00,33.799755,298.85486
1946-06-01 00:00:00,33.811653,299.48547
1946-07-01 00:00:00,33.832924,299.65927
1946-08-01 00:00:00,33.866722,300.04578
1946-09-01 00:00:00,33.885242,300.3908
1946-10-01 00:00:00,33.90305,300.62967
1946-11-01 00:00:00,33.92209,300.56882
1946-12-01 00:00:00,33.92756,300.0051
1947-01-01 00:00:00,33.921955,299.02994
1947-02-01 00:00:00,33.89403,298.27158
1947-03-01 00:00:00,33.865578,297.84998
1947-04-01 00:00:00,33.826195,297.98795
1947-05-01 00:00:00,33.78735,298.5576
1947-06-01 00:00:00,33.798946,299.21796
1947-07-01 00:00:00,33.81919,299.40237
1947-08-01 00:00:00,33.8604,299.64438
1947-09-01 00:00:00,33.887306,300.15726
1947-10-01 00:00:00,33.892174,300.29962
1947-11-01 00:00:00,33.906967,299.99286
1947-12-01 00:00:00,33.921852,299.43192
1948-01-01 00:00:00,33.91576,298.78735
1948-02-01 00:00:00,33.871807,298.0529
1948-03-01 00:00:00,33.821465,297.6788
1948-04-01 00:00:00,33.799946,297.4416
1948-05-01 00:00:00,33.787815,298.08572
1948-06-01 00:00:00,33.79235,298.72305
1948-07-01 00:00:00,33.810543,299.03674
1948-08-01 00:00:00,33.842106,299.51126
1948-09-01 00:00:00,33.87008,299.9095
1948-10-01 00:00:00,33.88112,300.01688
1948-11-01 00:00:00,33.892498,299.8458
1948-12-01 00:00:00,33.892868,299.4189
1949-01-01 00:00:00,33.87823,298.6612
1949-02-01 00:00:00,33.83771,298.1459
1949-03-01 00:00:00,33.798588,297.97723
1949-04-01 00:00:00,33.76227,298.16965
1949-05-01 00:00:00,33.761032,298.9369
1949-06-01 00:00:00,33.763805,299.54636
1949-07-01 00:00:00,33.777637,300.17957
1949-08-01 00:00:00,33.813652,300.3437
1949-09-01 00:00:00,33.854507,300.5603
1949-10-01 00:00:00,33.871696,300.85168
1949-11-01 00:00:00,33.880463,300.31927
1949-12-01 00:00:00,33.875923,299.70972
1950-01-01 00:00:00,33.848618,299.0514
1950-02-01 00:00:00,33.80307,298.20676
1950-03-01 00:00:00,33.78438,297.90765
1950-04-01 00:00:00,33.751186,298.15585
1950-05-01 00:00:00,33.727173,298.76462
1950-06-01 00:00:00,33.737038,299.31024
1950-07-01 00:00:00,33.76287,299.6741
1950-08-01 00:00:00,33.796116,299.79895
1950-09-01 00:00:00,33.823257,300.42477
1950-10-01 00:00:00,33.836773,300.5545
1950-11-01 00:00:00,33.85789,300.19617
1950-12-01 00:00:00,33.867336,299.7211
1951-01-01 00:00:00,33.84034,298.76733
1951-02-01 00:00:00,33.817623,298.2022
1951-03-01 00:00:00,33.801395,297.82358
1951-04-01 00:00:00,33.775963,297.7248
1951-05-01 00:00:00,33.76519,298.34723
1951-06-01 00:00:00,33.78058,298.8034
1951-07-01 00:00:00,33.803776,299.48413
1951-08-01 00:00:00,33.853676,299.94852
1951-09-01 00:00:00,33.89958,300.43854
1951-10-01 00:00:00,33.922035,300.3762
1951-11-01 00:00:00,33.93375,300.30786
1951-12-01 00:00:00,33.92656,299.74347
1952-01-01 00:00:00,33.874443,298.79565
1952-02-01 00:00:00,33.8192,298.10138
1952-03-01 00:00:00,33.792553,297.49158
1952-04-01 00:00:00,33.77719,297.71497
1952-05-01 00:00:00,33.75324,298.1205
1952-06-01 00:00:00,33.758057,298.7281
1952-07-01 00:00:00,33.77897,299.18018
1952-08-01 00:00:00,33.80956,299.6676
1952-09-01 00:00:00,33.84421,300.19897
1952-10-01 00:00:00,33.86032,300.16678
1952-11-01 00:00:00,33.86815,299.81458
1952-12-01 00:00:00,33.852333,299.28522
1953-01-01 00:00:00,33.830467,298.46487
1953-02-01 00:00:00,33.78755,297.81622
1953-03-01 00:00:00,33.730324,297.47043
1953-04-01 00:00:00,33.713306,297.7667
1953-05-01 00:00:00,33.698853,297.94373
1953-06-01 00:00:00,33.714302,298.5758
1953-07-01 00:00:00,33.7453,298.9962
1953-08-01 00:00:00,33.795177,299.50534
1953-09-01 00:00:00,33.83065,299.91306
1953-10-01 00:00:00,33.84987,299.9828
1953-11-01 00:00:00,33.87124,299.5113
1953-12-01 00:00:00,33.87674,299.27603
1954-01-01 00:00:00,33.872635,298.25177
1954-02-01 00:00:00,33.86658,297.4653
1954-03-01 00:00:00,33.86194,297.23926
1954-04-01 00:00:00,33.844364,297.22614
1954-05-01 00:00:00,33.818,297.89636
1954-06-01 00:00:00,33.80288,298.61975
1954-07-01 00:00:00,33.816326,299.05228
1954-08-01 00:00:00,33.854248,299.3382
1954-09-01 00:00:00,33.88921,299.84103
1954-10-01 00:00:00,33.90949,300.00623
1954-11-01 00:00:00,33.915745,300.09427
1954-12-01 00:00:00,33.923412,299.5669
1955-01-01 00:00:00,33.917343,298.38748
1955-02-01 00:00:00,33.904503,297.78192
1955-03-01 00:00:00,33.887337,297.62585
1955-04-01 00:00:00,33.810028,297.8092
1955-05-01 00:00:00,33.76493,298.17844
1955-06-01 00:00:00,33.766647,298.9714
1955-07-01 00:00:00,33.80785,299.52286
1955-08-01 00:00:00,33.862556,299.90607
1955-09-01 00:00:00,33.892124,300.4874
1955-10-01 00:00:00,33.898273,300.34573
1955-11-01 00:00:00,33.911324,300.21014
1955-12-01 00:00:00,33.927975,299.83987
1956-01-01 00:00:00,33.906124,298.92725
1956-02-01 00:00:00,33.869236,298.1755
1956-03-01 00:00:00,33.818985,298.0991
1956-04-01 00:00:00,33.763325,298.19687
1956-05-01 00:00:00,33.73836,298.6364
1956-06-01 00:00:00,33.76031,299.42764
1956-07-01 00:00:00,33.799232,299.92166
1956-08-01 00:00:00,33.833897,300.31995
1956-09-01 00:00:00,33.872322,300.8502
1956-10-01 00:00:00,33.894268,300.8191
1956-11-01 00:00:00,33.90663,300.51456
1956-12-01 00:00:00,33.9119,299.84174
1957-01-01 00:00:00,33.89388,298.8471
1957-02-01 00:00:00,33.881714,298.5449
1957-03-01 00:00:00,33.85301,298.3452
1957-04-01 00:00:00,33.806805,298.67627
1957-05-01 00:00:00,33.770504,299.0179
1957-06-01 00:00:00,33.75375,299.65723
1957-07-01 00:00:00,33.7797,300.15167
1957-08-01 00:00:00,33.8046,300.49417
1957-09-01 00:00:00,33.83735,300.76456
1957-10-01 00:00:00,33.849686,301.01538
1957-11-01 00:00:00,33.860092,300.9063
1957-12-01 00:00:00,33.862423,300.3401
1958-01-01 00:00:00,33.864407,299.08743
1958-02-01 00:00:00,33.84432,298.42392
1958-03-01 00:00:00,33.798553,298.24722
1958-04-01 00:00:00,33.759613,298.57834
1958-05-01 00:00:00,33.744106,299.2948
1958-06-01 00:00:00,33.762302,300.0005
1958-07-01 00:00:00,33.809933,300.35513
1958-08-01 00:00:00,33.85925,300.39343
1958-09-01 00:00:00,33.87117,300.54626
1958-10-01 00:00:00,33.8866,300.91852
1958-11-01 00:00:00,33.89682,300.6356
1958-12-01 00:00:00,33.897064,300.12625
1959-01-01 00:00:00,33.875744,299.18555
1959-02-01 00:00:00,33.84228,298.3876
1959-03-01 00:00:00,33.802803,298.2215
1959-04-01 00:00:00,33.749073,298.2622
1959-05-01 00:00:00,33.70287,299.14743
1959-06-01 00:00:00,33.708,299.50467
1959-07-01 00:00:00,33.726368,299.83682
1959-08-01 00:00:00,33.752243,300.04575
1959-09-01 00:00:00,33.78899,300.5717
1959-10-01 00:00:00,33.80912,300.6776
1959-11-01 00:00:00,33.824913,300.37204
1959-12-01 00:00:00,33.816402,300.01852
1960-01-01 00:00:00,33.79467,299.2295
1960-02-01 00:00:00,33.762524,298.57935
1960-03-01 00:00:00,33.737534,298.34763
1960-04-01 00:00:00,33.688038,298.6717
1960-05-01 00:00:00,33.687435,299.25082
1960-06-01 00:00:00,33.70014,299.41257
1960-07-01 00:00:00,33.71762,300.06543
1960-08-01 00:00:00,33.762268,300.27985
1960-09-01 00:00:00,33.80895,300.7178
1960-10-01 00:00:00,33.836746,300.69382
1960-11-01 00:00:00,33.855488,300.44876
1960-12-01 00:00:00,33.865654,299.88184
1961-01-01 00:00:00,33.86382,298.85815
1961-02-01 00:00:00,33.83341,297.9565
1961-03-01 00:00:00,33.798897,297.5598
1961-04-01 00:00:00,33.76532,297.80508
1961-05-01 00:00:00,33.726254,298.14978
1961-06-01 00:00:00,33.730812,298.3416
1961-07-01 00:00:00,33.744835,298.7928
1961-08-01 00:00:00,33.783806,299.46606
1961-09-01 00:00:00,33.82617,300.04132
1961-10-01 00:00:00,33.841618,300.0198
1961-11-01 00:00:00,33.860836,300.02353
1961-12-01 00:00:00,33.874027,299.473
1962-01-01 00:00:00,33.86276,298.54688
1962-02-01 00:00:00,33.84106,297.7283
1962-03-01 00:00:00,33.81879,297.4414
1962-04-01 00:00:00,33.793335,297.52176
1962-05-01 00:00:00,33.765457,297.99234
1962-06-01 00:00:00,33.77924,298.56186
1962-07-01 00:00:00,33.78394,298.96985
1962-08-01 00:00:00,33.82985,299.3247
1962-09-01 00:00:00,33.860863,299.77063
1962-10-01 00:00:00,33.885223,299.88644
1962-11-01 00:00:00,33.90686,299.63763
1962-12-01 00:00:00,33.923157,299.21692
1963-01-01 00:00:00,33.895153,298.65405
1963-02-01 00:00:00,33.825283,297.6595
1963-03-01 00:00:00,33.76748,297.44595
1963-04-01 00:00:00,33.751858,297.66516
1963-05-01 00:00:00,33.75116,298.59485
1963-06-01 00:00:00,33.772663,299.4293
1963-07-01 00:00:00,33.80987,299.65347
1963-08-01 00:00:00,33.8419,299.753
1963-09-01 00:00:00,33.86717,300.04065
1963-10-01 00:00:00,33.878246,300.18344
1963-11-01 00:00:00,33.881218,299.8679
1963-12-01 00:00:00,33.871994,299.3084
1964-01-01 00:00:00,33.84177,298.6012
1964-02-01 00:00:00,33.809837,298.03656
1964-03-01 00:00:00,33.796074,297.62845
1964-04-01 00:00:00,33.777763,297.92697
1964-05-01 00:00:00,33.756638,298.40384
1964-06-01 00:00:00,33.768738,299.00195
1964-07-01 00:00:00,33.767715,299.39258
1964-08-01 00:00:00,33.79654,299.7625
1964-09-01 00:00:00,33.839573,299.99042
1964-10-01 00:00:00,33.86827,300.11154
1964-11-01 00:00:00,33.88478,300.23993
1964-12-01 00:00:00,33.893147,299.69897
1965-01-01 00:00:00,33.899853,298.74445
1965-02-01 00:00:00,33.873676,298.006
1965-03-01 00:00:00,33.827328,297.81107
1965-04-01 00:00:00,33.80693,297.84592
1965-05-01 00:00:00,33.785152,298.16565
1965-06-01 00:00:00,33.787945,298.58743
1965-07-01 00:00:00,33.814163,298.83743
1965-08-01 00:00:00,33.845764,299.29
1965-09-01 00:00:00,33.873074,299.71838
1965-10-01 00:00:00,33.90152,299.8394
1965-11-01 00:00:00,33.91843,299.45923
1965-12-01 00:00:00,33.92794,298.799
1966-01-01 00:00:00,33.924553,298.10672
1966-02-01 00:00:00,33.916687,297.47556
1966-03-01 00:00:00,33.89706,297.14114
1966-04-01 00:00:00,33.85972,297.43192
1966-05-01 00:00:00,33.847095,297.62378
1966-06-01 00:00:00,33.86249,298.2881
1966-07-01 00:00:00,33.89646,298.82135
1966-08-01 00:00:00,33.925014,299.13196
1966-09-01 00:00:00,33.935627,299.8784
1966-10-01 00:00:00,33.950123,300.05917
1966-11-01 00:00:00,33.963123,299.9894
1966-12-01 00:00:00,33.97611,299.75613
1967-01-01 00:00:00,33.957382,298.88824
1967-02-01 00:00:00,33.914474,298.1791
1967-03-01 00:00:00,33.848175,297.7595
1967-04-01 00:00:00,33.802837,298.2055
1967-05-01 00:00:00,33.786842,298.473
1967-06-01 00:00:00,33.796658,299.1031
1967-07-01 00:00:00,33.809254,299.62628
1967-08-01 00:00:00,33.83211,299.89395
1967-09-01 00:00:00,33.848354,300.23254
1967-10-01 00:00:00,33.85544,300.31808
1967-11-01 00:00:00,33.873253,300.10757
1967-12-01 00:00:00,33.86521,300.0068
1968-01-01 00:00:00,33.83665,299.15094
1968-02-01 00:00:00,33.78245,298.82684
1968-03-01 00:00:00,33.744267,298.80667
1968-04-01 00:00:00,33.723568,298.91437
1968-05-01 00:00:00,33.725437,299.13608
1968-06-01 00:00:00,33.759197,299.65717
1968-07-01 00:00:00,33.803387,300.14993
1968-08-01 00:00:00,33.852554,300.52408
1968-09-01 00:00:00,33.87421,300.72263
1968-10-01 00:00:00,33.878216,300.84482
1968-11-01 00:00:00,33.88663,300.27478
1968-12-01 00:00:00,33.89462,299.66333
1969-01-01 00:00:00,33.88983,299.02808
1969-02-01 00:00:00,33.86097,298.3152
1969-03-01 00:00:00,33.827583,297.80304
1969-04-01 00:00:00,33.777008,298.09735
1969-05-01 00:00:00,33.732643,298.14258
1969-06-01 00:00:00,33.73095,298.64545
1969-07-01 00:00:00,33.747498,299.13525
1969-08-01 00:00:00,33.807507,299.498
1969-09-01 00:00:00,33.83422,299.94232
1969-10-01 00:00:00,33.84563,300.11728
1969-11-01 00:00:00,33.858086,299.6897
1969-12-01 00:00:00,33.87155,299.4505
1970-01-01 00:00:00,33.85056,298.3484
1970-02-01 00:00:00,33.827652,297.5376
1970-03-01 00:00:00,33.80491,297.41263
1970-04-01 00:00:00,33.7712,297.6934
1970-05-01 00:00:00,33.744617,298.05954
1970-06-01 00:00:00,33.756332,298.4893
1970-07-01 00:00:00,33.785595,299.0667
1970-08-01 00:00:00,33.822628,299.40372
1970-09-01 00:00:00,33.84639,299.70895
1970-10-01 00:00:00,33.862053,300.01306
1970-11-01 00:00:00,33.869514,299.77048
1970-12-01 00:00:00,33.87182,299.18137
1971-01-01 00:00:00,33.852207,298.35165
1971-02-01 00:00:00,33.80888,297.82083
1971-03-01 00:00:00,33.78408,297.29495
1971-04-01 00:00:00,33.748096,297.63547
1971-05-01 00:00:00,33.730515,297.8151
1971-06-01 00:00:00,33.732536,298.59427
1971-07-01 00:00:00,33.75709,298.85898
1971-08-01 00:00:00,33.779423,299.4438
1971-09-01 00:00:00,33.818253,299.9155
1971-10-01 00:00:00,33.83085,299.8934
1971-11-01 00:00:00,33.84281,299.5851
1971-12-01 00:00:00,33.84854,299.06238
1972-01-01 00:00:00,33.8189,298.3175
1972-02-01 00:00:00,33.78038,297.889
1972-03-01 00:00:00,33.735233,297.8707
1972-04-01 00:00:00,33.728443,297.85376
1972-05-01 00:00:00,33.729477,298.30704
1972-06-01 00:00:00,33.73241,299.2209
1972-07-01 00:00:00,33.76265,299.5128
1972-08-01 00:00:00,33.81165,299.84
1972-09-01 00:00:00,33.855392,300.18915
1972-10-01 00:00:00,33.88517,300.30804
1972-11-01 00:00:00,33.90028,300.56824
1972-12-01 00:00:00,33.89935,300.20276
1973-01-01 00:00:00,33.859173,299.42316
1973-02-01 00:00:00,33.832798,298.94525
1973-03-01 00:00:00,33.797935,298.8431
1973-04-01 00:00:00,33.77389,299.1413
1973-05-01 00:00:00,33.76979,299.8231
1973-06-01 00:00:00,33.788464,300.52454
1973-07-01 00:00:00,33.812016,300.86972
1973-08-01 00:00:00,33.84601,300.71448
1973-09-01 00:00:00,33.872578,300.77097
1973-10-01 00:00:00,33.89154,300.87936
1973-11-01 00:00:00,33.894867,300.76782
1973-12-01 00:00:00,33.903915,300.19278
1974-01-01 00:00:00,33.91746,299.33395
1974-02-01 00:00:00,33.90413,298.27017
1974-03-01 00:00:00,33.883717,297.87616
1974-04-01 00:00:00,33.85646,298.10208
1974-05-01 00:00:00,33.83499,298.52765
1974-06-01 00:00:00,33.84207,298.8826
1974-07-01 00:00:00,33.848072,299.29755
1974-08-01 00:00:00,33.877728,299.77036
1974-09-01 00:00:00,33.90054,300.09717
1974-10-01 00:00:00,33.911037,300.1297
1974-11-01 00:00:00,33.9209,299.8195
1974-12-01 00:00:00,33.929794,299.32513
1975-01-01 00:00:00,33.93509,298.35257
1975-02-01 00:00:00,33.902466,297.61514
1975-03-01 00:00:00,33.8314,297.2791
1975-04-01 00:00:00,33.78735,297.14044
1975-05-01 00:00:00,33.748783,297.4662
1975-06-01 00:00:00,33.752377,298.36255
1975-07-01 00:00:00,33.772823,299.06653
1975-08-01 00:00:00,33.818504,299.52515
1975-09-01 00:00:00,33.85325,299.94962
1975-10-01 00:00:00,33.86712,300.22775
1975-11-01 00:00:00,33.879955,300.0602
1975-12-01 00:00:00,33.883263,298.97467
1976-01-01 00:00:00,33.878414,298.10648
1976-02-01 00:00:00,33.84546,297.22952
1976-03-01 00:00:00,33.806435,297.08163
1976-04-01 00:00:00,33.758232,297.20322
1976-05-01 00:00:00,33.739223,297.50693
1976-06-01 00:00:00,33.74729,298.48984
1976-07-01 00:00:00,33.774994,298.97534
1976-08-01 00:00:00,33.80924,299.51443
1976-09-01 00:00:00,33.831734,299.94324
1976-10-01 00:00:00,33.839752,300.0241
1976-11-01 00:00:00,33.848274,300.13647
1976-12-01 00:00:00,33.851215,299.33936
1977-01-01 00:00:00,33.843,298.09338
1977-02-01 00:00:00,33.83009,297.33273
1977-03-01 00:00:00,33.803993,297.18332
1977-04-01 00:00:00,33.781967,297.19458
1977-05-01 00:00:00,33.774242,297.62308
1977-06-01 00:00:00,33.77245,298.38177
1977-07-01 00:00:00,33.79514,298.81107
1977-08-01 00:00:00,33.842484,299.54657
1977-09-01 00:00:00,33.87707,300.21344
1977-10-01 00:00:00,33.898518,300.2044
1977-11-01 00:00:00,33.924454,299.98325
1977-12-01 00:00:00,33.951233,299.45502
1978-01-01 00:00:00,33.960114,298.68695
1978-02-01 00:00:00,33.94179,297.86853
1978-03-01 00:00:00,33.915997,297.54175
1978-04-01 00:00:00,33.875057,297.6982
1978-05-01 00:00:00,33.86189,298.31503
1978-06-01 00:00:00,33.89118,298.93234
1978-07-01 00:00:00,33.919563,299.32333
1978-08-01 00:00:00,33.95718,299.79395
1978-09-01 00:00:00,33.977085,300.17697
1978-10-01 00:00:00,33.990047,300.17923
1978-11-01 00:00:00,34.01233,300.06982
1978-12-01 00:00:00,34.02196,299.5249
1979-01-01 00:00:00,34.02542,298.7289
1979-02-01 00:00:00,33.99543,298.02957
1979-03-01 00:00:00,33.936115,297.80276
1979-04-01 00:00:00,33.912193,297.74487
1979-05-01 00:00:00,33.898952,298.47437
1979-06-01 00:00:00,33.908447,298.80945
1979-07-01 00:00:00,33.93563,299.39392
1979-08-01 00:00:00,33.946117,299.74994
1979-09-01 00:00:00,33.956352,300.1705
1979-10-01 00:00:00,33.968315,300.32742
1979-11-01 00:00:00,33.97241,300.08624
1979-12-01 00:00:00,33.979996,299.59894
1980-01-01 00:00:00,33.96407,298.63275
1980-02-01 00:00:00,33.9138,298.0222
1980-03-01 00:00:00,33.85181,298.03836
1980-04-01 00:00:00,33.810966,298.27167
1980-05-01 00:00:00,33.7967,298.8045
1980-06-01 00:00:00,33.80008,299.68918
1980-07-01 00:00:00,33.83748,299.8361
1980-08-01 00:00:00,33.875355,300.1547
1980-09-01 00:00:00,33.894344,300.50925
1980-10-01 00:00:00,33.9072,300.60175
1980-11-01 00:00:00,33.91553,300.5865
1980-12-01 00:00:00,33.920403,299.96106
1981-01-01 00:00:00,33.904987,299.2771
1981-02-01 00:00:00,33.870846,298.6205
1981-03-01 00:00:00,33.79884,298.87384
1981-04-01 00:00:00,33.74206,299.16425
1981-05-01 00:00:00,33.732304,299.35086
1981-06-01 00:00:00,33.7596,299.6905
1981-07-01 00:00:00,33.810963,300.27676
1981-08-01 00:00:00,33.844334,300.45624
1981-09-01 00:00:00,33.868618,300.8718
1981-10-01 00:00:00,33.882835,300.97314
1981-11-01 00:00:00,33.892174,300.71945
1981-12-01 00:00:00,33.898903,299.8752
1982-01-01 00:00:00,33.88195,298.80112
1982-02-01 00:00:00,33.85734,298.11002
1982-03-01 00:00:00,33.81159,297.92078
1982-04-01 00:00:00,33.74901,297.91788
1982-05-01 00:00:00,33.730267,298.15295
1982-06-01 00:00:00,33.73502,298.7227
1982-07-01 00:00:00,33.75389,299.31305
1982-08-01 00:00:00,33.777878,299.74396
1982-09-01 00:00:00,33.821533,300.13824
1982-10-01 00:00:00,33.834282,300.17865
1982-11-01 00:00:00,33.847984,299.99115
1982-12-01 00:00:00,33.850025,299.42487
1983-01-01 00:00:00,33.83865,298.6848
1983-02-01 00:00:00,33.821903,297.78217
1983-03-01 00:00:00,33.802372,297.57596
1983-04-01 00:00:00,33.79445,297.64548
1983-05-01 00:00:00,33.77236,297.77588
1983-06-01 00:00:00,33.7784,298.4703
1983-07-01 00:00:00,33.799126,298.919
1983-08-01 00:00:00,33.840633,299.3972
1983-09-01 00:00:00,33.87097,299.83203
1983-10-01 00:00:00,33.88949,299.9383
1983-11-01 00:00:00,33.899094,300.06543
1983-12-01 00:00:00,33.899677,299.49933
1984-01-01 00:00:00,33.88235,298.72296
1984-02-01 00:00:00,33.8471,298.02466
1984-03-01 00:00:00,33.811806,297.84058
1984-04-01 00:00:00,33.77052,297.9467
1984-05-01 00:00:00,33.751446,298.35437
1984-06-01 00:00:00,33.74932,298.81827
1984-07-01 00:00:00,33.77071,299.0408
1984-08-01 00:00:00,33.8133,299.4893
1984-09-01 00:00:00,33.846878,300.07544
1984-10-01 00:00:00,33.8625,300.1249
1984-11-01 00:00:00,33.877224,299.62854
1984-12-01 00:00:00,33.884937,299.20123
1985-01-01 00:00:00,33.87594,298.67978
1985-02-01 00:00:00,33.850754,298.30994
1985-03-01 00:00:00,33.81563,298.1156
1985-04-01 00:00:00,33.80871,298.37286
1985-05-01 00:00:00,33.81102,298.9434
1985-06-01 00:00:00,33.81985,299.59332
1985-07-01 00:00:00,33.83657,299.8229
1985-08-01 00:00:00,33.86813,300.22903
1985-09-01 00:00:00,33.907513,300.6057
1985-10-01 00:00:00,33.931736,300.67584
1985-11-01 00:00:00,33.953648,300.46048
1985-12-01 00:00:00,33.976807,300.11002
1986-01-01 00:00:00,33.96637,299.19736
1986-02-01 00:00:00,33.94527,298.44888
1986-03-01 00:00:00,33.922268,298.11035
1986-04-01 00:00:00,33.867012,298.26462
1986-05-01 00:00:00,33.847466,298.91653
1986-06-01 00:00:00,33.865433,299.757
1986-07-01 00:00:00,33.903618,300.19452
1986-08-01 00:00:00,33.939373,300.4121
1986-09-01 00:00:00,33.959667,300.59644
1986-10-01 00:00:00,33.97495,300.6307
1986-11-01 00:00:00,33.986954,300.55676
1986-12-01 00:00:00,33.993496,300.1148
1987-01-01 00:00:00,33.97789,299.43668
1987-02-01 00:00:00,33.923016,298.9064
1987-03-01 00:00:00,33.88913,298.5807
1987-04-01 00:00:00,33.843582,298.4931
1987-05-01 00:00:00,33.803734,298.92242
1987-06-01 00:00:00,33.80551,299.61945
1987-07-01 00:00:00,33.830227,299.80804
1987-08-01 00:00:00,33.879303,300.20657
1987-09-01 00:00:00,33.9067,300.7242
1987-10-01 00:00:00,33.919254,300.52838
1987-11-01 00:00:00,33.92449,300.59192
1987-12-01 00:00:00,33.921535,300.13065
1988-01-01 00:00:00,33.905075,299.28284
1988-02-01 00:00:00,33.86429,298.33234
1988-03-01 00:00:00,33.85367,298.23236
1988-04-01 00:00:00,33.814636,298.5349
1988-05-01 00:00:00,33.775463,299.53613
1988-06-01 00:00:00,33.774326,300.02618
1988-07-01 00:00:00,33.798294,300.07346
1988-08-01 00:00:00,33.829865,300.27844
1988-09-01 00:00:00,33.846687,300.56915
1988-10-01 00:00:00,33.860332,300.45212
1988-11-01 00:00:00,33.867188,300.4395
1988-12-01 00:00:00,33.86989,299.91727
1989-01-01 00:00:00,33.849503,299.07
1989-02-01 00:00:00,33.80573,298.29514
1989-03-01 00:00:00,33.764484,297.91705
1989-04-01 00:00:00,33.723637,297.9621
1989-05-01 00:00:00,33.684082,298.3568
1989-06-01 00:00:00,33.694004,298.88162
1989-07-01 00:00:00,33.71306,299.24454
1989-08-01 00:00:00,33.75738,299.67072
1989-09-01 00:00:00,33.793766,300.08807
1989-10-01 00:00:00,33.814667,300.1661
1989-11-01 00:00:00,33.82802,300.03076
1989-12-01 00:00:00,33.836227,299.5452
1990-01-01 00:00:00,33.82728,298.6543
1990-02-01 00:00:00,33.802425,297.66855
1990-03-01 00:00:00,33.76657,297.1888
1990-04-01 00:00:00,33.717747,297.20016
1990-05-01 00:00:00,33.711647,297.84692
1990-06-01 00:00:00,33.73555,298.58075
1990-07-01 00:00:00,33.75758,299.1586
1990-08-01 00:00:00,33.801956,299.70892
1990-09-01 00:00:00,33.839504,300.2621
1990-10-01 00:00:00,33.857555,300.347
1990-11-01 00:00:00,33.874992,300.06836
1990-12-01 00:00:00,33.89176,299.54956
1991-01-01 00:00:00,33.894855,298.84137
1991-02-01 00:00:00,33.870144,298.41223
1991-03-01 00:00:00,33.84137,298.4515
1991-04-01 00:00:00,33.80002,298.47333
1991-05-01 00:00:00,33.783455,299.08716
1991-06-01 00:00:00,33.803513,299.74554
1991-07-01 00:00:00,33.82919,300.10043
1991-08-01 00:00:00,33.86445,300.0111
1991-09-01 00:00:00,33.886497,300.39865
1991-10-01 00:00:00,33.901016,300.5728
1991-11-01 00:00:00,33.917812,300.13174
1991-12-01 00:00:00,33.923767,299.70816
1992-01-01 00:00:00,33.921135,298.95316
1992-02-01 00:00:00,33.870674,298.318
1992-03-01 00:00:00,33.80087,298.19965
1992-04-01 00:00:00,33.742805,298.34756
1992-05-01 00:00:00,33.725945,298.50967
1992-06-01 00:00:00,33.73699,299.40924
1992-07-01 00:00:00,33.77603,299.70688
1992-08-01 00:00:00,33.83436,300.03662
1992-09-01 00:00:00,33.86567,300.37372
1992-10-01 00:00:00,33.887768,300.47464
1992-11-01 00:00:00,33.90824,300.0691
1992-12-01 00:00:00,33.91735,299.77512
1993-01-01 00:00:00,33.89417,299.1071
1993-02-01 00:00:00,33.865955,298.2779
1993-03-01 00:00:00,33.8149,298.04178
1993-04-01 00:00:00,33.796303,298.24252
1993-05-01 00:00:00,33.772102,298.8221
1993-06-01 00:00:00,33.787598,299.56924
1993-07-01 00:00:00,33.811985,299.78864
1993-08-01 00:00:00,33.849873,300.00952
1993-09-01 00:00:00,33.88478,300.3956
1993-10-01 00:00:00,33.894417,300.40955
1993-11-01 00:00:00,33.915707,300.32004
1993-12-01 00:00:00,33.92034,299.51352
1994-01-01 00:00:00,33.89716,298.53815
1994-02-01 00:00:00,33.886497,297.77005
1994-03-01 00:00:00,33.864964,297.3214
1994-04-01 00:00:00,33.816723,297.45273
1994-05-01 00:00:00,33.809902,298.14304
1994-06-01 00:00:00,33.80725,298.67795
1994-07-01 00:00:00,33.835762,299.0049
1994-08-01 00:00:00,33.888027,299.6065
1994-09-01 00:00:00,33.90806,299.9814
1994-10-01 00:00:00,33.92314,299.97122
1994-11-01 00:00:00,33.93716,300.03394
1994-12-01 00:00:00,33.944374,299.5279
1995-01-01 00:00:00,33.930637,298.64322
1995-02-01 00:00:00,33.896664,297.83545
1995-03-01 00:00:00,33.859837,297.5164
1995-04-01 00:00:00,33.7994,297.66852
1995-05-01 00:00:00,33.77897,298.07858
1995-06-01 00:00:00,33.80388,298.51202
1995-07-01 00:00:00,33.841244,298.8798
1995-08-01 00:00:00,33.88122,299.37936
1995-09-01 00:00:00,33.90143,299.95358
1995-10-01 00:00:00,33.913166,300.23773
1995-11-01 00:00:00,33.91866,300.12317
1995-12-01 00:00:00,33.9128,299.4574
1996-01-01 00:00:00,33.895912,298.57904
1996-02-01 00:00:00,33.88898,298.0116
1996-03-01 00:00:00,33.87193,297.8996
1996-04-01 00:00:00,33.823814,298.06686
1996-05-01 00:00:00,33.781124,298.72885
1996-06-01 00:00:00,33.779556,299.53873
1996-07-01 00:00:00,33.790752,299.62143
1996-08-01 00:00:00,33.822918,299.94125
1996-09-01 00:00:00,33.84341,300.2777
1996-10-01 00:00:00,33.856853,300.34268
1996-11-01 00:00:00,33.86867,300.5391
1996-12-01 00:00:00,33.88246,299.98187
1997-01-01 00:00:00,33.87694,299.1699
1997-02-01 00:00:00,33.856857,298.69952
1997-03-01 00:00:00,33.81936,298.36288
1997-04-01 00:00:00,33.785385,298.62283
1997-05-01 00:00:00,33.778732,298.9375
1997-06-01 00:00:00,33.780247,299.30957
1997-07-01 00:00:00,33.806957,299.75635
1997-08-01 00:00:00,33.851463,300.09122
1997-09-01 00:00:00,33.881157,300.56985
1997-10-01 00:00:00,33.898785,300.66718
1997-11-01 00:00:00,33.90869,300.4578
1997-12-01 00:00:00,33.919716,299.7215
1998-01-01 00:00:00,33.91173,298.76337
1998-02-01 00:00:00,33.88362,298.09534
1998-03-01 00:00:00,33.85454,297.71896
1998-04-01 00:00:00,33.79426,297.76306
1998-05-01 00:00:00,33.7722,298.23013
1998-06-01 00:00:00,33.787945,298.98868
1998-07-01 00:00:00,33.825573,299.30862
1998-08-01 00:00:00,33.887657,299.62976
1998-09-01 00:00:00,33.9051,299.93033
1998-10-01 00:00:00,33.914932,300.07715
1998-11-01 00:00:00,33.922756,299.81543
1998-12-01 00:00:00,33.92211,299.47125
1999-01-01 00:00:00,33.910915,298.70087
1999-02-01 00:00:00,33.879116,298.04636
1999-03-01 00:00:00,33.847404,297.67572
1999-04-01 00:00:00,33.812836,297.61493
1999-05-01 00:00:00,33.794853,298.58365
1999-06-01 00:00:00,33.790718,299.26834
1999-07-01 00:00:00,33.79525,299.4472
1999-08-01 00:00:00,33.82262,299.76068
1999-09-01 00:00:00,33.85521,300.33514
1999-10-01 00:00:00,33.873856,300.4756
1999-11-01 00:00:00,33.884678,300.4602
1999-12-01 00:00:00,33.88995,299.71683
2000-01-01 00:00:00,33.865055,298.77634
2000-02-01 00:00:00,33.802814,298.1426
2000-03-01 00:00:00,33.770775,298.0762
2000-04-01 00:00:00,33.738934,298.3082
2000-05-01 00:00:00,33.700947,298.87225
2000-06-01 00:00:00,33.735107,299.46118
2000-07-01 00:00:00,33.770584,299.84836
2000-08-01 00:00:00,33.828655,300.2049
2000-09-01 00:00:00,33.85978,300.5551
2000-10-01 00:00:00,33.87953,300.71017
2000-11-01 00:00:00,33.891132,300.54044
2000-12-01 00:00:00,33.895332,300.22626
2001-01-01 00:00:00,33.891735,299.56116
2001-02-01 00:00:00,33.8593,298.87247
2001-03-01 00:00:00,33.811283,298.62375
2001-04-01 00:00:00,33.770046,298.85062
2001-05-01 00:00:00,33.74134,299.43
2001-06-01 00:00:00,33.745365,299.8942
2001-07-01 00:00:00,33.780758,300.24005
2001-08-01 00:00:00,33.8137,300.53293
2001-09-01 00:00:00,33.82354,300.88095
2001-10-01 00:00:00,33.822975,300.9581
2001-11-01 00:00:00,33.824543,300.89108
2001-12-01 00:00:00,33.831886,300.40436
2002-01-01 00:00:00,33.82509,299.37692
2002-02-01 00:00:00,33.803555,298.30634
2002-03-01 00:00:00,33.77309,297.9606
2002-04-01 00:00:00,33.7556,298.03323
2002-05-01 00:00:00,33.73613,298.26358
2002-06-01 00:00:00,33.7412,298.9602
2002-07-01 00:00:00,33.753292,299.53717
2002-08-01 00:00:00,33.79266,299.97388
2002-09-01 00:00:00,33.82719,300.60492
2002-10-01 00:00:00,33.843376,300.65393
2002-11-01 00:00:00,33.86619,300.491
2002-12-01 00:00:00,33.883957,299.87494
2003-01-01 00:00:00,33.87658,298.73193
2003-02-01 00:00:00,33.842648,297.94537
2003-03-01 00:00:00,33.817062,297.45148
2003-04-01 00:00:00,33.76286,297.37982
2003-05-01 00:00:00,33.730587,298.0076
2003-06-01 00:00:00,33.739643,298.71274
2003-07-01 00:00:00,33.76192,299.1311
2003-08-01 00:00:00,33.806576,299.5639
2003-09-01 00:00:00,33.82503,300.03687
2003-10-01 00:00:00,33.844902,300.0292
2003-11-01 00:00:00,33.858707,299.90338
2003-12-01 00:00:00,33.862656,299.1995
2004-01-01 00:00:00,33.83109,298.51215
2004-02-01 00:00:00,33.807198,297.93878
2004-03-01 00:00:00,33.78266,297.573
2004-04-01 00:00:00,33.74482,297.74176
2004-05-01 00:00:00,33.717697,298.34714
2004-06-01 00:00:00,33.741253,298.691
2004-07-01 00:00:00,33.774433,299.1296
2004-08-01 00:00:00,33.81253,299.69647
2004-09-01 00:00:00,33.844727,300.2115
2004-10-01 00:00:00,33.868248,300.33112
2004-11-01 00:00:00,33.88535,300.2324
2004-12-01 00:00:00,33.897984,299.70004
2005-01-01 00:00:00,33.89932,299.01855
2005-02-01 00:00:00,33.879642,298.30328
2005-03-01 00:00:00,33.84334,297.82733
2005-04-01 00:00:00,33.801144,298.24457
2005-05-01 00:00:00,33.77904,298.86023
2005-06-01 00:00:00,33.803295,299.12296
2005-07-01 00:00:00,33.83696,299.5549
2005-08-01 00:00:00,33.872852,300.1261
2005-09-01 00:00:00,33.89636,300.56787
2005-10-01 00:00:00,33.91223,300.6183
2005-11-01 00:00:00,33.930035,300.59964
2005-12-01 00:00:00,33.94469,299.89474
