time,PSL
1850-02-01 00:00:00,2.3927612
1850-03-01 00:00:00,1.8447876
1850-04-01 00:00:00,1.5894775
1850-05-01 00:00:00,0.2841797
1850-06-01 00:00:00,0.6623535
1850-07-01 00:00:00,-0.5852051
1850-08-01 00:00:00,-0.31103516
1850-09-01 00:00:00,0.8029175
1850-10-01 00:00:00,0.44171143
1850-11-01 00:00:00,0.09729004
1850-12-01 00:00:00,1.090271
1851-01-01 00:00:00,0.38775635
1851-02-01 00:00:00,-0.34143066
1851-03-01 00:00:00,-1.5147705
1851-04-01 00:00:00,-0.7531128
1851-05-01 00:00:00,-1.7573853
1851-06-01 00:00:00,-0.7781372
1851-07-01 00:00:00,-2.1549072
1851-08-01 00:00:00,-0.80773926
1851-09-01 00:00:00,-1.6199951
1851-10-01 00:00:00,-1.9411621
1851-11-01 00:00:00,-2.1107178
1851-12-01 00:00:00,-1.9297485
1852-01-01 00:00:00,-2.302246
1852-02-01 00:00:00,-2.6875
1852-03-01 00:00:00,-3.7667847
1852-04-01 00:00:00,-2.6120605
1852-05-01 00:00:00,-0.8397217
1852-06-01 00:00:00,-0.8196411
1852-07-01 00:00:00,0.2166748
1852-08-01 00:00:00,2.453003
1852-09-01 00:00:00,3.1845703
1852-10-01 00:00:00,3.272522
1852-11-01 00:00:00,2.9257202
1852-12-01 00:00:00,3.1191406
1853-01-01 00:00:00,3.659912
1853-02-01 00:00:00,3.7090454
1853-03-01 00:00:00,3.043457
1853-04-01 00:00:00,2.4747925
1853-05-01 00:00:00,2.8395386
1853-06-01 00:00:00,2.3135376
1853-07-01 00:00:00,3.1519775
1853-08-01 00:00:00,3.5056152
1853-09-01 00:00:00,3.5787964
1853-10-01 00:00:00,3.8930664
1853-11-01 00:00:00,3.4180298
1853-12-01 00:00:00,3.3964233
1854-01-01 00:00:00,3.2781372
1854-02-01 00:00:00,3.3319702
1854-03-01 00:00:00,2.4802246
1854-04-01 00:00:00,1.8779297
1854-05-01 00:00:00,1.2896729
1854-06-01 00:00:00,1.501648
1854-07-01 00:00:00,1.8185425
1854-08-01 00:00:00,2.4806519
1854-09-01 00:00:00,3.048523
1854-10-01 00:00:00,2.8422241
1854-11-01 00:00:00,2.741455
1854-12-01 00:00:00,3.142212
1855-01-01 00:00:00,2.8978271
1855-02-01 00:00:00,2.795105
1855-03-01 00:00:00,1.1571655
1855-04-01 00:00:00,0.6576538
1855-05-01 00:00:00,1.1952515
1855-06-01 00:00:00,-0.37121582
1855-07-01 00:00:00,-0.25439453
1855-08-01 00:00:00,0.1204834
1855-09-01 00:00:00,0.29992676
1855-10-01 00:00:00,0.26226807
1855-11-01 00:00:00,0.7373657
1855-12-01 00:00:00,1.0710449
1856-01-01 00:00:00,1.1575317
1856-02-01 00:00:00,1.2880859
1856-03-01 00:00:00,1.208435
1856-04-01 00:00:00,1.3947754
1856-05-01 00:00:00,1.7540283
1856-06-01 00:00:00,2.61792
1856-07-01 00:00:00,3.942627
1856-08-01 00:00:00,4.708374
1856-09-01 00:00:00,4.848938
1856-10-01 00:00:00,4.689575
1856-11-01 00:00:00,4.5456543
1856-12-01 00:00:00,4.909546
1857-01-01 00:00:00,5.3795776
1857-02-01 00:00:00,3.9829102
1857-03-01 00:00:00,4.3519897
1857-04-01 00:00:00,2.482605
1857-05-01 00:00:00,2.3423462
1857-06-01 00:00:00,2.0297241
1857-07-01 00:00:00,1.7946777
1857-08-01 00:00:00,2.5853882
1857-09-01 00:00:00,2.9326782
1857-10-01 00:00:00,2.675232
1857-11-01 00:00:00,2.7996826
1857-12-01 00:00:00,3.140503
1858-01-01 00:00:00,2.8378296
1858-02-01 00:00:00,2.4922485
1858-03-01 00:00:00,2.6398926
1858-04-01 00:00:00,1.2805786
1858-05-01 00:00:00,0.5152588
1858-06-01 00:00:00,1.3145752
1858-07-01 00:00:00,1.6999512
1858-08-01 00:00:00,1.4558716
1858-09-01 00:00:00,3.057495
1858-10-01 00:00:00,2.2020874
1858-11-01 00:00:00,2.880188
1858-12-01 00:00:00,3.2478027
1859-01-01 00:00:00,2.7114868
1859-02-01 00:00:00,2.6627197
1859-03-01 00:00:00,1.2974854
1859-04-01 00:00:00,0.74017334
1859-05-01 00:00:00,0.3125
1859-06-01 00:00:00,0.11315918
1859-07-01 00:00:00,-0.22546387
1859-08-01 00:00:00,0.28985596
1859-09-01 00:00:00,0.27856445
1859-10-01 00:00:00,0.7206421
1859-11-01 00:00:00,0.8060913
1859-12-01 00:00:00,1.6393433
1860-01-01 00:00:00,1.0355225
1860-02-01 00:00:00,0.42938232
1860-03-01 00:00:00,0.9830322
1860-04-01 00:00:00,-0.4389038
1860-05-01 00:00:00,0.3184204
1860-06-01 00:00:00,1.1183472
1860-07-01 00:00:00,1.6945801
1860-08-01 00:00:00,2.7427979
1860-09-01 00:00:00,2.4154053
1860-10-01 00:00:00,3.1151123
1860-11-01 00:00:00,2.6165771
1860-12-01 00:00:00,2.9916382
1861-01-01 00:00:00,3.5271606
1861-02-01 00:00:00,2.7380981
1861-03-01 00:00:00,2.6868896
1861-04-01 00:00:00,1.409668
1861-05-01 00:00:00,1.8479004
1861-06-01 00:00:00,0.77368164
1861-07-01 00:00:00,1.7585449
1861-08-01 00:00:00,2.6795654
1861-09-01 00:00:00,3.3708496
1861-10-01 00:00:00,2.753662
1861-11-01 00:00:00,3.0039673
1861-12-01 00:00:00,3.6223755
1862-01-01 00:00:00,4.111267
1862-02-01 00:00:00,2.8380737
1862-03-01 00:00:00,2.479065
1862-04-01 00:00:00,1.241272
1862-05-01 00:00:00,0.65008545
1862-06-01 00:00:00,-0.1416626
1862-07-01 00:00:00,0.58343506
1862-08-01 00:00:00,-0.08892822
1862-09-01 00:00:00,0.14874268
1862-10-01 00:00:00,0.32250977
1862-11-01 00:00:00,0.2921753
1862-12-01 00:00:00,0.4024048
1863-01-01 00:00:00,0.7349243
1863-02-01 00:00:00,0.40667725
1863-03-01 00:00:00,-0.95336914
1863-04-01 00:00:00,0.2529297
1863-05-01 00:00:00,-0.7158203
1863-06-01 00:00:00,-1.6108398
1863-07-01 00:00:00,-1.114563
1863-08-01 00:00:00,-0.37213135
1863-09-01 00:00:00,-0.7156372
1863-10-01 00:00:00,-0.6946411
1863-11-01 00:00:00,-0.35424805
1863-12-01 00:00:00,-1.0758667
1864-01-01 00:00:00,-0.7897949
1864-02-01 00:00:00,-1.8814697
1864-03-01 00:00:00,-1.6555176
1864-04-01 00:00:00,-1.2514648
1864-05-01 00:00:00,-0.80133057
1864-06-01 00:00:00,-1.5007935
1864-07-01 00:00:00,-1.5603027
1864-08-01 00:00:00,0.2935791
1864-09-01 00:00:00,-0.09082031
1864-10-01 00:00:00,0.2607422
1864-11-01 00:00:00,-0.054504395
1864-12-01 00:00:00,1.3078003
1865-01-01 00:00:00,1.4765015
1865-02-01 00:00:00,-0.018127441
1865-03-01 00:00:00,0.6789551
1865-04-01 00:00:00,0.22064209
1865-05-01 00:00:00,1.2785034
1865-06-01 00:00:00,1.7831421
1865-07-01 00:00:00,2.499878
1865-08-01 00:00:00,3.526184
1865-09-01 00:00:00,3.5474854
1865-10-01 00:00:00,3.9712524
1865-11-01 00:00:00,4.2178955
1865-12-01 00:00:00,3.1847534
1866-01-01 00:00:00,3.7037354
1866-02-01 00:00:00,3.25531
1866-03-01 00:00:00,2.076477
1866-04-01 00:00:00,1.2546997
1866-05-01 00:00:00,1.5956421
1866-06-01 00:00:00,1.0758057
1866-07-01 00:00:00,0.8288574
1866-08-01 00:00:00,2.100647
1866-09-01 00:00:00,2.4484253
1866-10-01 00:00:00,2.293335
1866-11-01 00:00:00,2.5665894
1866-12-01 00:00:00,3.293274
1867-01-01 00:00:00,3.8237305
1867-02-01 00:00:00,3.2370605
1867-03-01 00:00:00,2.4993286
1867-04-01 00:00:00,1.6741943
1867-05-01 00:00:00,1.4943848
1867-06-01 00:00:00,0.88708496
1867-07-01 00:00:00,1.2718506
1867-08-01 00:00:00,1.5386963
1867-09-01 00:00:00,1.8530273
1867-10-01 00:00:00,1.5379028
1867-11-01 00:00:00,2.4243164
1867-12-01 00:00:00,1.2764282
1868-01-01 00:00:00,1.9858398
1868-02-01 00:00:00,1.9995728
1868-03-01 00:00:00,0.051574707
1868-04-01 00:00:00,-0.6633301
1868-05-01 00:00:00,0.09259033
1868-06-01 00:00:00,-1.2023926
1868-07-01 00:00:00,-0.7803955
1868-08-01 00:00:00,-1.6044312
1868-09-01 00:00:00,-1.6398315
1868-10-01 00:00:00,-1.824585
1868-11-01 00:00:00,-1.8970947
1868-12-01 00:00:00,-1.2282104
1869-01-01 00:00:00,-2.9608765
1869-02-01 00:00:00,-3.7418823
1869-03-01 00:00:00,-2.8173828
1869-04-01 00:00:00,-3.1937256
1869-05-01 00:00:00,-1.859436
1869-06-01 00:00:00,-1.3508301
1869-07-01 00:00:00,-0.61206055
1869-08-01 00:00:00,0.41314697
1869-09-01 00:00:00,1.0134277
1869-10-01 00:00:00,2.314087
1869-11-01 00:00:00,2.7914429
1869-12-01 00:00:00,3.2115479
1870-01-01 00:00:00,2.696289
1870-02-01 00:00:00,2.6915894
1870-03-01 00:00:00,2.6066284
1870-04-01 00:00:00,1.9041748
1870-05-01 00:00:00,1.805603
1870-06-01 00:00:00,2.2927246
1870-07-01 00:00:00,2.7197876
1870-08-01 00:00:00,3.5270996
1870-09-01 00:00:00,3.6210327
1870-10-01 00:00:00,3.734192
1870-11-01 00:00:00,3.22937
1870-12-01 00:00:00,3.2297974
1871-01-01 00:00:00,3.8477783
1871-02-01 00:00:00,3.399353
1871-03-01 00:00:00,2.75
1871-04-01 00:00:00,2.1802979
1871-05-01 00:00:00,2.1202393
1871-06-01 00:00:00,1.5045776
1871-07-01 00:00:00,2.5596924
1871-08-01 00:00:00,3.9777832
1871-09-01 00:00:00,3.8112793
1871-10-01 00:00:00,4.067688
1871-11-01 00:00:00,2.9191284
1871-12-01 00:00:00,3.4649048
1872-01-01 00:00:00,3.671753
1872-02-01 00:00:00,3.44458
1872-03-01 00:00:00,3.6749268
1872-04-01 00:00:00,1.5783691
1872-05-01 00:00:00,1.3656006
1872-06-01 00:00:00,1.5070801
1872-07-01 00:00:00,1.1193848
1872-08-01 00:00:00,1.5684204
1872-09-01 00:00:00,2.3795776
1872-10-01 00:00:00,2.8302002
1872-11-01 00:00:00,2.5423584
1872-12-01 00:00:00,3.1114502
1873-01-01 00:00:00,3.3231812
1873-02-01 00:00:00,2.74115
1873-03-01 00:00:00,1.5612793
1873-04-01 00:00:00,1.3748779
1873-05-01 00:00:00,1.3760986
1873-06-01 00:00:00,1.4084473
1873-07-01 00:00:00,0.7543335
1873-08-01 00:00:00,1.8470459
1873-09-01 00:00:00,1.9663696
1873-10-01 00:00:00,2.3423462
1873-11-01 00:00:00,1.7075195
1873-12-01 00:00:00,2.5700073
1874-01-01 00:00:00,2.4575195
1874-02-01 00:00:00,1.8643799
1874-03-01 00:00:00,1.2346802
1874-04-01 00:00:00,1.288208
1874-05-01 00:00:00,1.6524048
1874-06-01 00:00:00,1.5303955
1874-07-01 00:00:00,1.9506226
1874-08-01 00:00:00,2.421997
1874-09-01 00:00:00,2.9904175
1874-10-01 00:00:00,2.5810547
1874-11-01 00:00:00,2.543518
1874-12-01 00:00:00,3.2575073
1875-01-01 00:00:00,2.859375
1875-02-01 00:00:00,2.5980225
1875-03-01 00:00:00,1.7679443
1875-04-01 00:00:00,0.9361572
1875-05-01 00:00:00,1.3826294
1875-06-01 00:00:00,0.9176636
1875-07-01 00:00:00,0.8795166
1875-08-01 00:00:00,1.3933716
1875-09-01 00:00:00,1.288147
1875-10-01 00:00:00,1.5593872
1875-11-01 00:00:00,1.4695435
1875-12-01 00:00:00,1.6641235
1876-01-01 00:00:00,1.8841553
1876-02-01 00:00:00,0.97106934
1876-03-01 00:00:00,0.17156982
1876-04-01 00:00:00,0.008361816
1876-05-01 00:00:00,-0.95062256
1876-06-01 00:00:00,0.09350586
1876-07-01 00:00:00,0.62542725
1876-08-01 00:00:00,1.0346069
1876-09-01 00:00:00,1.5646973
1876-10-01 00:00:00,1.0844116
1876-11-01 00:00:00,1.5117798
1876-12-01 00:00:00,1.5931396
1877-01-01 00:00:00,1.9431763
1877-02-01 00:00:00,1.1339722
1877-03-01 00:00:00,0.43579102
1877-04-01 00:00:00,-0.3166504
1877-05-01 00:00:00,0.79833984
1877-06-01 00:00:00,0.35882568
1877-07-01 00:00:00,0.9846802
1877-08-01 00:00:00,2.1505737
1877-09-01 00:00:00,2.2566528
1877-10-01 00:00:00,2.5946655
1877-11-01 00:00:00,2.489685
1877-12-01 00:00:00,3.1226807
1878-01-01 00:00:00,3.3950195
1878-02-01 00:00:00,3.3029175
1878-03-01 00:00:00,2.354187
1878-04-01 00:00:00,1.8547363
1878-05-01 00:00:00,1.5720825
1878-06-01 00:00:00,1.9923096
1878-07-01 00:00:00,2.3101807
1878-08-01 00:00:00,2.5881348
1878-09-01 00:00:00,3.050232
1878-10-01 00:00:00,2.8302612
1878-11-01 00:00:00,2.5201416
1878-12-01 00:00:00,3.303955
1879-01-01 00:00:00,3.6011353
1879-02-01 00:00:00,2.5340576
1879-03-01 00:00:00,2.1569824
1879-04-01 00:00:00,2.383545
1879-05-01 00:00:00,0.65563965
1879-06-01 00:00:00,1.309082
1879-07-01 00:00:00,2.1634521
1879-08-01 00:00:00,2.2302246
1879-09-01 00:00:00,2.893982
1879-10-01 00:00:00,3.3990479
1879-11-01 00:00:00,3.0076904
1879-12-01 00:00:00,3.7141724
1880-01-01 00:00:00,3.8808594
1880-02-01 00:00:00,2.8874512
1880-03-01 00:00:00,3.0224
1880-04-01 00:00:00,2.3845825
1880-05-01 00:00:00,1.7067871
1880-06-01 00:00:00,1.6851807
1880-07-01 00:00:00,2.5413818
1880-08-01 00:00:00,2.8526
1880-09-01 00:00:00,3.2681274
1880-10-01 00:00:00,3.1570435
1880-11-01 00:00:00,3.0228271
1880-12-01 00:00:00,3.0596313
1881-01-01 00:00:00,3.6811523
1881-02-01 00:00:00,3.8162231
1881-03-01 00:00:00,2.8098755
1881-04-01 00:00:00,1.2906494
1881-05-01 00:00:00,1.6264648
1881-06-01 00:00:00,1.4594116
1881-07-01 00:00:00,1.2687378
1881-08-01 00:00:00,2.140442
1881-09-01 00:00:00,2.5882568
1881-10-01 00:00:00,2.4433594
1881-11-01 00:00:00,2.7040405
1881-12-01 00:00:00,3.3408203
1882-01-01 00:00:00,3.4335327
1882-02-01 00:00:00,2.3919678
1882-03-01 00:00:00,1.5036621
1882-04-01 00:00:00,1.65979
1882-05-01 00:00:00,0.3963623
1882-06-01 00:00:00,-0.06677246
1882-07-01 00:00:00,0.040161133
1882-08-01 00:00:00,0.8244629
1882-09-01 00:00:00,1.1985474
1882-10-01 00:00:00,1.3903198
1882-11-01 00:00:00,1.0858765
1882-12-01 00:00:00,1.5720825
1883-01-01 00:00:00,0.8984375
1883-02-01 00:00:00,0.359375
1883-03-01 00:00:00,0.55340576
1883-04-01 00:00:00,-0.80596924
1883-05-01 00:00:00,-0.5142212
1883-06-01 00:00:00,-1.3446045
1883-07-01 00:00:00,-0.49951172
1883-08-01 00:00:00,-0.34606934
1883-09-01 00:00:00,-0.097839355
1883-10-01 00:00:00,0.027404785
1883-11-01 00:00:00,0.12042236
1883-12-01 00:00:00,0.6654053
1884-01-01 00:00:00,0.98083496
1884-02-01 00:00:00,0.022583008
1884-03-01 00:00:00,-1.3877563
1884-04-01 00:00:00,-0.9520874
1884-05-01 00:00:00,-0.68640137
1884-06-01 00:00:00,-2.3248901
1884-07-01 00:00:00,-0.6760254
1884-08-01 00:00:00,-0.9090576
1884-09-01 00:00:00,-1.1831055
1884-10-01 00:00:00,-0.17773438
1884-11-01 00:00:00,-0.54626465
1884-12-01 00:00:00,0.14764404
1885-01-01 00:00:00,-0.41125488
1885-02-01 00:00:00,-1.2581787
1885-03-01 00:00:00,-1.5760498
1885-04-01 00:00:00,-1.9622803
1885-05-01 00:00:00,-1.8271484
1885-06-01 00:00:00,-0.90979004
1885-07-01 00:00:00,-2.7626953
1885-08-01 00:00:00,-1.1230469
1885-09-01 00:00:00,-1.6465454
1885-10-01 00:00:00,-2.77063
1885-11-01 00:00:00,-1.409668
1885-12-01 00:00:00,-1.2212524
1886-01-01 00:00:00,-1.6773071
1886-02-01 00:00:00,-3.1246948
1886-03-01 00:00:00,-2.8479004
1886-04-01 00:00:00,-2.7312622
1886-05-01 00:00:00,-1.5169067
1886-06-01 00:00:00,-1.3677979
1886-07-01 00:00:00,0.020446777
1886-08-01 00:00:00,1.8418579
1886-09-01 00:00:00,1.7713623
1886-10-01 00:00:00,2.6654053
1886-11-01 00:00:00,2.5039673
1886-12-01 00:00:00,2.9360352
1887-01-01 00:00:00,3.1758423
1887-02-01 00:00:00,2.8626099
1887-03-01 00:00:00,3.2902832
1887-04-01 00:00:00,2.3691406
1887-05-01 00:00:00,2.6315308
1887-06-01 00:00:00,2.4787598
1887-07-01 00:00:00,2.47583
1887-08-01 00:00:00,3.7597656
1887-09-01 00:00:00,4.0737305
1887-10-01 00:00:00,3.9815674
1887-11-01 00:00:00,3.5167236
1887-12-01 00:00:00,3.19458
1888-01-01 00:00:00,3.3919067
1888-02-01 00:00:00,2.3721924
1888-03-01 00:00:00,1.9655151
1888-04-01 00:00:00,0.98968506
1888-05-01 00:00:00,0.7374878
1888-06-01 00:00:00,0.2718506
1888-07-01 00:00:00,1.0719604
1888-08-01 00:00:00,1.8546753
1888-09-01 00:00:00,2.2939453
1888-10-01 00:00:00,2.3795776
1888-11-01 00:00:00,2.1138306
1888-12-01 00:00:00,2.5962524
1889-01-01 00:00:00,3.1029053
1889-02-01 00:00:00,1.8037109
1889-03-01 00:00:00,1.9882812
1889-04-01 00:00:00,0.43145752
1889-05-01 00:00:00,0.7614746
1889-06-01 00:00:00,0.052490234
1889-07-01 00:00:00,-0.37139893
1889-08-01 00:00:00,-0.50219727
1889-09-01 00:00:00,-0.6795654
1889-10-01 00:00:00,-0.2835083
1889-11-01 00:00:00,-0.7279053
1889-12-01 00:00:00,-1.6958008
1890-01-01 00:00:00,-0.74053955
1890-02-01 00:00:00,-2.253418
1890-03-01 00:00:00,-2.6692505
1890-04-01 00:00:00,-1.3091431
1890-05-01 00:00:00,-1.5796509
1890-06-01 00:00:00,-1.6669922
1890-07-01 00:00:00,-0.043945312
1890-08-01 00:00:00,0.4255371
1890-09-01 00:00:00,0.66156006
1890-10-01 00:00:00,0.7591553
1890-11-01 00:00:00,0.8674927
1890-12-01 00:00:00,1.6383057
1891-01-01 00:00:00,2.08313
1891-02-01 00:00:00,1.8064575
1891-03-01 00:00:00,1.329773
1891-04-01 00:00:00,1.526062
1891-05-01 00:00:00,1.5650024
1891-06-01 00:00:00,1.1900024
1891-07-01 00:00:00,1.9873047
1891-08-01 00:00:00,2.383728
1891-09-01 00:00:00,2.9448853
1891-10-01 00:00:00,2.307312
1891-11-01 00:00:00,2.5819092
1891-12-01 00:00:00,2.6913452
1892-01-01 00:00:00,2.9630127
1892-02-01 00:00:00,2.977539
1892-03-01 00:00:00,2.8571167
1892-04-01 00:00:00,2.1519775
1892-05-01 00:00:00,1.7793579
1892-06-01 00:00:00,1.6105347
1892-07-01 00:00:00,2.1065063
1892-08-01 00:00:00,2.9580078
1892-09-01 00:00:00,3.1992798
1892-10-01 00:00:00,2.99646
1892-11-01 00:00:00,2.7976685
1892-12-01 00:00:00,3.4110718
1893-01-01 00:00:00,3.154541
1893-02-01 00:00:00,3.0523071
1893-03-01 00:00:00,2.8572998
1893-04-01 00:00:00,1.930603
1893-05-01 00:00:00,1.2371216
1893-06-01 00:00:00,1.5449219
1893-07-01 00:00:00,1.890625
1893-08-01 00:00:00,2.2496338
1893-09-01 00:00:00,2.8155518
1893-10-01 00:00:00,2.7908325
1893-11-01 00:00:00,3.16156
1893-12-01 00:00:00,2.5843506
1894-01-01 00:00:00,2.7814941
1894-02-01 00:00:00,2.7758179
1894-03-01 00:00:00,2.571045
1894-04-01 00:00:00,0.8972168
1894-05-01 00:00:00,0.9460449
1894-06-01 00:00:00,1.1466675
1894-07-01 00:00:00,1.0928955
1894-08-01 00:00:00,1.5197754
1894-09-01 00:00:00,1.6328735
1894-10-01 00:00:00,2.2070923
1894-11-01 00:00:00,2.1279907
1894-12-01 00:00:00,2.4658203
1895-01-01 00:00:00,2.357605
1895-02-01 00:00:00,1.9620972
1895-03-01 00:00:00,1.1373901
1895-04-01 00:00:00,-0.5617676
1895-05-01 00:00:00,-0.59521484
1895-06-01 00:00:00,0.02935791
1895-07-01 00:00:00,-0.796875
1895-08-01 00:00:00,-0.59906006
1895-09-01 00:00:00,0.062927246
1895-10-01 00:00:00,0.6801758
1895-11-01 00:00:00,0.13458252
1895-12-01 00:00:00,0.979187
1896-01-01 00:00:00,0.93481445
1896-02-01 00:00:00,0.87109375
1896-03-01 00:00:00,-0.06842041
1896-04-01 00:00:00,-0.7363281
1896-05-01 00:00:00,-1.036499
1896-06-01 00:00:00,0.6084595
1896-07-01 00:00:00,1.2262573
1896-08-01 00:00:00,0.98168945
1896-09-01 00:00:00,1.8239746
1896-10-01 00:00:00,1.8479004
1896-11-01 00:00:00,1.5028076
1896-12-01 00:00:00,2.0366821
1897-01-01 00:00:00,2.1519775
1897-02-01 00:00:00,2.0524902
1897-03-01 00:00:00,1.8207397
1897-04-01 00:00:00,1.4398193
1897-05-01 00:00:00,1.4858398
1897-06-01 00:00:00,1.8809814
1897-07-01 00:00:00,1.7890015
1897-08-01 00:00:00,2.5524292
1897-09-01 00:00:00,3.0455322
1897-10-01 00:00:00,2.8399048
1897-11-01 00:00:00,2.7148438
1897-12-01 00:00:00,3.1679077
1898-01-01 00:00:00,2.9641724
1898-02-01 00:00:00,2.8377075
1898-03-01 00:00:00,1.2206421
1898-04-01 00:00:00,0.7312622
1898-05-01 00:00:00,-0.60510254
1898-06-01 00:00:00,0.19647217
1898-07-01 00:00:00,-0.26263428
1898-08-01 00:00:00,-0.19091797
1898-09-01 00:00:00,-0.1776123
1898-10-01 00:00:00,0.5476074
1898-11-01 00:00:00,0.1842041
1898-12-01 00:00:00,0.7305908
1899-01-01 00:00:00,-0.33135986
1899-02-01 00:00:00,-1.4988403
1899-03-01 00:00:00,-0.48883057
1899-04-01 00:00:00,-0.88739014
1899-05-01 00:00:00,0.83239746
1899-06-01 00:00:00,0.045837402
1899-07-01 00:00:00,-0.14916992
1899-08-01 00:00:00,0.7896118
1899-09-01 00:00:00,1.1133423
1899-10-01 00:00:00,1.21698
1899-11-01 00:00:00,0.9366455
1899-12-01 00:00:00,2.2478027
1900-01-01 00:00:00,1.671875
1900-02-01 00:00:00,1.2009277
1900-03-01 00:00:00,1.0349731
1900-04-01 00:00:00,0.57250977
1900-05-01 00:00:00,0.8126221
1900-06-01 00:00:00,1.3779297
1900-07-01 00:00:00,2.3928223
1900-08-01 00:00:00,3.222229
1900-09-01 00:00:00,3.0200195
1900-10-01 00:00:00,3.0437622
1900-11-01 00:00:00,2.6599731
1900-12-01 00:00:00,3.4830933
1901-01-01 00:00:00,3.4325562
1901-02-01 00:00:00,3.4466553
1901-03-01 00:00:00,3.4694214
1901-04-01 00:00:00,2.0442505
1901-05-01 00:00:00,2.7113647
1901-06-01 00:00:00,2.107605
1901-07-01 00:00:00,2.4327393
1901-08-01 00:00:00,3.5195312
1901-09-01 00:00:00,4.0289917
1901-10-01 00:00:00,3.9725952
1901-11-01 00:00:00,3.291809
1901-12-01 00:00:00,4.2644043
1902-01-01 00:00:00,3.7039185
1902-02-01 00:00:00,3.755005
1902-03-01 00:00:00,2.1036377
1902-04-01 00:00:00,1.8241577
1902-05-01 00:00:00,1.03125
1902-06-01 00:00:00,1.5101929
1902-07-01 00:00:00,0.5378418
1902-08-01 00:00:00,0.9610596
1902-09-01 00:00:00,1.9937134
1902-10-01 00:00:00,1.3374634
1902-11-01 00:00:00,1.44104
1902-12-01 00:00:00,1.4420776
1903-01-01 00:00:00,1.458374
1903-02-01 00:00:00,1.4509277
1903-03-01 00:00:00,0.6571045
1903-04-01 00:00:00,1.0331421
1903-05-01 00:00:00,0.48449707
1903-06-01 00:00:00,0.19677734
1903-07-01 00:00:00,0.68865967
1903-08-01 00:00:00,1.3044434
1903-09-01 00:00:00,1.6472778
1903-10-01 00:00:00,1.4522705
1903-11-01 00:00:00,1.4314575
1903-12-01 00:00:00,1.571228
1904-01-01 00:00:00,2.3538818
1904-02-01 00:00:00,1.645874
1904-03-01 00:00:00,1.935669
1904-04-01 00:00:00,1.086853
1904-05-01 00:00:00,0.84490967
1904-06-01 00:00:00,2.2931519
1904-07-01 00:00:00,2.706482
1904-08-01 00:00:00,3.324768
1904-09-01 00:00:00,3.7616577
1904-10-01 00:00:00,3.333252
1904-11-01 00:00:00,3.6393433
1904-12-01 00:00:00,3.4154053
1905-01-01 00:00:00,3.734375
1905-02-01 00:00:00,3.2651367
1905-03-01 00:00:00,1.885376
1905-04-01 00:00:00,1.4786377
1905-05-01 00:00:00,1.3152466
1905-06-01 00:00:00,0.9445801
1905-07-01 00:00:00,1.2988892
1905-08-01 00:00:00,1.8873291
1905-09-01 00:00:00,2.5838013
1905-10-01 00:00:00,2.352356
1905-11-01 00:00:00,2.5860596
1905-12-01 00:00:00,2.7556152
1906-01-01 00:00:00,2.6885376
1906-02-01 00:00:00,2.4175415
1906-03-01 00:00:00,1.8039551
1906-04-01 00:00:00,1.3981323
1906-05-01 00:00:00,1.0404053
1906-06-01 00:00:00,0.59020996
1906-07-01 00:00:00,1.1107178
1906-08-01 00:00:00,1.7501831
1906-09-01 00:00:00,2.3866577
1906-10-01 00:00:00,1.9435425
1906-11-01 00:00:00,2.4191284
1906-12-01 00:00:00,1.8483276
1907-01-01 00:00:00,1.9864502
1907-02-01 00:00:00,2.0859375
1907-03-01 00:00:00,0.19342041
1907-04-01 00:00:00,0.5366821
1907-05-01 00:00:00,-0.7342529
1907-06-01 00:00:00,-0.35205078
1907-07-01 00:00:00,-0.5984497
1907-08-01 00:00:00,-0.7341919
1907-09-01 00:00:00,-1.0875854
1907-10-01 00:00:00,-1.0222778
1907-11-01 00:00:00,-1.2102661
1907-12-01 00:00:00,-1.2000122
1908-01-01 00:00:00,-1.5574951
1908-02-01 00:00:00,-3.022705
1908-03-01 00:00:00,-3.3063354
1908-04-01 00:00:00,-2.5944214
1908-05-01 00:00:00,-1.6630249
1908-06-01 00:00:00,-1.0025024
1908-07-01 00:00:00,-0.8710327
1908-08-01 00:00:00,1.3258057
1908-09-01 00:00:00,1.1362305
1908-10-01 00:00:00,1.5720215
1908-11-01 00:00:00,1.6645508
1908-12-01 00:00:00,2.0897827
1909-01-01 00:00:00,2.480774
1909-02-01 00:00:00,2.7492065
1909-03-01 00:00:00,2.913086
1909-04-01 00:00:00,2.09375
1909-05-01 00:00:00,2.4344482
1909-06-01 00:00:00,2.7006226
1909-07-01 00:00:00,3.2582397
1909-08-01 00:00:00,4.2425537
1909-09-01 00:00:00,4.738098
1909-10-01 00:00:00,3.963379
1909-11-01 00:00:00,3.8652344
1909-12-01 00:00:00,4.361328
1910-01-01 00:00:00,4.107422
1910-02-01 00:00:00,4.3103027
1910-03-01 00:00:00,3.7363281
1910-04-01 00:00:00,2.3788452
1910-05-01 00:00:00,2.46167
1910-06-01 00:00:00,1.7723389
1910-07-01 00:00:00,2.397461
1910-08-01 00:00:00,3.3660278
1910-09-01 00:00:00,3.5739136
1910-10-01 00:00:00,2.9516602
1910-11-01 00:00:00,2.9475098
1910-12-01 00:00:00,3.1064453
1911-01-01 00:00:00,3.2467651
1911-02-01 00:00:00,3.0456543
1911-03-01 00:00:00,2.3771973
1911-04-01 00:00:00,1.5825806
1911-05-01 00:00:00,1.0098267
1911-06-01 00:00:00,0.87854004
1911-07-01 00:00:00,0.99749756
1911-08-01 00:00:00,1.9641724
1911-09-01 00:00:00,2.3032227
1911-10-01 00:00:00,3.1142578
1911-11-01 00:00:00,2.6206665
1911-12-01 00:00:00,3.1071167
1912-01-01 00:00:00,3.053955
1912-02-01 00:00:00,3.1782227
1912-03-01 00:00:00,2.43396
1912-04-01 00:00:00,1.3873901
1912-05-01 00:00:00,1.8201904
1912-06-01 00:00:00,0.9507446
1912-07-01 00:00:00,1.2363892
1912-08-01 00:00:00,0.78967285
1912-09-01 00:00:00,1.6297607
1912-10-01 00:00:00,2.0618896
1912-11-01 00:00:00,2.2125244
1912-12-01 00:00:00,2.1464844
1913-01-01 00:00:00,2.4933472
1913-02-01 00:00:00,1.4035034
1913-03-01 00:00:00,-0.07043457
1913-04-01 00:00:00,-0.10437012
1913-05-01 00:00:00,-0.097839355
1913-06-01 00:00:00,-1.034729
1913-07-01 00:00:00,-2.0297852
1913-08-01 00:00:00,-2.1376953
1913-09-01 00:00:00,-2.652588
1913-10-01 00:00:00,-2.547058
1913-11-01 00:00:00,-3.9779663
1913-12-01 00:00:00,-2.7069702
1914-01-01 00:00:00,-5.454834
1914-02-01 00:00:00,-3.0722046
1914-03-01 00:00:00,-3.286438
1914-04-01 00:00:00,-2.939148
1914-05-01 00:00:00,-2.0689697
1914-06-01 00:00:00,-0.05291748
1914-07-01 00:00:00,-0.47875977
1914-08-01 00:00:00,0.70043945
1914-09-01 00:00:00,1.0420532
1914-10-01 00:00:00,1.9899902
1914-11-01 00:00:00,2.397705
1914-12-01 00:00:00,2.6295776
1915-01-01 00:00:00,2.8916626
1915-02-01 00:00:00,2.5339966
1915-03-01 00:00:00,2.633667
1915-04-01 00:00:00,1.0303345
1915-05-01 00:00:00,1.9207153
1915-06-01 00:00:00,2.2367554
1915-07-01 00:00:00,2.8197632
1915-08-01 00:00:00,3.7955322
1915-09-01 00:00:00,3.9105225
1915-10-01 00:00:00,3.3605347
1915-11-01 00:00:00,3.5878906
1915-12-01 00:00:00,2.8862305
1916-01-01 00:00:00,3.821167
1916-02-01 00:00:00,3.409607
1916-03-01 00:00:00,2.883728
1916-04-01 00:00:00,2.7426758
1916-05-01 00:00:00,2.355835
1916-06-01 00:00:00,1.8956299
1916-07-01 00:00:00,2.6064453
1916-08-01 00:00:00,3.2866821
1916-09-01 00:00:00,3.3349
1916-10-01 00:00:00,3.3945312
1916-11-01 00:00:00,2.8826294
1916-12-01 00:00:00,3.4846802
1917-01-01 00:00:00,3.0072021
1917-02-01 00:00:00,3.6185303
1917-03-01 00:00:00,2.7579346
1917-04-01 00:00:00,1.9290771
1917-05-01 00:00:00,1.5688477
1917-06-01 00:00:00,1.6100464
1917-07-01 00:00:00,2.13562
1917-08-01 00:00:00,3.418518
1917-09-01 00:00:00,3.1819458
1917-10-01 00:00:00,3.1391602
1917-11-01 00:00:00,3.015625
1917-12-01 00:00:00,3.1758423
1918-01-01 00:00:00,3.1900024
1918-02-01 00:00:00,3.4641724
1918-03-01 00:00:00,2.0976562
1918-04-01 00:00:00,1.3187256
1918-05-01 00:00:00,0.4987793
1918-06-01 00:00:00,1.2115479
1918-07-01 00:00:00,1.6323853
1918-08-01 00:00:00,1.7433472
1918-09-01 00:00:00,2.4102173
1918-10-01 00:00:00,2.2634277
1918-11-01 00:00:00,2.2338867
1918-12-01 00:00:00,2.3833618
1919-01-01 00:00:00,3.0599976
1919-02-01 00:00:00,2.8988647
1919-03-01 00:00:00,2.0581665
1919-04-01 00:00:00,1.7272339
1919-05-01 00:00:00,0.65856934
1919-06-01 00:00:00,1.171875
1919-07-01 00:00:00,0.90093994
1919-08-01 00:00:00,1.6086426
1919-09-01 00:00:00,1.5164185
1919-10-01 00:00:00,1.4901733
1919-11-01 00:00:00,1.2537231
1919-12-01 00:00:00,1.6090698
1920-01-01 00:00:00,1.4049072
1920-02-01 00:00:00,1.61969
1920-03-01 00:00:00,0.8274536
1920-04-01 00:00:00,1.6210327
1920-05-01 00:00:00,1.4766846
1920-06-01 00:00:00,1.3060303
1920-07-01 00:00:00,1.652771
1920-08-01 00:00:00,2.0250244
1920-09-01 00:00:00,2.5725098
1920-10-01 00:00:00,2.9633179
1920-11-01 00:00:00,2.2331543
1920-12-01 00:00:00,3.126892
1921-01-01 00:00:00,2.9381714
1921-02-01 00:00:00,1.8925171
1921-03-01 00:00:00,1.3331299
1921-04-01 00:00:00,0.9468994
1921-05-01 00:00:00,0.33233643
1921-06-01 00:00:00,-0.11651611
1921-07-01 00:00:00,-0.33026123
1921-08-01 00:00:00,0.15960693
1921-09-01 00:00:00,0.48583984
1921-10-01 00:00:00,0.26885986
1921-11-01 00:00:00,-0.14923096
1921-12-01 00:00:00,0.26745605
1922-01-01 00:00:00,-0.15374756
1922-02-01 00:00:00,-1.2896729
1922-03-01 00:00:00,-1.5228882
1922-04-01 00:00:00,-1.0015259
1922-05-01 00:00:00,-0.5291748
1922-06-01 00:00:00,-1.0959473
1922-07-01 00:00:00,-0.58447266
1922-08-01 00:00:00,-0.5067749
1922-09-01 00:00:00,-0.6188965
1922-10-01 00:00:00,-0.4356079
1922-11-01 00:00:00,-1.1421509
1922-12-01 00:00:00,0.23919678
1923-01-01 00:00:00,-1.1200562
1923-02-01 00:00:00,-2.2000122
1923-03-01 00:00:00,-1.7119141
1923-04-01 00:00:00,-0.9352417
1923-05-01 00:00:00,-1.6436768
1923-06-01 00:00:00,0.15826416
1923-07-01 00:00:00,2.7903442
1923-08-01 00:00:00,3.1954346
1923-09-01 00:00:00,3.5668945
1923-10-01 00:00:00,3.7138672
1923-11-01 00:00:00,3.7321777
1923-12-01 00:00:00,3.9118652
1924-01-01 00:00:00,4.3638916
1924-02-01 00:00:00,4.272888
1924-03-01 00:00:00,3.4266357
1924-04-01 00:00:00,3.1948242
1924-05-01 00:00:00,1.8344116
1924-06-01 00:00:00,2.3164673
1924-07-01 00:00:00,2.7507935
1924-08-01 00:00:00,3.4910278
1924-09-01 00:00:00,3.88562
1924-10-01 00:00:00,3.6433105
1924-11-01 00:00:00,3.6378174
1924-12-01 00:00:00,3.0894775
1925-01-01 00:00:00,3.1936646
1925-02-01 00:00:00,3.0479126
1925-03-01 00:00:00,2.3913574
1925-04-01 00:00:00,2.4302368
1925-05-01 00:00:00,1.6226807
1925-06-01 00:00:00,1.8408203
1925-07-01 00:00:00,2.496582
1925-08-01 00:00:00,3.109314
1925-09-01 00:00:00,3.3382568
1925-10-01 00:00:00,3.4828491
1925-11-01 00:00:00,3.163391
1925-12-01 00:00:00,3.1620483
1926-01-01 00:00:00,3.4638062
1926-02-01 00:00:00,2.9920654
1926-03-01 00:00:00,1.6752319
1926-04-01 00:00:00,0.54852295
1926-05-01 00:00:00,0.45367432
1926-06-01 00:00:00,-0.013183594
1926-07-01 00:00:00,-0.36132812
1926-08-01 00:00:00,-0.19708252
1926-09-01 00:00:00,-0.4364624
1926-10-01 00:00:00,0.1529541
1926-11-01 00:00:00,-0.35211182
1926-12-01 00:00:00,0.07879639
1927-01-01 00:00:00,-0.24523926
1927-02-01 00:00:00,-1.2678223
1927-03-01 00:00:00,-1.1923218
1927-04-01 00:00:00,0.33416748
1927-05-01 00:00:00,-0.26593018
1927-06-01 00:00:00,-0.014526367
1927-07-01 00:00:00,1.4334106
1927-08-01 00:00:00,2.5250854
1927-09-01 00:00:00,3.5767212
1927-10-01 00:00:00,2.5547485
1927-11-01 00:00:00,3.1275024
1927-12-01 00:00:00,3.538147
1928-01-01 00:00:00,3.9992676
1928-02-01 00:00:00,3.2390137
1928-03-01 00:00:00,2.580017
1928-04-01 00:00:00,2.6448364
1928-05-01 00:00:00,2.0064087
1928-06-01 00:00:00,1.6251831
1928-07-01 00:00:00,2.0327148
1928-08-01 00:00:00,2.6724243
1928-09-01 00:00:00,3.1096191
1928-10-01 00:00:00,2.885315
1928-11-01 00:00:00,2.9266968
1928-12-01 00:00:00,2.7626953
1929-01-01 00:00:00,3.231018
1929-02-01 00:00:00,2.1820068
1929-03-01 00:00:00,2.2711792
1929-04-01 00:00:00,1.6338501
1929-05-01 00:00:00,0.034057617
1929-06-01 00:00:00,0.026184082
1929-07-01 00:00:00,0.073791504
1929-08-01 00:00:00,0.87231445
1929-09-01 00:00:00,1.0753784
1929-10-01 00:00:00,1.3064575
1929-11-01 00:00:00,0.3463745
1929-12-01 00:00:00,0.861145
1930-01-01 00:00:00,1.4797974
1930-02-01 00:00:00,0.4529419
1930-03-01 00:00:00,0.6680908
1930-04-01 00:00:00,-0.83221436
1930-05-01 00:00:00,-0.6727295
1930-06-01 00:00:00,-0.6861572
1930-07-01 00:00:00,-0.2929077
1930-08-01 00:00:00,0.016845703
1930-09-01 00:00:00,0.5987549
1930-10-01 00:00:00,0.3581543
1930-11-01 00:00:00,0.06939697
1930-12-01 00:00:00,0.69647217
1931-01-01 00:00:00,0.2816162
1931-02-01 00:00:00,-0.32385254
1931-03-01 00:00:00,-0.4713745
1931-04-01 00:00:00,-0.6647949
1931-05-01 00:00:00,-0.037353516
1931-06-01 00:00:00,-0.76312256
1931-07-01 00:00:00,0.80407715
1931-08-01 00:00:00,0.7015381
1931-09-01 00:00:00,0.9973755
1931-10-01 00:00:00,0.6895752
1931-11-01 00:00:00,0.44750977
1931-12-01 00:00:00,0.9029541
1932-01-01 00:00:00,0.41314697
1932-02-01 00:00:00,0.003540039
1932-03-01 00:00:00,-0.2998047
1932-04-01 00:00:00,0.20709229
1932-05-01 00:00:00,0.29119873
1932-06-01 00:00:00,1.0108032
1932-07-01 00:00:00,1.822815
1932-08-01 00:00:00,3.1860352
1932-09-01 00:00:00,3.5549927
1932-10-01 00:00:00,3.2824097
1932-11-01 00:00:00,3.3292847
1932-12-01 00:00:00,3.7144165
1933-01-01 00:00:00,3.6360474
1933-02-01 00:00:00,3.2254028
1933-03-01 00:00:00,2.187378
1933-04-01 00:00:00,2.3809204
1933-05-01 00:00:00,0.9557495
1933-06-01 00:00:00,1.557373
1933-07-01 00:00:00,1.1124878
1933-08-01 00:00:00,2.4439697
1933-09-01 00:00:00,3.0708008
1933-10-01 00:00:00,3.274414
1933-11-01 00:00:00,2.8052368
1933-12-01 00:00:00,3.3605347
1934-01-01 00:00:00,2.7147217
1934-02-01 00:00:00,2.3635254
1934-03-01 00:00:00,1.7835083
1934-04-01 00:00:00,0.6231079
1934-05-01 00:00:00,1.2854614
1934-06-01 00:00:00,0.7581177
1934-07-01 00:00:00,0.59002686
1934-08-01 00:00:00,1.8164673
1934-09-01 00:00:00,2.0648193
1934-10-01 00:00:00,2.1537476
1934-11-01 00:00:00,1.4702148
1934-12-01 00:00:00,1.9639893
1935-01-01 00:00:00,2.2766724
1935-02-01 00:00:00,1.5681152
1935-03-01 00:00:00,1.5393677
1935-04-01 00:00:00,0.7947998
1935-05-01 00:00:00,0.12475586
1935-06-01 00:00:00,1.328125
1935-07-01 00:00:00,1.59375
1935-08-01 00:00:00,2.642517
1935-09-01 00:00:00,2.623413
1935-10-01 00:00:00,2.2599487
1935-11-01 00:00:00,2.333435
1935-12-01 00:00:00,2.6564941
1936-01-01 00:00:00,2.8014526
1936-02-01 00:00:00,2.064392
1936-03-01 00:00:00,1.5981445
1936-04-01 00:00:00,1.0679321
1936-05-01 00:00:00,0.35412598
1936-06-01 00:00:00,-0.48236084
1936-07-01 00:00:00,-0.05065918
1936-08-01 00:00:00,0.19897461
1936-09-01 00:00:00,-0.11853027
1936-10-01 00:00:00,-0.2687378
1936-11-01 00:00:00,0.035705566
1936-12-01 00:00:00,0.21624756
1937-01-01 00:00:00,-0.5241699
1937-02-01 00:00:00,-2.0811157
1937-03-01 00:00:00,-1.8911743
1937-04-01 00:00:00,-2.1168823
1937-05-01 00:00:00,-1.3700562
1937-06-01 00:00:00,-1.8939819
1937-07-01 00:00:00,-1.8591309
1937-08-01 00:00:00,-0.14685059
1937-09-01 00:00:00,-0.20617676
1937-10-01 00:00:00,0.47729492
1937-11-01 00:00:00,0.111572266
1937-12-01 00:00:00,0.9520874
1938-01-01 00:00:00,1.1900635
1938-02-01 00:00:00,1.5645752
1938-03-01 00:00:00,0.45892334
1938-04-01 00:00:00,1.5663452
1938-05-01 00:00:00,1.2991943
1938-06-01 00:00:00,2.4353027
1938-07-01 00:00:00,3.9752808
1938-08-01 00:00:00,4.3026733
1938-09-01 00:00:00,4.517517
1938-10-01 00:00:00,4.4108887
1938-11-01 00:00:00,3.9882202
1938-12-01 00:00:00,3.9769897
1939-01-01 00:00:00,3.9490967
1939-02-01 00:00:00,3.680664
1939-03-01 00:00:00,3.0023193
1939-04-01 00:00:00,3.3637695
1939-05-01 00:00:00,2.65094
1939-06-01 00:00:00,2.3250122
1939-07-01 00:00:00,1.973999
1939-08-01 00:00:00,2.8985596
1939-09-01 00:00:00,3.1393433
1939-10-01 00:00:00,2.6880493
1939-11-01 00:00:00,3.055542
1939-12-01 00:00:00,2.7437744
1940-01-01 00:00:00,2.8909302
1940-02-01 00:00:00,2.4787598
1940-03-01 00:00:00,2.0239258
1940-04-01 00:00:00,0.5877075
1940-05-01 00:00:00,0.27929688
1940-06-01 00:00:00,-0.21520996
1940-07-01 00:00:00,-1.1733398
1940-08-01 00:00:00,-1.0526733
1940-09-01 00:00:00,0.08709717
1940-10-01 00:00:00,0.190979
1940-11-01 00:00:00,0.036254883
1940-12-01 00:00:00,0.6057739
1941-01-01 00:00:00,0.7178955
1941-02-01 00:00:00,0.37365723
1941-03-01 00:00:00,-0.16088867
1941-04-01 00:00:00,1.0007935
1941-05-01 00:00:00,0.59820557
1941-06-01 00:00:00,1.1165161
1941-07-01 00:00:00,1.8643799
1941-08-01 00:00:00,2.8118286
1941-09-01 00:00:00,3.0825195
1941-10-01 00:00:00,2.9586182
1941-11-01 00:00:00,2.61969
1941-12-01 00:00:00,2.8094482
1942-01-01 00:00:00,3.2415771
1942-02-01 00:00:00,2.739563
1942-03-01 00:00:00,2.6381226
1942-04-01 00:00:00,2.0770264
1942-05-01 00:00:00,1.6071777
1942-06-01 00:00:00,1.7923584
1942-07-01 00:00:00,1.1513672
1942-08-01 00:00:00,1.9454346
1942-09-01 00:00:00,2.4972534
1942-10-01 00:00:00,2.3608398
1942-11-01 00:00:00,1.9294434
1942-12-01 00:00:00,2.2068481
1943-01-01 00:00:00,2.6610107
1943-02-01 00:00:00,1.9667969
1943-03-01 00:00:00,1.1217041
1943-04-01 00:00:00,0.4562378
1943-05-01 00:00:00,0.522583
1943-06-01 00:00:00,-0.010192871
1943-07-01 00:00:00,0.7606201
1943-08-01 00:00:00,0.97332764
1943-09-01 00:00:00,0.581604
1943-10-01 00:00:00,0.8997803
1943-11-01 00:00:00,0.92333984
1943-12-01 00:00:00,1.5447998
1944-01-01 00:00:00,1.743103
1944-02-01 00:00:00,1.0672607
1944-03-01 00:00:00,1.0637207
1944-04-01 00:00:00,0.51049805
1944-05-01 00:00:00,0.6571045
1944-06-01 00:00:00,1.2959595
1944-07-01 00:00:00,1.9984131
1944-08-01 00:00:00,2.6173706
1944-09-01 00:00:00,3.3829346
1944-10-01 00:00:00,2.9977417
1944-11-01 00:00:00,3.2113647
1944-12-01 00:00:00,3.5281372
1945-01-01 00:00:00,3.0233154
1945-02-01 00:00:00,2.791565
1945-03-01 00:00:00,1.8944702
1945-04-01 00:00:00,1.3221436
1945-05-01 00:00:00,0.83251953
1945-06-01 00:00:00,0.37701416
1945-07-01 00:00:00,0.8166504
1945-08-01 00:00:00,1.2711792
1945-09-01 00:00:00,1.9610596
1945-10-01 00:00:00,1.9042969
1945-11-01 00:00:00,2.0253906
1945-12-01 00:00:00,2.3651123
1946-01-01 00:00:00,3.1937866
1946-02-01 00:00:00,2.6218262
1946-03-01 00:00:00,1.8213501
1946-04-01 00:00:00,0.48876953
1946-05-01 00:00:00,0.44488525
1946-06-01 00:00:00,0.36572266
1946-07-01 00:00:00,0.57336426
1946-08-01 00:00:00,0.08251953
1946-09-01 00:00:00,0.2718506
1946-10-01 00:00:00,0.27752686
1946-11-01 00:00:00,0.37835693
1946-12-01 00:00:00,0.57714844
1947-01-01 00:00:00,-0.14233398
1947-02-01 00:00:00,-1.5443726
1947-03-01 00:00:00,-0.72772217
1947-04-01 00:00:00,-1.8036499
1947-05-01 00:00:00,-1.567627
1947-06-01 00:00:00,-1.3418579
1947-07-01 00:00:00,0.14874268
1947-08-01 00:00:00,0.5195923
1947-09-01 00:00:00,0.90753174
1947-10-01 00:00:00,0.80718994
1947-11-01 00:00:00,0.5821533
1947-12-01 00:00:00,1.2103882
1948-01-01 00:00:00,1.2931519
1948-02-01 00:00:00,1.3878784
1948-03-01 00:00:00,-0.19378662
1948-04-01 00:00:00,0.9986572
1948-05-01 00:00:00,0.8968506
1948-06-01 00:00:00,0.69415283
1948-07-01 00:00:00,1.7761841
1948-08-01 00:00:00,3.1290894
1948-09-01 00:00:00,2.9208374
1948-10-01 00:00:00,3.0645752
1948-11-01 00:00:00,2.7289429
1948-12-01 00:00:00,3.2802124
1949-01-01 00:00:00,3.8203125
1949-02-01 00:00:00,2.9172974
1949-03-01 00:00:00,2.7053223
1949-04-01 00:00:00,2.0508423
1949-05-01 00:00:00,1.9591675
1949-06-01 00:00:00,1.3458252
1949-07-01 00:00:00,0.81500244
1949-08-01 00:00:00,1.8880615
1949-09-01 00:00:00,1.7883301
1949-10-01 00:00:00,1.7416992
1949-11-01 00:00:00,1.6887817
1949-12-01 00:00:00,1.9575806
1950-01-01 00:00:00,2.4329224
1950-02-01 00:00:00,2.2000732
1950-03-01 00:00:00,0.51989746
1950-04-01 00:00:00,0.5376587
1950-05-01 00:00:00,-0.061035156
1950-06-01 00:00:00,-1.0154419
1950-07-01 00:00:00,-0.096069336
1950-08-01 00:00:00,-0.6259155
1950-09-01 00:00:00,-0.6248779
1950-10-01 00:00:00,0.30023193
1950-11-01 00:00:00,-0.2781372
1950-12-01 00:00:00,0.5635376
1951-01-01 00:00:00,0.5442505
1951-02-01 00:00:00,-0.6767578
1951-03-01 00:00:00,-0.52996826
1951-04-01 00:00:00,-0.53375244
1951-05-01 00:00:00,0.08685303
1951-06-01 00:00:00,0.45770264
1951-07-01 00:00:00,1.6026611
1951-08-01 00:00:00,1.670227
1951-09-01 00:00:00,2.7111816
1951-10-01 00:00:00,2.897522
1951-11-01 00:00:00,3.1500244
1951-12-01 00:00:00,3.1036987
1952-01-01 00:00:00,4.2020874
1952-02-01 00:00:00,2.9379883
1952-03-01 00:00:00,1.8604126
1952-04-01 00:00:00,1.5524902
1952-05-01 00:00:00,1.4935303
1952-06-01 00:00:00,1.4050903
1952-07-01 00:00:00,1.6582031
1952-08-01 00:00:00,2.1052246
1952-09-01 00:00:00,2.5123901
1952-10-01 00:00:00,2.4698486
1952-11-01 00:00:00,2.4942627
1952-12-01 00:00:00,2.9349976
1953-01-01 00:00:00,3.0325928
1953-02-01 00:00:00,3.015564
1953-03-01 00:00:00,2.1104126
1953-04-01 00:00:00,1.6820679
1953-05-01 00:00:00,1.1630249
1953-06-01 00:00:00,1.09552
1953-07-01 00:00:00,1.7141724
1953-08-01 00:00:00,2.2886353
1953-09-01 00:00:00,2.954834
1953-10-01 00:00:00,2.9331665
1953-11-01 00:00:00,2.887085
1953-12-01 00:00:00,2.956665
1954-01-01 00:00:00,3.6084595
1954-02-01 00:00:00,2.331421
1954-03-01 00:00:00,1.6637573
1954-04-01 00:00:00,0.63061523
1954-05-01 00:00:00,0.81134033
1954-06-01 00:00:00,-0.0423584
1954-07-01 00:00:00,0.46813965
1954-08-01 00:00:00,1.2806396
1954-09-01 00:00:00,1.5695801
1954-10-01 00:00:00,1.3782959
1954-11-01 00:00:00,1.8741455
1954-12-01 00:00:00,2.8947754
1955-01-01 00:00:00,2.579773
1955-02-01 00:00:00,1.480957
1955-03-01 00:00:00,1.8547974
1955-04-01 00:00:00,0.93133545
1955-05-01 00:00:00,1.3843384
1955-06-01 00:00:00,1.2861938
1955-07-01 00:00:00,1.4779053
1955-08-01 00:00:00,2.09198
1955-09-01 00:00:00,2.564087
1955-10-01 00:00:00,2.723938
1955-11-01 00:00:00,3.0753174
1955-12-01 00:00:00,3.3166504
1956-01-01 00:00:00,4.497925
1956-02-01 00:00:00,3.1865845
1956-03-01 00:00:00,1.9296875
1956-04-01 00:00:00,2.5586548
1956-05-01 00:00:00,1.6879272
1956-06-01 00:00:00,1.9262695
1956-07-01 00:00:00,1.6635132
1956-08-01 00:00:00,2.7225952
1956-09-01 00:00:00,3.0378418
1956-10-01 00:00:00,3.0284424
1956-11-01 00:00:00,2.9796143
1956-12-01 00:00:00,3.38031
1957-01-01 00:00:00,3.5666504
1957-02-01 00:00:00,3.3218994
1957-03-01 00:00:00,2.5839233
1957-04-01 00:00:00,1.9987183
1957-05-01 00:00:00,1.1760254
1957-06-01 00:00:00,1.3406372
1957-07-01 00:00:00,1.6177368
1957-08-01 00:00:00,2.4784546
1957-09-01 00:00:00,3.1186523
1957-10-01 00:00:00,2.5012207
1957-11-01 00:00:00,2.5615845
1957-12-01 00:00:00,3.3444214
1958-01-01 00:00:00,3.5770264
1958-02-01 00:00:00,3.861084
1958-03-01 00:00:00,2.8344727
1958-04-01 00:00:00,1.8938599
1958-05-01 00:00:00,1.4047852
1958-06-01 00:00:00,0.66137695
1958-07-01 00:00:00,1.6976929
1958-08-01 00:00:00,1.5346069
1958-09-01 00:00:00,1.8820801
1958-10-01 00:00:00,2.2752075
1958-11-01 00:00:00,1.6205444
1958-12-01 00:00:00,2.0048828
1959-01-01 00:00:00,3.0142212
1959-02-01 00:00:00,1.8731079
1959-03-01 00:00:00,2.1673584
1959-04-01 00:00:00,1.1263428
1959-05-01 00:00:00,0.8713379
1959-06-01 00:00:00,1.697815
1959-07-01 00:00:00,1.7669678
1959-08-01 00:00:00,2.512085
1959-09-01 00:00:00,2.3781128
1959-10-01 00:00:00,2.6205444
1959-11-01 00:00:00,2.543335
1959-12-01 00:00:00,2.168457
1960-01-01 00:00:00,3.453308
1960-02-01 00:00:00,1.8335571
1960-03-01 00:00:00,1.220398
1960-04-01 00:00:00,0.3373413
1960-05-01 00:00:00,0.13800049
1960-06-01 00:00:00,-0.9321289
1960-07-01 00:00:00,-0.92626953
1960-08-01 00:00:00,-0.29211426
1960-09-01 00:00:00,-0.05126953
1960-10-01 00:00:00,-0.16949463
1960-11-01 00:00:00,0.075805664
1960-12-01 00:00:00,-0.22479248
1961-01-01 00:00:00,-0.22741699
1961-02-01 00:00:00,-1.1483154
1961-03-01 00:00:00,-0.8231201
1961-04-01 00:00:00,-2.1488647
1961-05-01 00:00:00,-1.7122803
1961-06-01 00:00:00,-1.2706299
1961-07-01 00:00:00,-0.9945679
1961-08-01 00:00:00,-2.2145996
1961-09-01 00:00:00,-2.1497192
1961-10-01 00:00:00,-2.5666504
1961-11-01 00:00:00,-1.8984375
1961-12-01 00:00:00,-1.8901367
1962-01-01 00:00:00,-3.7940063
1962-02-01 00:00:00,-3.2592773
1962-03-01 00:00:00,-3.3656006
1962-04-01 00:00:00,-1.8374023
1962-05-01 00:00:00,-1.1697388
1962-06-01 00:00:00,-0.4375
1962-07-01 00:00:00,-0.13873291
1962-08-01 00:00:00,2.6134033
1962-09-01 00:00:00,3.3944702
1962-10-01 00:00:00,3.5543823
1962-11-01 00:00:00,3.3526
1962-12-01 00:00:00,3.7390747
1963-01-01 00:00:00,3.919983
1963-02-01 00:00:00,3.9541626
1963-03-01 00:00:00,3.590393
1963-04-01 00:00:00,3.1517334
1963-05-01 00:00:00,2.8145752
1963-06-01 00:00:00,2.6954346
1963-07-01 00:00:00,2.5689697
1963-08-01 00:00:00,3.9214478
1963-09-01 00:00:00,3.7336426
1963-10-01 00:00:00,3.9816895
1963-11-01 00:00:00,2.9140625
1963-12-01 00:00:00,3.5203247
1964-01-01 00:00:00,3.3399658
1964-02-01 00:00:00,3.1539307
1964-03-01 00:00:00,2.9655151
1964-04-01 00:00:00,2.6774902
1964-05-01 00:00:00,1.7131958
1964-06-01 00:00:00,2.0265503
1964-07-01 00:00:00,1.9026489
1964-08-01 00:00:00,2.7872925
1964-09-01 00:00:00,3.2202148
1964-10-01 00:00:00,2.3947754
1964-11-01 00:00:00,2.935852
1964-12-01 00:00:00,3.0809326
1965-01-01 00:00:00,3.7895508
1965-02-01 00:00:00,2.9412231
1965-03-01 00:00:00,2.5112915
1965-04-01 00:00:00,1.6566772
1965-05-01 00:00:00,0.9552002
1965-06-01 00:00:00,0.91918945
1965-07-01 00:00:00,1.3623047
1965-08-01 00:00:00,1.7988281
1965-09-01 00:00:00,1.9612427
1965-10-01 00:00:00,1.8358765
1965-11-01 00:00:00,2.0981445
1965-12-01 00:00:00,2.1660156
1966-01-01 00:00:00,2.3061523
1966-02-01 00:00:00,1.6729126
1966-03-01 00:00:00,-0.55511475
1966-04-01 00:00:00,-0.37268066
1966-05-01 00:00:00,-0.21594238
1966-06-01 00:00:00,-1.0187378
1966-07-01 00:00:00,-1.2584229
1966-08-01 00:00:00,-0.7479248
1966-09-01 00:00:00,-1.9844971
1966-10-01 00:00:00,-1.2236938
1966-11-01 00:00:00,-1.5094604
1966-12-01 00:00:00,-0.8868408
1967-01-01 00:00:00,-3.3602905
1967-02-01 00:00:00,-2.4973145
1967-03-01 00:00:00,-3.4867554
1967-04-01 00:00:00,-1.9680176
1967-05-01 00:00:00,-1.232727
1967-06-01 00:00:00,-0.60565186
1967-07-01 00:00:00,0.79956055
1967-08-01 00:00:00,1.9468384
1967-09-01 00:00:00,2.64563
1967-10-01 00:00:00,2.3253174
1967-11-01 00:00:00,3.1463623
1967-12-01 00:00:00,3.1887207
1968-01-01 00:00:00,3.340088
1968-02-01 00:00:00,2.6498413
1968-03-01 00:00:00,2.473938
1968-04-01 00:00:00,2.329834
1968-05-01 00:00:00,1.927185
1968-06-01 00:00:00,1.9448242
1968-07-01 00:00:00,2.2156372
1968-08-01 00:00:00,2.8511353
1968-09-01 00:00:00,3.75354
1968-10-01 00:00:00,3.5785522
1968-11-01 00:00:00,2.8293457
1968-12-01 00:00:00,4.278076
1969-01-01 00:00:00,3.1796875
1969-02-01 00:00:00,3.6351929
1969-03-01 00:00:00,2.5563965
1969-04-01 00:00:00,1.442688
1969-05-01 00:00:00,1.230957
1969-06-01 00:00:00,1.1918945
1969-07-01 00:00:00,1.3549805
1969-08-01 00:00:00,1.9681396
1969-09-01 00:00:00,2.3340454
1969-10-01 00:00:00,1.4607544
1969-11-01 00:00:00,1.9320679
1969-12-01 00:00:00,2.0466309
1970-01-01 00:00:00,2.1517334
1970-02-01 00:00:00,1.7418213
1970-03-01 00:00:00,1.2492065
1970-04-01 00:00:00,0.642395
1970-05-01 00:00:00,1.1043701
1970-06-01 00:00:00,-0.14196777
1970-07-01 00:00:00,0.29083252
1970-08-01 00:00:00,0.2962036
1970-09-01 00:00:00,0.7471924
1970-10-01 00:00:00,0.81329346
1970-11-01 00:00:00,0.61761475
1970-12-01 00:00:00,1.1925049
1971-01-01 00:00:00,1.3551025
1971-02-01 00:00:00,0.53778076
1971-03-01 00:00:00,-0.9137573
1971-04-01 00:00:00,0.43206787
1971-05-01 00:00:00,0.07696533
1971-06-01 00:00:00,-0.640625
1971-07-01 00:00:00,0.77124023
1971-08-01 00:00:00,0.6043701
1971-09-01 00:00:00,1.045105
1971-10-01 00:00:00,0.8468628
1971-11-01 00:00:00,0.7391968
1971-12-01 00:00:00,1.623352
1972-01-01 00:00:00,1.3848267
1972-02-01 00:00:00,1.3181152
1972-03-01 00:00:00,1.0977783
1972-04-01 00:00:00,0.76239014
1972-05-01 00:00:00,0.99975586
1972-06-01 00:00:00,1.9477539
1972-07-01 00:00:00,2.7190552
1972-08-01 00:00:00,3.3562012
1972-09-01 00:00:00,3.5548706
1972-10-01 00:00:00,3.8501587
1972-11-01 00:00:00,3.7389526
1972-12-01 00:00:00,3.5613403
1973-01-01 00:00:00,3.5891724
1973-02-01 00:00:00,3.765625
1973-03-01 00:00:00,3.2890625
1973-04-01 00:00:00,2.7589722
1973-05-01 00:00:00,1.7764893
1973-06-01 00:00:00,1.9901733
1973-07-01 00:00:00,2.2034302
1973-08-01 00:00:00,2.7878418
1973-09-01 00:00:00,3.5163574
1973-10-01 00:00:00,3.2442017
1973-11-01 00:00:00,3.2485352
1973-12-01 00:00:00,3.5458374
1974-01-01 00:00:00,3.6431274
1974-02-01 00:00:00,2.6208496
1974-03-01 00:00:00,2.590149
1974-04-01 00:00:00,1.3441772
1974-05-01 00:00:00,0.87353516
1974-06-01 00:00:00,0.84588623
1974-07-01 00:00:00,1.2558594
1974-08-01 00:00:00,1.7008057
1974-09-01 00:00:00,2.9400635
1974-10-01 00:00:00,2.7053223
1974-11-01 00:00:00,2.7821655
1974-12-01 00:00:00,3.210022
1975-01-01 00:00:00,3.191162
1975-02-01 00:00:00,2.2055664
1975-03-01 00:00:00,2.020996
1975-04-01 00:00:00,-0.08105469
1975-05-01 00:00:00,0.663147
1975-06-01 00:00:00,0.86395264
1975-07-01 00:00:00,0.7518921
1975-08-01 00:00:00,1.163147
1975-09-01 00:00:00,1.2772217
1975-10-01 00:00:00,1.6640015
1975-11-01 00:00:00,1.3452148
1975-12-01 00:00:00,2.4262085
1976-01-01 00:00:00,2.02417
1976-02-01 00:00:00,1.131897
1976-03-01 00:00:00,1.6046143
1976-04-01 00:00:00,1.2981567
1976-05-01 00:00:00,0.5342407
1976-06-01 00:00:00,1.5888672
1976-07-01 00:00:00,2.229187
1976-08-01 00:00:00,2.560669
1976-09-01 00:00:00,3.3693848
1976-10-01 00:00:00,3.2404175
1976-11-01 00:00:00,3.4707031
1976-12-01 00:00:00,3.7718506
1977-01-01 00:00:00,3.6317139
1977-02-01 00:00:00,3.8131714
1977-03-01 00:00:00,2.5389404
1977-04-01 00:00:00,1.8393555
1977-05-01 00:00:00,2.2329102
1977-06-01 00:00:00,1.8270874
1977-07-01 00:00:00,1.8829956
1977-08-01 00:00:00,2.5203857
1977-09-01 00:00:00,2.4945679
1977-10-01 00:00:00,2.2244873
1977-11-01 00:00:00,2.2573853
1977-12-01 00:00:00,2.7035522
1978-01-01 00:00:00,2.731079
1978-02-01 00:00:00,1.8623657
1978-03-01 00:00:00,1.479187
1978-04-01 00:00:00,-0.10241699
1978-05-01 00:00:00,-0.035827637
1978-06-01 00:00:00,-0.053955078
1978-07-01 00:00:00,-0.03741455
1978-08-01 00:00:00,0.29699707
1978-09-01 00:00:00,0.7727051
1978-10-01 00:00:00,1.2763672
1978-11-01 00:00:00,1.6853638
1978-12-01 00:00:00,2.0795898
1979-01-01 00:00:00,2.3667603
1979-02-01 00:00:00,2.8513184
1979-03-01 00:00:00,2.3256226
1979-04-01 00:00:00,2.2113647
1979-05-01 00:00:00,1.8242798
1979-06-01 00:00:00,2.1012573
1979-07-01 00:00:00,2.63031
1979-08-01 00:00:00,3.2391357
1979-09-01 00:00:00,2.7289429
1979-10-01 00:00:00,3.3753662
1979-11-01 00:00:00,3.1173096
1979-12-01 00:00:00,3.3613281
1980-01-01 00:00:00,3.7376099
1980-02-01 00:00:00,3.735962
1980-03-01 00:00:00,1.263855
1980-04-01 00:00:00,1.5671997
1980-05-01 00:00:00,0.7661743
1980-06-01 00:00:00,0.9002075
1980-07-01 00:00:00,0.7529907
1980-08-01 00:00:00,1.1973267
1980-09-01 00:00:00,1.7062988
1980-10-01 00:00:00,2.0667725
1980-11-01 00:00:00,1.704773
1980-12-01 00:00:00,1.565979
1981-01-01 00:00:00,2.8483276
1981-02-01 00:00:00,0.94903564
1981-03-01 00:00:00,0.21331787
1981-04-01 00:00:00,0.88586426
1981-05-01 00:00:00,-0.13531494
1981-06-01 00:00:00,0.91711426
1981-07-01 00:00:00,0.37298584
1981-08-01 00:00:00,1.0116577
1981-09-01 00:00:00,1.576416
1981-10-01 00:00:00,1.3320923
1981-11-01 00:00:00,1.437439
1981-12-01 00:00:00,1.7150879
1982-01-01 00:00:00,1.9838257
1982-02-01 00:00:00,1.4365234
1982-03-01 00:00:00,0.8234253
1982-04-01 00:00:00,0.13061523
1982-05-01 00:00:00,0.9697876
1982-06-01 00:00:00,0.57159424
1982-07-01 00:00:00,1.475708
1982-08-01 00:00:00,1.8832397
1982-09-01 00:00:00,2.331604
1982-10-01 00:00:00,1.5269165
1982-11-01 00:00:00,1.40625
1982-12-01 00:00:00,2.2286377
1983-01-01 00:00:00,2.5353394
1983-02-01 00:00:00,2.0582275
1983-03-01 00:00:00,1.6737671
1983-04-01 00:00:00,1.2008057
1983-05-01 00:00:00,0.6640625
1983-06-01 00:00:00,0.022399902
1983-07-01 00:00:00,0.796875
1983-08-01 00:00:00,1.4544067
1983-09-01 00:00:00,1.6843872
1983-10-01 00:00:00,1.4818115
1983-11-01 00:00:00,1.5537109
1983-12-01 00:00:00,2.3554077
1984-01-01 00:00:00,1.7737427
1984-02-01 00:00:00,2.2525024
1984-03-01 00:00:00,2.017273
1984-04-01 00:00:00,1.8210449
1984-05-01 00:00:00,0.8613281
1984-06-01 00:00:00,1.1454468
1984-07-01 00:00:00,1.6710205
1984-08-01 00:00:00,1.5962524
1984-09-01 00:00:00,2.105713
1984-10-01 00:00:00,1.7753906
1984-11-01 00:00:00,2.090454
1984-12-01 00:00:00,1.6173096
1985-01-01 00:00:00,1.9607544
1985-02-01 00:00:00,1.7115479
1985-03-01 00:00:00,1.4289551
1985-04-01 00:00:00,0.36486816
1985-05-01 00:00:00,0.08081055
1985-06-01 00:00:00,0.85736084
1985-07-01 00:00:00,0.765625
1985-08-01 00:00:00,0.9367676
1985-09-01 00:00:00,1.0370483
1985-10-01 00:00:00,0.670105
1985-11-01 00:00:00,0.842041
1985-12-01 00:00:00,0.6984863
1986-01-01 00:00:00,0.7114258
1986-02-01 00:00:00,0.23834229
1986-03-01 00:00:00,-0.04748535
1986-04-01 00:00:00,0.39971924
1986-05-01 00:00:00,0.15429688
1986-06-01 00:00:00,0.19641113
1986-07-01 00:00:00,0.41760254
1986-08-01 00:00:00,2.2341309
1986-09-01 00:00:00,2.3602295
1986-10-01 00:00:00,1.5219116
1986-11-01 00:00:00,1.4545898
1986-12-01 00:00:00,2.0461426
1987-01-01 00:00:00,2.375
1987-02-01 00:00:00,2.1691895
1987-03-01 00:00:00,1.7730103
1987-04-01 00:00:00,1.437561
1987-05-01 00:00:00,0.55926514
1987-06-01 00:00:00,1.1816406
1987-07-01 00:00:00,2.1654663
1987-08-01 00:00:00,2.8565674
1987-09-01 00:00:00,3.0081787
1987-10-01 00:00:00,3.0575562
1987-11-01 00:00:00,2.7351685
1987-12-01 00:00:00,2.7930908
1988-01-01 00:00:00,3.7893677
1988-02-01 00:00:00,2.7887573
1988-03-01 00:00:00,2.3164673
1988-04-01 00:00:00,2.2716675
1988-05-01 00:00:00,1.4561157
1988-06-01 00:00:00,0.6937256
1988-07-01 00:00:00,1.5987549
1988-08-01 00:00:00,1.7928467
1988-09-01 00:00:00,2.862793
1988-10-01 00:00:00,3.322937
1988-11-01 00:00:00,2.831482
1988-12-01 00:00:00,3.9552612
1989-01-01 00:00:00,3.449463
1989-02-01 00:00:00,3.2041626
1989-03-01 00:00:00,2.479309
1989-04-01 00:00:00,2.3450928
1989-05-01 00:00:00,2.5911255
1989-06-01 00:00:00,2.005005
1989-07-01 00:00:00,1.866333
1989-08-01 00:00:00,2.2365112
1989-09-01 00:00:00,2.580017
1989-10-01 00:00:00,2.574524
1989-11-01 00:00:00,2.5130005
1989-12-01 00:00:00,3.052063
1990-01-01 00:00:00,3.279663
1990-02-01 00:00:00,3.1901855
1990-03-01 00:00:00,1.3439331
1990-04-01 00:00:00,1.1812134
1990-05-01 00:00:00,1.027771
1990-06-01 00:00:00,0.9072876
1990-07-01 00:00:00,0.6635132
1990-08-01 00:00:00,1.079834
1990-09-01 00:00:00,1.5222168
1990-10-01 00:00:00,1.147583
1990-11-01 00:00:00,1.293335
1990-12-01 00:00:00,1.5097656
1991-01-01 00:00:00,1.0864258
1991-02-01 00:00:00,0.31414795
1991-03-01 00:00:00,-0.026000977
1991-04-01 00:00:00,-0.8383789
1991-05-01 00:00:00,-0.69470215
1991-06-01 00:00:00,-1.6296387
1991-07-01 00:00:00,-1.8569946
1991-08-01 00:00:00,-1.6662598
1991-09-01 00:00:00,-2.0705566
1991-10-01 00:00:00,-1.8876953
1991-11-01 00:00:00,-2.4684448
1991-12-01 00:00:00,-2.414856
1992-01-01 00:00:00,-4.4993896
1992-02-01 00:00:00,-3.593567
1992-03-01 00:00:00,-3.80542
1992-04-01 00:00:00,-3.1257324
1992-05-01 00:00:00,-1.5958252
1992-06-01 00:00:00,-0.6408081
1992-07-01 00:00:00,-0.7664795
1992-08-01 00:00:00,-0.20843506
1992-09-01 00:00:00,0.29187012
1992-10-01 00:00:00,1.1164551
1992-11-01 00:00:00,2.407898
1992-12-01 00:00:00,2.6920776
1993-01-01 00:00:00,2.9749756
1993-02-01 00:00:00,2.1956177
1993-03-01 00:00:00,2.5258179
1993-04-01 00:00:00,1.7404175
1993-05-01 00:00:00,2.2559204
1993-06-01 00:00:00,2.6865234
1993-07-01 00:00:00,3.091858
1993-08-01 00:00:00,4.1814575
1993-09-01 00:00:00,4.243469
1993-10-01 00:00:00,4.1052246
1993-11-01 00:00:00,3.8379517
1993-12-01 00:00:00,3.4329224
1994-01-01 00:00:00,3.6849976
1994-02-01 00:00:00,3.1341553
1994-03-01 00:00:00,2.9072876
1994-04-01 00:00:00,2.479248
1994-05-01 00:00:00,1.4314575
1994-06-01 00:00:00,1.5777588
1994-07-01 00:00:00,1.642273
1994-08-01 00:00:00,2.5003052
1994-09-01 00:00:00,3.2454224
1994-10-01 00:00:00,3.5471191
1994-11-01 00:00:00,3.1156006
1994-12-01 00:00:00,2.9639893
1995-01-01 00:00:00,3.7040405
1995-02-01 00:00:00,3.19635
1995-03-01 00:00:00,2.9976807
1995-04-01 00:00:00,1.6951294
1995-05-01 00:00:00,1.8008423
1995-06-01 00:00:00,1.8526611
1995-07-01 00:00:00,1.552185
1995-08-01 00:00:00,2.173523
1995-09-01 00:00:00,3.1339722
1995-10-01 00:00:00,3.0632935
1995-11-01 00:00:00,2.9644775
1995-12-01 00:00:00,3.052124
1996-01-01 00:00:00,3.5575562
1996-02-01 00:00:00,2.9611816
1996-03-01 00:00:00,2.5862427
1996-04-01 00:00:00,2.2229004
1996-05-01 00:00:00,1.7954712
1996-06-01 00:00:00,1.4567871
1996-07-01 00:00:00,1.6311646
1996-08-01 00:00:00,1.7532349
1996-09-01 00:00:00,2.2836304
1996-10-01 00:00:00,2.1689453
1996-11-01 00:00:00,2.0638428
1996-12-01 00:00:00,2.6884155
1997-01-01 00:00:00,2.633545
1997-02-01 00:00:00,2.6855469
1997-03-01 00:00:00,0.711853
1997-04-01 00:00:00,1.3832397
1997-05-01 00:00:00,1.4464722
1997-06-01 00:00:00,0.55670166
1997-07-01 00:00:00,1.1593628
1997-08-01 00:00:00,0.96533203
1997-09-01 00:00:00,0.73187256
1997-10-01 00:00:00,0.8085327
1997-11-01 00:00:00,1.534668
1997-12-01 00:00:00,0.6966553
1998-01-01 00:00:00,1.3793945
1998-02-01 00:00:00,0.7125244
1998-03-01 00:00:00,-0.5157471
1998-04-01 00:00:00,0.74768066
1998-05-01 00:00:00,-0.16290283
1998-06-01 00:00:00,-0.44622803
1998-07-01 00:00:00,1.1647949
1998-08-01 00:00:00,1.7301025
1998-09-01 00:00:00,1.37146
1998-10-01 00:00:00,1.489502
1998-11-01 00:00:00,1.7900391
1998-12-01 00:00:00,1.8592529
1999-01-01 00:00:00,3.0632935
1999-02-01 00:00:00,2.3660278
1999-03-01 00:00:00,1.517395
1999-04-01 00:00:00,1.0584717
1999-05-01 00:00:00,1.498352
1999-06-01 00:00:00,1.1404419
1999-07-01 00:00:00,2.003357
1999-08-01 00:00:00,2.069397
1999-09-01 00:00:00,2.6776733
1999-10-01 00:00:00,2.286255
1999-11-01 00:00:00,2.0092163
1999-12-01 00:00:00,2.7937622
2000-01-01 00:00:00,3.0358276
2000-02-01 00:00:00,2.8013916
2000-03-01 00:00:00,2.5269165
2000-04-01 00:00:00,1.8412476
2000-05-01 00:00:00,1.7862549
2000-06-01 00:00:00,2.423645
2000-07-01 00:00:00,2.227295
2000-08-01 00:00:00,3.4156494
2000-09-01 00:00:00,3.2069702
2000-10-01 00:00:00,3.7371826
2000-11-01 00:00:00,3.59375
2000-12-01 00:00:00,3.5456543
2001-01-01 00:00:00,3.633545
2001-02-01 00:00:00,3.4762573
2001-03-01 00:00:00,2.2271729
2001-04-01 00:00:00,1.0421143
2001-05-01 00:00:00,1.1108398
2001-06-01 00:00:00,0.5518799
2001-07-01 00:00:00,-0.062072754
2001-08-01 00:00:00,0.4031372
2001-09-01 00:00:00,0.18206787
2001-10-01 00:00:00,0.8666992
2001-11-01 00:00:00,0.66345215
2001-12-01 00:00:00,1.083252
2002-01-01 00:00:00,1.9217529
2002-02-01 00:00:00,1.0629272
2002-03-01 00:00:00,0.598999
2002-04-01 00:00:00,0.09240723
2002-05-01 00:00:00,-0.5008545
2002-06-01 00:00:00,-0.4821167
2002-07-01 00:00:00,-0.37634277
2002-08-01 00:00:00,-0.20690918
2002-09-01 00:00:00,0.03289795
2002-10-01 00:00:00,-0.289917
2002-11-01 00:00:00,-0.54003906
2002-12-01 00:00:00,0.5029907
2003-01-01 00:00:00,-1.24646
2003-02-01 00:00:00,-1.6310425
2003-03-01 00:00:00,-0.9234619
2003-04-01 00:00:00,-1.6300659
2003-05-01 00:00:00,-0.29626465
2003-06-01 00:00:00,-0.35443115
2003-07-01 00:00:00,1.3320923
2003-08-01 00:00:00,2.7355347
2003-09-01 00:00:00,2.958191
2003-10-01 00:00:00,2.5337524
2003-11-01 00:00:00,2.069641
2003-12-01 00:00:00,3.5253906
2004-01-01 00:00:00,3.0803833
2004-02-01 00:00:00,2.709961
2004-03-01 00:00:00,3.2439575
2004-04-01 00:00:00,2.399292
2004-05-01 00:00:00,2.8649292
2004-06-01 00:00:00,2.2790527
2004-07-01 00:00:00,2.112915
2004-08-01 00:00:00,3.4505005
2004-09-01 00:00:00,3.7576294
2004-10-01 00:00:00,3.609375
2004-11-01 00:00:00,3.0258179
2004-12-01 00:00:00,3.310608
2005-01-01 00:00:00,3.6444092
2005-02-01 00:00:00,3.2457275
2005-03-01 00:00:00,2.0133667
2005-04-01 00:00:00,1.0574341
2005-05-01 00:00:00,0.79052734
2005-06-01 00:00:00,0.8912964
2005-07-01 00:00:00,0.34301758
2005-08-01 00:00:00,0.99572754
2005-09-01 00:00:00,1.0778198
2005-10-01 00:00:00,1.4244385
2005-11-01 00:00:00,1.4265137
2005-12-01 00:00:00,1.8915405
2006-01-01 00:00:00,1.701416
