TIME,SST,SSS,time
1851-01-01 00:00:00,295.10828,33.342213,1851
1851-02-01 00:00:00,294.17554,33.289818,1851.083333
1851-03-01 00:00:00,293.68286,33.219246,1851.166667
1851-04-01 00:00:00,293.71072,33.23305,1851.25
1851-05-01 00:00:00,293.58395,33.262108,1851.333333
1851-06-01 00:00:00,294.28058,33.366802,1851.416667
1851-07-01 00:00:00,296.3114,33.480442,1851.5
1851-08-01 00:00:00,298.54922,33.551792,1851.583333
1851-09-01 00:00:00,299.75662,33.659813,1851.666667
1851-10-01 00:00:00,300.1549,33.688496,1851.75
1851-11-01 00:00:00,298.5348,33.62644,1851.833333
1851-12-01 00:00:00,296.68015,33.516636,1851.916667
1852-01-01 00:00:00,295.0672,33.282337,1852
1852-02-01 00:00:00,293.30765,33.03424,1852.083333
1852-03-31 00:00:00,293.04285,33.081406,1852.166667
1852-04-30 00:00:00,292.98398,33.164047,1852.25
1852-05-31 00:00:00,295.24292,33.248226,1852.333333
1852-06-30 00:00:00,297.30255,33.39927,1852.416667
1852-07-31 00:00:00,298.8754,33.503468,1852.5
1852-08-31 00:00:00,299.8279,33.55649,1852.583333
1852-09-30 00:00:00,299.79477,33.584145,1852.666667
1852-10-31 00:00:00,298.75494,33.574665,1852.75
1852-11-30 00:00:00,296.63483,33.537586,1852.833333
1852-12-31 00:00:00,294.41833,33.321064,1852.916667
1853-01-31 00:00:00,292.75928,33.2894,1853
1853-02-28 00:00:00,291.6094,33.29911,1853.083333
1853-03-31 00:00:00,291.8055,33.255775,1853.166667
1853-04-30 00:00:00,292.92087,33.212727,1853.25
1853-05-31 00:00:00,294.5278,33.28872,1853.333333
1853-06-30 00:00:00,295.9849,33.41778,1853.416667
1853-07-31 00:00:00,298.5951,33.522896,1853.5
1853-08-31 00:00:00,300.00232,33.619232,1853.583333
1853-09-30 00:00:00,300.0789,33.673496,1853.666667
1853-10-31 00:00:00,299.05258,33.702183,1853.75
1853-11-30 00:00:00,296.5601,33.686943,1853.833333
1853-12-31 00:00:00,294.13565,33.52744,1853.916667
1854-01-31 00:00:00,292.79398,33.35969,1854
1854-02-28 00:00:00,292.44382,33.344765,1854.083333
1854-03-31 00:00:00,292.57922,33.349068,1854.166667
1854-04-30 00:00:00,293.3523,33.366325,1854.25
1854-05-31 00:00:00,294.40286,33.436333,1854.333333
1854-06-30 00:00:00,296.22272,33.539383,1854.416667
1854-07-31 00:00:00,298.93497,33.68485,1854.5
1854-08-31 00:00:00,300.17685,33.75205,1854.583333
1854-09-30 00:00:00,300.48077,33.752876,1854.666667
1854-10-31 00:00:00,298.62372,33.727127,1854.75
1854-11-30 00:00:00,296.42334,33.568573,1854.833333
1854-12-31 00:00:00,295.06107,32.869167,1854.916667
1855-01-31 00:00:00,293.80402,32.35349,1855
1855-02-28 00:00:00,293.5462,32.742588,1855.083333
1855-03-31 00:00:00,293.28482,33.01694,1855.166667
1855-04-30 00:00:00,293.43057,33.185345,1855.25
1855-05-31 00:00:00,294.29532,33.213333,1855.333333
1855-06-30 00:00:00,296.499,33.323246,1855.416667
1855-07-31 00:00:00,298.50897,33.48328,1855.5
1855-08-31 00:00:00,300.03452,33.65972,1855.583333
1855-09-30 00:00:00,299.93384,33.70752,1855.666667
1855-10-31 00:00:00,298.37564,33.7427,1855.75
1855-11-30 00:00:00,296.37473,33.62979,1855.833333
1855-12-31 00:00:00,294.88177,33.397366,1855.916667
1856-01-31 00:00:00,294.0355,33.105675,1856
1856-02-28 00:00:00,293.539,32.90147,1856.083333
1856-03-30 00:00:00,293.31427,32.872704,1856.166667
1856-04-29 00:00:00,292.97653,32.974052,1856.25
1856-05-30 00:00:00,294.0403,33.080204,1856.333333
1856-06-29 00:00:00,296.46866,33.370117,1856.416667
1856-07-30 00:00:00,298.17487,33.58444,1856.5
1856-08-30 00:00:00,299.34897,33.66557,1856.583333
1856-09-29 00:00:00,299.72763,33.73931,1856.666667
1856-10-30 00:00:00,298.7978,33.759075,1856.75
1856-11-29 00:00:00,297.04312,33.62002,1856.833333
1856-12-30 00:00:00,294.96216,33.0845,1856.916667
1857-01-30 00:00:00,293.73083,32.73257,1857
1857-02-27 00:00:00,293.1654,32.71105,1857.083333
1857-03-30 00:00:00,292.6427,32.94092,1857.166667
1857-04-29 00:00:00,292.86884,33.078545,1857.25
1857-05-30 00:00:00,294.51892,33.164547,1857.333333
1857-06-29 00:00:00,297.09946,33.297966,1857.416667
1857-07-30 00:00:00,298.4637,33.530052,1857.5
1857-08-30 00:00:00,299.17844,33.63296,1857.583333
1857-09-29 00:00:00,299.5416,33.696358,1857.666667
1857-10-30 00:00:00,297.66757,33.70504,1857.75
1857-11-29 00:00:00,296.0969,33.690086,1857.833333
1857-12-30 00:00:00,294.69446,33.52118,1857.916667
1858-01-30 00:00:00,293.2577,33.26758,1858
1858-02-27 00:00:00,292.48233,33.152443,1858.083333
1858-03-30 00:00:00,292.3031,33.142967,1858.166667
1858-04-29 00:00:00,292.64316,33.173218,1858.25
1858-05-30 00:00:00,294.3426,33.28447,1858.333333
1858-06-29 00:00:00,296.7596,33.486126,1858.416667
1858-07-30 00:00:00,299.09695,33.621647,1858.5
1858-08-30 00:00:00,300.39084,33.708355,1858.583333
1858-09-29 00:00:00,299.94592,33.74994,1858.666667
1858-10-30 00:00:00,297.55154,33.74666,1858.75
1858-11-29 00:00:00,295.8389,33.684856,1858.833333
1858-12-30 00:00:00,294.56073,33.365784,1858.916667
1859-01-30 00:00:00,293.38748,33.181267,1859
1859-02-27 00:00:00,293.07358,32.900375,1859.083333
1859-03-30 00:00:00,292.61264,32.885563,1859.166667
1859-04-29 00:00:00,292.87384,33.07006,1859.25
1859-05-30 00:00:00,293.97037,33.21184,1859.333333
1859-06-29 00:00:00,295.73572,33.4825,1859.416667
1859-07-30 00:00:00,297.90027,33.634167,1859.5
1859-08-30 00:00:00,299.4177,33.701046,1859.583333
1859-09-29 00:00:00,299.84296,33.742718,1859.666667
1859-10-30 00:00:00,298.54068,33.74671,1859.75
1859-11-29 00:00:00,296.2341,33.658615,1859.833333
1859-12-30 00:00:00,294.4532,33.361702,1859.916667
1860-01-30 00:00:00,293.51013,33.22097,1860
1860-02-27 00:00:00,293.00565,32.920616,1860.083333
1860-03-29 00:00:00,292.8405,33.004612,1860.166667
1860-04-28 00:00:00,293.06732,33.075645,1860.25
1860-05-29 00:00:00,293.8106,33.203163,1860.333333
1860-06-28 00:00:00,296.03314,33.40662,1860.416667
1860-07-29 00:00:00,298.7166,33.58951,1860.5
1860-08-29 00:00:00,299.89062,33.66973,1860.583333
1860-09-28 00:00:00,299.96033,33.73283,1860.666667
1860-10-29 00:00:00,298.5172,33.708027,1860.75
1860-11-28 00:00:00,296.34967,33.596848,1860.833333
1860-12-29 00:00:00,295.16998,33.433575,1860.916667
1861-01-29 00:00:00,294.39362,33.231358,1861
1861-02-26 00:00:00,293.46472,33.183098,1861.083333
1861-03-29 00:00:00,293.27713,33.196007,1861.166667
1861-04-28 00:00:00,293.15558,33.23176,1861.25
1861-05-29 00:00:00,294.5422,33.356834,1861.333333
1861-06-28 00:00:00,296.99725,33.445,1861.416667
1861-07-29 00:00:00,298.97064,33.55786,1861.5
1861-08-29 00:00:00,299.9731,33.626385,1861.583333
1861-09-28 00:00:00,299.87445,33.715794,1861.666667
1861-10-29 00:00:00,299.0149,33.72522,1861.75
1861-11-28 00:00:00,297.15472,33.650116,1861.833333
1861-12-29 00:00:00,294.62402,33.48489,1861.916667
1862-01-29 00:00:00,293.67828,33.298767,1862
1862-02-26 00:00:00,293.20663,33.191757,1862.083333
1862-03-29 00:00:00,293.098,33.200287,1862.166667
1862-04-28 00:00:00,293.29324,33.214497,1862.25
1862-05-29 00:00:00,294.27942,33.289017,1862.333333
1862-06-28 00:00:00,296.12387,33.452057,1862.416667
1862-07-29 00:00:00,298.19675,33.635056,1862.5
1862-08-29 00:00:00,299.70932,33.70125,1862.583333
1862-09-28 00:00:00,299.76407,33.750507,1862.666667
1862-10-29 00:00:00,297.97818,33.750416,1862.75
1862-11-28 00:00:00,296.1454,33.588104,1862.833333
1862-12-29 00:00:00,294.43738,33.043297,1862.916667
1863-01-29 00:00:00,293.14655,32.616238,1863
1863-02-26 00:00:00,292.41748,32.656563,1863.083333
1863-03-29 00:00:00,292.47815,32.94351,1863.166667
1863-04-28 00:00:00,292.67987,33.17546,1863.25
1863-05-29 00:00:00,293.89185,33.288445,1863.333333
1863-06-28 00:00:00,296.60016,33.44017,1863.416667
1863-07-29 00:00:00,298.33096,33.626034,1863.5
1863-08-29 00:00:00,299.60025,33.71626,1863.583333
1863-09-28 00:00:00,299.99323,33.748806,1863.666667
1863-10-29 00:00:00,297.82864,33.80447,1863.75
1863-11-28 00:00:00,295.91876,33.695393,1863.833333
1863-12-29 00:00:00,294.90628,33.00988,1863.916667
1864-01-29 00:00:00,294.1834,32.67146,1864
1864-02-26 00:00:00,293.35883,32.57974,1864.083333
1864-03-28 00:00:00,292.71637,32.880207,1864.166667
1864-04-27 00:00:00,293.23367,33.11018,1864.25
1864-05-28 00:00:00,294.11215,33.262386,1864.333333
1864-06-27 00:00:00,296.0352,33.490463,1864.416667
1864-07-28 00:00:00,298.489,33.64892,1864.5
1864-08-28 00:00:00,299.47736,33.715637,1864.583333
1864-09-27 00:00:00,299.53253,33.747303,1864.666667
1864-10-28 00:00:00,298.55014,33.75768,1864.75
1864-11-27 00:00:00,296.50357,33.657093,1864.833333
1864-12-28 00:00:00,294.3745,33.077003,1864.916667
1865-01-28 00:00:00,292.81055,32.44872,1865
1865-02-25 00:00:00,292.578,32.79945,1865.083333
1865-03-28 00:00:00,292.27963,32.98519,1865.166667
1865-04-27 00:00:00,292.59717,33.13857,1865.25
1865-05-28 00:00:00,293.94922,33.275543,1865.333333
1865-06-27 00:00:00,296.11804,33.40534,1865.416667
1865-07-28 00:00:00,297.84875,33.58591,1865.5
1865-08-28 00:00:00,299.49393,33.686275,1865.583333
1865-09-27 00:00:00,299.5313,33.72473,1865.666667
1865-10-28 00:00:00,298.75226,33.71543,1865.75
1865-11-27 00:00:00,296.492,33.604626,1865.833333
1865-12-28 00:00:00,294.17993,33.40014,1865.916667
1866-01-28 00:00:00,292.69424,33.18629,1866
1866-02-25 00:00:00,292.25345,33.091457,1866.083333
1866-03-28 00:00:00,292.0616,33.133465,1866.166667
1866-04-27 00:00:00,292.29404,33.215607,1866.25
1866-05-28 00:00:00,293.91122,33.30797,1866.333333
1866-06-27 00:00:00,296.05872,33.397884,1866.416667
1866-07-28 00:00:00,298.3828,33.573597,1866.5
1866-08-28 00:00:00,299.5355,33.72737,1866.583333
1866-09-27 00:00:00,299.88486,33.77939,1866.666667
1866-10-28 00:00:00,298.31042,33.783344,1866.75
1866-11-27 00:00:00,295.85477,33.695255,1866.833333
1866-12-28 00:00:00,294.10233,33.616592,1866.916667
1867-01-28 00:00:00,293.03033,33.31371,1867
1867-02-25 00:00:00,292.3332,33.234,1867.083333
1867-03-28 00:00:00,292.16138,33.263306,1867.166667
1867-04-27 00:00:00,292.59088,33.35933,1867.25
1867-05-28 00:00:00,293.9464,33.417847,1867.333333
1867-06-27 00:00:00,295.9883,33.499527,1867.416667
1867-07-28 00:00:00,297.8675,33.635376,1867.5
1867-08-28 00:00:00,299.5015,33.736404,1867.583333
1867-09-27 00:00:00,299.74734,33.78753,1867.666667
1867-10-28 00:00:00,298.38522,33.777237,1867.75
1867-11-27 00:00:00,295.84924,33.628593,1867.833333
1867-12-28 00:00:00,294.36215,33.171173,1867.916667
1868-01-28 00:00:00,293.18936,33.169865,1868
1868-02-25 00:00:00,292.74792,33.207767,1868.083333
1868-03-27 00:00:00,292.58124,33.261112,1868.166667
1868-04-26 00:00:00,292.81415,33.366444,1868.25
1868-05-27 00:00:00,293.60428,33.457176,1868.333333
1868-06-26 00:00:00,296.1937,33.62591,1868.416667
1868-07-27 00:00:00,298.29086,33.724243,1868.5
1868-08-27 00:00:00,299.6066,33.785767,1868.583333
1868-09-26 00:00:00,299.85638,33.796867,1868.666667
1868-10-27 00:00:00,298.18054,33.771656,1868.75
1868-11-26 00:00:00,296.4158,33.676044,1868.833333
1868-12-27 00:00:00,294.36676,33.236126,1868.916667
1869-01-27 00:00:00,292.83792,33.174168,1869
1869-02-24 00:00:00,292.1897,33.039547,1869.083333
1869-03-27 00:00:00,291.71735,33.02402,1869.166667
1869-04-26 00:00:00,292.3192,33.153908,1869.25
1869-05-27 00:00:00,293.8646,33.246834,1869.333333
1869-06-26 00:00:00,296.22903,33.366474,1869.416667
1869-07-27 00:00:00,297.93704,33.524208,1869.5
1869-08-27 00:00:00,298.87262,33.594017,1869.583333
1869-09-26 00:00:00,299.13,33.611797,1869.666667
1869-10-27 00:00:00,297.9928,33.632053,1869.75
1869-11-26 00:00:00,296.03473,33.486313,1869.833333
1869-12-27 00:00:00,293.9914,33.433838,1869.916667
1870-01-27 00:00:00,293.01382,33.399418,1870
1870-02-24 00:00:00,292.50577,33.32709,1870.083333
1870-03-27 00:00:00,292.2224,33.33751,1870.166667
1870-04-26 00:00:00,292.97916,33.38474,1870.25
1870-05-27 00:00:00,293.7848,33.405922,1870.333333
1870-06-26 00:00:00,295.95822,33.49114,1870.416667
1870-07-27 00:00:00,298.2248,33.5523,1870.5
1870-08-27 00:00:00,299.80048,33.611973,1870.583333
1870-09-26 00:00:00,299.83353,33.659756,1870.666667
1870-10-27 00:00:00,298.5248,33.657852,1870.75
1870-11-26 00:00:00,297.30176,33.64312,1870.833333
1870-12-27 00:00:00,294.91217,33.554676,1870.916667
1871-01-27 00:00:00,293.789,33.40993,1871
1871-02-24 00:00:00,293.08453,33.352863,1871.083333
1871-03-27 00:00:00,293.0546,33.35118,1871.166667
1871-04-26 00:00:00,293.66785,33.393024,1871.25
1871-05-27 00:00:00,295.34457,33.43679,1871.333333
1871-06-26 00:00:00,297.16055,33.460854,1871.416667
1871-07-27 00:00:00,299.08105,33.554977,1871.5
1871-08-27 00:00:00,300.00882,33.71006,1871.583333
1871-09-26 00:00:00,300.12402,33.771862,1871.666667
1871-10-27 00:00:00,298.20178,33.7999,1871.75
1871-11-26 00:00:00,296.0935,33.694733,1871.833333
1871-12-27 00:00:00,294.69415,33.4668,1871.916667
1872-01-27 00:00:00,293.45425,33.19505,1872
1872-02-24 00:00:00,292.924,33.0815,1872.083333
1872-03-26 00:00:00,292.76477,33.155277,1872.166667
1872-04-25 00:00:00,293.10507,33.209465,1872.25
1872-05-26 00:00:00,294.29916,33.369503,1872.333333
1872-06-25 00:00:00,296.27063,33.618893,1872.416667
1872-07-26 00:00:00,298.36368,33.768288,1872.5
1872-08-26 00:00:00,299.81314,33.846836,1872.583333
1872-09-25 00:00:00,300.0935,33.885017,1872.666667
1872-10-26 00:00:00,298.5367,33.87322,1872.75
1872-11-25 00:00:00,296.64636,33.789646,1872.833333
1872-12-26 00:00:00,294.84946,33.262203,1872.916667
1873-01-26 00:00:00,293.6223,32.453487,1873
1873-02-23 00:00:00,293.09494,32.348022,1873.083333
1873-03-26 00:00:00,292.95645,32.84354,1873.166667
1873-04-25 00:00:00,293.416,33.126465,1873.25
1873-05-26 00:00:00,294.2642,33.272995,1873.333333
1873-06-25 00:00:00,296.07257,33.409294,1873.416667
1873-07-26 00:00:00,298.24274,33.59808,1873.5
1873-08-26 00:00:00,299.55005,33.73029,1873.583333
1873-09-25 00:00:00,300.0051,33.80876,1873.666667
1873-10-26 00:00:00,298.07324,33.798214,1873.75
1873-11-25 00:00:00,295.9179,33.646942,1873.833333
1873-12-26 00:00:00,294.29184,33.129425,1873.916667
1874-01-26 00:00:00,293.1578,32.576557,1874
1874-02-23 00:00:00,292.64764,32.52093,1874.083333
1874-03-26 00:00:00,292.7179,32.8389,1874.166667
1874-04-25 00:00:00,292.65524,33.08278,1874.25
1874-05-26 00:00:00,293.77432,33.210865,1874.333333
1874-06-25 00:00:00,296.36078,33.39869,1874.416667
1874-07-26 00:00:00,298.77695,33.592834,1874.5
1874-08-26 00:00:00,299.4607,33.665604,1874.583333
1874-09-25 00:00:00,299.80737,33.727715,1874.666667
1874-10-26 00:00:00,298.4472,33.718494,1874.75
1874-11-25 00:00:00,296.4929,33.6712,1874.833333
1874-12-26 00:00:00,294.5361,33.53683,1874.916667
1875-01-26 00:00:00,293.4265,33.438923,1875
1875-02-23 00:00:00,293.3923,33.362907,1875.083333
1875-03-26 00:00:00,293.09738,33.36406,1875.166667
1875-04-25 00:00:00,292.77676,33.37534,1875.25
1875-05-26 00:00:00,294.44855,33.43431,1875.333333
1875-06-25 00:00:00,296.38458,33.515656,1875.416667
1875-07-26 00:00:00,298.4066,33.597637,1875.5
1875-08-26 00:00:00,299.30707,33.680748,1875.583333
1875-09-25 00:00:00,299.83807,33.69596,1875.666667
1875-10-26 00:00:00,298.24158,33.687813,1875.75
1875-11-25 00:00:00,295.92297,33.500885,1875.833333
1875-12-26 00:00:00,294.26953,33.203922,1875.916667
1876-01-26 00:00:00,293.5301,32.944973,1876
1876-02-23 00:00:00,292.54205,32.917095,1876.083333
1876-03-25 00:00:00,292.56696,33.046844,1876.166667
1876-04-24 00:00:00,293.14114,33.238693,1876.25
1876-05-25 00:00:00,293.88223,33.35959,1876.333333
1876-06-24 00:00:00,295.8811,33.490532,1876.416667
1876-07-25 00:00:00,298.0115,33.633675,1876.5
1876-08-25 00:00:00,299.41708,33.710217,1876.583333
1876-09-24 00:00:00,299.80664,33.745693,1876.666667
1876-10-25 00:00:00,298.4795,33.7637,1876.75
1876-11-24 00:00:00,296.38467,33.66848,1876.833333
1876-12-25 00:00:00,294.65842,33.385498,1876.916667
1877-01-25 00:00:00,293.20477,33.097313,1877
1877-02-22 00:00:00,293.0109,33.02667,1877.083333
1877-03-25 00:00:00,292.93665,33.102856,1877.166667
1877-04-24 00:00:00,293.032,33.159042,1877.25
1877-05-25 00:00:00,294.287,33.26968,1877.333333
1877-06-24 00:00:00,296.71417,33.44762,1877.416667
1877-07-25 00:00:00,298.70764,33.5873,1877.5
1877-08-25 00:00:00,299.74295,33.692093,1877.583333
1877-09-24 00:00:00,299.62216,33.71314,1877.666667
1877-10-25 00:00:00,298.62616,33.73732,1877.75
1877-11-24 00:00:00,296.73322,33.582245,1877.833333
1877-12-25 00:00:00,294.85248,33.093655,1877.916667
1878-01-25 00:00:00,293.75098,32.44135,1878
1878-02-22 00:00:00,293.41205,32.669006,1878.083333
1878-03-25 00:00:00,293.092,32.832527,1878.166667
1878-04-24 00:00:00,293.48227,33.05302,1878.25
1878-05-25 00:00:00,294.7572,33.279274,1878.333333
1878-06-24 00:00:00,296.96515,33.43889,1878.416667
1878-07-25 00:00:00,298.85114,33.58653,1878.5
1878-08-25 00:00:00,300.10654,33.68486,1878.583333
1878-09-24 00:00:00,299.90878,33.723824,1878.666667
1878-10-25 00:00:00,298.65195,33.72466,1878.75
1878-11-24 00:00:00,297.15887,33.704082,1878.833333
1878-12-25 00:00:00,295.4585,33.661022,1878.916667
1879-01-25 00:00:00,294.00116,33.5636,1879
1879-02-22 00:00:00,293.3466,33.46868,1879.083333
1879-03-25 00:00:00,293.35403,33.411766,1879.166667
1879-04-24 00:00:00,293.5168,33.39872,1879.25
1879-05-25 00:00:00,294.46274,33.44761,1879.333333
1879-06-24 00:00:00,296.2201,33.498463,1879.416667
1879-07-25 00:00:00,298.4442,33.600605,1879.5
1879-08-25 00:00:00,299.88544,33.682186,1879.583333
1879-09-24 00:00:00,300.03094,33.69803,1879.666667
1879-10-25 00:00:00,298.0344,33.721775,1879.75
1879-11-24 00:00:00,296.16473,33.62775,1879.833333
1879-12-25 00:00:00,293.97736,33.444283,1879.916667
1880-01-25 00:00:00,293.09293,33.019325,1880
1880-02-22 00:00:00,292.46082,32.876007,1880.083333
1880-03-24 00:00:00,292.31717,32.99484,1880.166667
1880-04-23 00:00:00,292.6444,33.07255,1880.25
1880-05-24 00:00:00,294.6162,33.278748,1880.333333
1880-06-23 00:00:00,296.58508,33.54454,1880.416667
1880-07-24 00:00:00,298.87506,33.661285,1880.5
1880-08-24 00:00:00,299.64853,33.71627,1880.583333
1880-09-23 00:00:00,299.67133,33.74375,1880.666667
1880-10-24 00:00:00,298.21405,33.724953,1880.75
1880-11-23 00:00:00,295.78757,33.44672,1880.833333
1880-12-24 00:00:00,294.0345,33.262623,1880.916667
1881-01-24 00:00:00,292.6274,33.102474,1881
1881-02-21 00:00:00,291.98816,33.08574,1881.083333
1881-03-24 00:00:00,291.94183,33.117943,1881.166667
1881-04-23 00:00:00,292.1916,33.221325,1881.25
1881-05-24 00:00:00,293.15033,33.298203,1881.333333
1881-06-23 00:00:00,296.11038,33.460182,1881.416667
1881-07-24 00:00:00,297.91324,33.60065,1881.5
1881-08-24 00:00:00,299.1428,33.660892,1881.583333
1881-09-23 00:00:00,299.44275,33.700127,1881.666667
1881-10-24 00:00:00,298.6864,33.674442,1881.75
1881-11-23 00:00:00,296.3853,33.555397,1881.833333
1881-12-24 00:00:00,294.03723,33.22587,1881.916667
1882-01-24 00:00:00,292.7322,33.06664,1882
1882-02-21 00:00:00,291.95218,33.01837,1882.083333
1882-03-24 00:00:00,291.77875,33.254356,1882.166667
1882-04-23 00:00:00,292.2766,33.363144,1882.25
1882-05-24 00:00:00,293.57043,33.405624,1882.333333
1882-06-23 00:00:00,295.8649,33.526516,1882.416667
1882-07-24 00:00:00,298.0663,33.666862,1882.5
1882-08-24 00:00:00,299.49512,33.747986,1882.583333
1882-09-23 00:00:00,299.10986,33.770943,1882.666667
1882-10-24 00:00:00,297.91434,33.790836,1882.75
1882-11-23 00:00:00,296.28238,33.760914,1882.833333
1882-12-24 00:00:00,294.528,33.57973,1882.916667
1883-01-24 00:00:00,293.36404,33.47406,1883
1883-02-21 00:00:00,293.26648,33.442234,1883.083333
1883-03-24 00:00:00,292.97253,33.465057,1883.166667
1883-04-23 00:00:00,293.16132,33.51895,1883.25
1883-05-24 00:00:00,294.17096,33.556843,1883.333333
1883-06-23 00:00:00,296.62476,33.607964,1883.416667
1883-07-24 00:00:00,298.62177,33.729538,1883.5
1883-08-24 00:00:00,299.90756,33.759304,1883.583333
1883-09-23 00:00:00,300.04654,33.754635,1883.666667
1883-10-24 00:00:00,298.43436,33.74231,1883.75
1883-11-23 00:00:00,296.70724,33.650116,1883.833333
1883-12-24 00:00:00,294.72195,33.59409,1883.916667
1884-01-24 00:00:00,293.551,33.346268,1884
1884-02-21 00:00:00,292.77637,33.247948,1884.083333
1884-03-23 00:00:00,292.7826,33.175747,1884.166667
1884-04-22 00:00:00,292.5356,33.258224,1884.25
1884-05-23 00:00:00,293.77295,33.35365,1884.333333
1884-06-22 00:00:00,295.82278,33.478874,1884.416667
1884-07-23 00:00:00,297.752,33.639374,1884.5
1884-08-23 00:00:00,298.84525,33.7114,1884.583333
1884-09-22 00:00:00,298.67612,33.718285,1884.666667
1884-10-23 00:00:00,297.61145,33.665718,1884.75
1884-11-22 00:00:00,295.05402,33.470062,1884.833333
1884-12-23 00:00:00,293.51645,32.88206,1884.916667
1885-01-23 00:00:00,292.2138,32.02912,1885
1885-02-20 00:00:00,291.90817,32.092014,1885.083333
1885-03-23 00:00:00,291.78577,32.640858,1885.166667
1885-04-22 00:00:00,292.1975,32.966793,1885.25
1885-05-23 00:00:00,294.3001,33.13031,1885.333333
1885-06-22 00:00:00,296.72485,33.24372,1885.416667
1885-07-23 00:00:00,298.5896,33.3878,1885.5
1885-08-23 00:00:00,299.65347,33.526028,1885.583333
1885-09-22 00:00:00,299.5547,33.65173,1885.666667
1885-10-23 00:00:00,297.62784,33.667496,1885.75
1885-11-22 00:00:00,295.44504,33.557335,1885.833333
1885-12-23 00:00:00,293.7884,33.386387,1885.916667
1886-01-23 00:00:00,292.54688,33.131634,1886
1886-02-20 00:00:00,291.90256,33.19557,1886.083333
1886-03-23 00:00:00,291.79907,33.176655,1886.166667
1886-04-22 00:00:00,292.1026,33.277935,1886.25
1886-05-23 00:00:00,293.95187,33.327755,1886.333333
1886-06-22 00:00:00,296.57404,33.40643,1886.416667
1886-07-23 00:00:00,298.1548,33.47625,1886.5
1886-08-23 00:00:00,299.34055,33.63503,1886.583333
1886-09-22 00:00:00,299.56238,33.716698,1886.666667
1886-10-23 00:00:00,297.94977,33.73682,1886.75
1886-11-22 00:00:00,295.52847,33.70978,1886.833333
1886-12-23 00:00:00,293.67902,33.58199,1886.916667
1887-01-23 00:00:00,292.64972,33.435993,1887
1887-02-20 00:00:00,292.40997,33.336987,1887.083333
1887-03-23 00:00:00,292.1918,33.339897,1887.166667
1887-04-22 00:00:00,292.5455,33.41708,1887.25
1887-05-23 00:00:00,294.10385,33.474243,1887.333333
1887-06-22 00:00:00,296.64084,33.559402,1887.416667
1887-07-23 00:00:00,298.08972,33.669693,1887.5
1887-08-23 00:00:00,299.15787,33.754105,1887.583333
1887-09-22 00:00:00,299.15164,33.790245,1887.666667
1887-10-23 00:00:00,298.1516,33.801407,1887.75
1887-11-22 00:00:00,296.4113,33.73775,1887.833333
1887-12-23 00:00:00,294.48322,33.42105,1887.916667
1888-01-23 00:00:00,292.9892,32.883694,1888
1888-02-20 00:00:00,292.78275,32.82721,1888.083333
1888-03-22 00:00:00,292.98083,32.87379,1888.166667
1888-04-21 00:00:00,292.72894,33.012264,1888.25
1888-05-22 00:00:00,293.89664,33.155163,1888.333333
1888-06-21 00:00:00,296.53116,33.370262,1888.416667
1888-07-22 00:00:00,298.59103,33.572357,1888.5
1888-08-22 00:00:00,299.97485,33.669506,1888.583333
1888-09-21 00:00:00,299.55798,33.74661,1888.666667
1888-10-22 00:00:00,298.50577,33.707222,1888.75
1888-11-21 00:00:00,296.76324,33.639275,1888.833333
1888-12-22 00:00:00,294.87103,33.427773,1888.916667
1889-01-22 00:00:00,293.56995,33.014072,1889
1889-02-19 00:00:00,292.8213,32.99582,1889.083333
1889-03-22 00:00:00,292.64246,32.974125,1889.166667
1889-04-21 00:00:00,292.96216,32.983063,1889.25
1889-05-22 00:00:00,293.6874,33.191082,1889.333333
1889-06-21 00:00:00,296.34433,33.412518,1889.416667
1889-07-22 00:00:00,298.36826,33.651817,1889.5
1889-08-22 00:00:00,299.55228,33.718204,1889.583333
1889-09-21 00:00:00,299.37576,33.739613,1889.666667
1889-10-22 00:00:00,298.19577,33.70899,1889.75
1889-11-21 00:00:00,296.02313,33.516552,1889.833333
1889-12-22 00:00:00,293.31378,33.08082,1889.916667
1890-01-22 00:00:00,292.7895,32.462677,1890
1890-02-19 00:00:00,292.36777,32.542202,1890.083333
1890-03-22 00:00:00,292.38763,32.726036,1890.166667
1890-04-21 00:00:00,292.54688,32.947937,1890.25
1890-05-22 00:00:00,293.85983,33.251976,1890.333333
1890-06-21 00:00:00,295.82675,33.512554,1890.416667
1890-07-22 00:00:00,298.12698,33.685566,1890.5
1890-08-22 00:00:00,299.21924,33.74509,1890.583333
1890-09-21 00:00:00,299.31888,33.77971,1890.666667
1890-10-22 00:00:00,298.39215,33.744255,1890.75
1890-11-21 00:00:00,296.34692,33.60801,1890.833333
1890-12-22 00:00:00,294.4314,33.34802,1890.916667
1891-01-22 00:00:00,293.07343,33.17376,1891
1891-02-19 00:00:00,292.6551,33.250355,1891.083333
1891-03-22 00:00:00,292.21017,33.296932,1891.166667
1891-04-21 00:00:00,292.52966,33.354805,1891.25
1891-05-22 00:00:00,293.7483,33.406902,1891.333333
1891-06-21 00:00:00,295.96057,33.53199,1891.416667
1891-07-22 00:00:00,298.13443,33.637695,1891.5
1891-08-22 00:00:00,299.76218,33.673534,1891.583333
1891-09-21 00:00:00,299.92587,33.67499,1891.666667
1891-10-22 00:00:00,298.04654,33.679813,1891.75
1891-11-21 00:00:00,295.92667,33.61701,1891.833333
1891-12-22 00:00:00,294.51404,33.302505,1891.916667
1892-01-22 00:00:00,293.17114,32.941696,1892
1892-02-19 00:00:00,292.84656,32.954502,1892.083333
1892-03-21 00:00:00,292.56305,33.027985,1892.166667
1892-04-20 00:00:00,293.59573,33.13121,1892.25
1892-05-21 00:00:00,294.4756,33.2043,1892.333333
1892-06-20 00:00:00,296.51935,33.307236,1892.416667
1892-07-21 00:00:00,298.32925,33.433548,1892.5
1892-08-21 00:00:00,299.8746,33.54344,1892.583333
1892-09-20 00:00:00,300.09854,33.60935,1892.666667
1892-10-21 00:00:00,298.54898,33.695778,1892.75
1892-11-20 00:00:00,296.6045,33.67989,1892.833333
1892-12-21 00:00:00,295.02148,33.574596,1892.916667
1893-01-21 00:00:00,293.65732,33.40651,1893
1893-02-18 00:00:00,292.77823,33.316914,1893.083333
1893-03-21 00:00:00,292.7366,33.326885,1893.166667
1893-04-20 00:00:00,292.80612,33.391922,1893.25
1893-05-21 00:00:00,293.7795,33.470093,1893.333333
1893-06-20 00:00:00,296.48837,33.552242,1893.416667
1893-07-21 00:00:00,297.9565,33.6741,1893.5
1893-08-21 00:00:00,299.62708,33.775272,1893.583333
1893-09-20 00:00:00,299.57947,33.78514,1893.666667
1893-10-21 00:00:00,298.6289,33.79976,1893.75
1893-11-20 00:00:00,296.56342,33.720074,1893.833333
1893-12-21 00:00:00,294.19885,33.024387,1893.916667
1894-01-21 00:00:00,292.77286,32.642654,1894
1894-02-18 00:00:00,292.5813,32.80488,1894.083333
1894-03-21 00:00:00,292.50778,32.995853,1894.166667
1894-04-20 00:00:00,293.28702,33.17888,1894.25
1894-05-21 00:00:00,294.45963,33.269436,1894.333333
1894-06-20 00:00:00,296.6242,33.335674,1894.416667
1894-07-21 00:00:00,298.74503,33.51138,1894.5
1894-08-21 00:00:00,299.61398,33.658215,1894.583333
1894-09-20 00:00:00,299.38858,33.733055,1894.666667
1894-10-21 00:00:00,298.1705,33.71542,1894.75
1894-11-20 00:00:00,296.57724,33.641422,1894.833333
1894-12-21 00:00:00,294.97516,33.3863,1894.916667
1895-01-21 00:00:00,293.57562,32.759426,1895
1895-02-18 00:00:00,292.93976,32.736813,1895.083333
1895-03-21 00:00:00,292.63586,32.86662,1895.166667
1895-04-20 00:00:00,292.75455,33.013355,1895.25
1895-05-21 00:00:00,293.98706,33.152164,1895.333333
1895-06-20 00:00:00,296.02017,33.3559,1895.416667
1895-07-21 00:00:00,298.4304,33.522972,1895.5
1895-08-21 00:00:00,299.54462,33.650494,1895.583333
1895-09-20 00:00:00,299.77228,33.688248,1895.666667
1895-10-21 00:00:00,298.84525,33.71474,1895.75
1895-11-20 00:00:00,297.05542,33.717777,1895.833333
1895-12-21 00:00:00,295.02167,33.61288,1895.916667
1896-01-21 00:00:00,293.69656,33.462143,1896
1896-02-18 00:00:00,292.5058,33.355137,1896.083333
1896-03-20 00:00:00,292.5651,33.352917,1896.166667
1896-04-19 00:00:00,293.03427,33.391262,1896.25
1896-05-20 00:00:00,294.34766,33.417442,1896.333333
1896-06-19 00:00:00,296.68555,33.492508,1896.416667
1896-07-20 00:00:00,298.55713,33.578053,1896.5
1896-08-20 00:00:00,299.64264,33.641144,1896.583333
1896-09-19 00:00:00,300.00656,33.6863,1896.666667
1896-10-20 00:00:00,298.9465,33.722263,1896.75
1896-11-19 00:00:00,297.3975,33.690105,1896.833333
1896-12-20 00:00:00,295.4967,33.612953,1896.916667
1897-01-20 00:00:00,293.9704,33.405647,1897
1897-02-17 00:00:00,293.2117,33.315586,1897.083333
1897-03-20 00:00:00,293.16583,33.302765,1897.166667
1897-04-19 00:00:00,293.41245,33.343323,1897.25
1897-05-20 00:00:00,294.2949,33.389965,1897.333333
1897-06-19 00:00:00,296.744,33.523632,1897.416667
1897-07-20 00:00:00,298.7115,33.67637,1897.5
1897-08-20 00:00:00,299.9004,33.70427,1897.583333
1897-09-19 00:00:00,299.79532,33.707314,1897.666667
1897-10-20 00:00:00,298.94415,33.734146,1897.75
1897-11-19 00:00:00,296.54932,33.65594,1897.833333
1897-12-20 00:00:00,294.678,33.35656,1897.916667
1898-01-20 00:00:00,293.8459,32.915073,1898
1898-02-17 00:00:00,293.34723,32.86365,1898.083333
1898-03-20 00:00:00,293.06805,33.00762,1898.166667
1898-04-19 00:00:00,293.48746,33.031284,1898.25
1898-05-20 00:00:00,294.9433,33.105576,1898.333333
1898-06-19 00:00:00,296.77893,33.249535,1898.416667
1898-07-20 00:00:00,298.88586,33.44899,1898.5
1898-08-20 00:00:00,299.94595,33.557644,1898.583333
1898-09-19 00:00:00,300.12482,33.6052,1898.666667
1898-10-20 00:00:00,298.9308,33.648487,1898.75
1898-11-19 00:00:00,296.68518,33.61041,1898.833333
1898-12-20 00:00:00,294.69327,33.48482,1898.916667
1899-01-20 00:00:00,293.73758,33.23844,1899
1899-02-17 00:00:00,293.2664,33.129875,1899.083333
1899-03-20 00:00:00,293.0756,33.1791,1899.166667
1899-04-19 00:00:00,293.2645,33.245426,1899.25
1899-05-20 00:00:00,294.87366,33.31867,1899.333333
1899-06-19 00:00:00,296.93567,33.513187,1899.416667
1899-07-20 00:00:00,298.98123,33.698433,1899.5
1899-08-20 00:00:00,299.7,33.78113,1899.583333
1899-09-19 00:00:00,299.39157,33.76436,1899.666667
1899-10-20 00:00:00,298.24435,33.75367,1899.75
1899-11-19 00:00:00,296.1375,33.68689,1899.833333
1899-12-20 00:00:00,294.41034,33.41502,1899.916667
1/20/1900 0:00,293.19623,32.992947,1900
2/17/1900 0:00,292.56537,32.81521,1900.083333
3/20/1900 0:00,292.44574,32.92133,1900.166667
4/19/1900 0:00,293.087,32.989304,1900.25
5/20/1900 0:00,294.5914,33.195496,1900.333333
6/19/1900 0:00,296.7289,33.354782,1900.416667
7/20/1900 0:00,298.39658,33.57302,1900.5
8/20/1900 0:00,299.64923,33.647648,1900.583333
9/19/1900 0:00,299.7776,33.681583,1900.666667
10/20/1900 0:00,298.14462,33.700546,1900.75
11/19/1900 0:00,295.63184,33.465523,1900.833333
12/20/1900 0:00,293.95963,33.01172,1900.916667
1/20/1901 0:00,292.72617,32.92908,1901
2/17/1901 0:00,292.06952,32.970737,1901.083333
3/20/1901 0:00,291.9599,33.107986,1901.166667
4/19/1901 0:00,292.1007,33.18754,1901.25
5/20/1901 0:00,293.38037,33.26935,1901.333333
6/19/1901 0:00,295.2829,33.35194,1901.416667
7/20/1901 0:00,297.6482,33.526443,1901.5
8/20/1901 0:00,299.16605,33.61652,1901.583333
9/19/1901 0:00,299.3674,33.644863,1901.666667
10/20/1901 0:00,298.02463,33.697758,1901.75
11/19/1901 0:00,296.14035,33.699165,1901.833333
12/20/1901 0:00,294.5332,33.39669,1901.916667
1/20/1902 0:00,293.33847,33.015537,1902
2/17/1902 0:00,292.5304,33.194653,1902.083333
3/20/1902 0:00,292.54813,33.22165,1902.166667
4/19/1902 0:00,292.8994,33.24952,1902.25
5/20/1902 0:00,294.65854,33.31904,1902.333333
6/19/1902 0:00,296.80746,33.423374,1902.416667
7/20/1902 0:00,298.32477,33.53514,1902.5
8/20/1902 0:00,299.61426,33.633984,1902.583333
9/19/1902 0:00,299.74045,33.724155,1902.666667
10/20/1902 0:00,298.30856,33.74473,1902.75
11/19/1902 0:00,296.05164,33.713634,1902.833333
12/20/1902 0:00,294.75903,33.585007,1902.916667
1/20/1903 0:00,293.83524,33.356236,1903
2/17/1903 0:00,293.2979,33.251316,1903.083333
3/20/1903 0:00,293.00198,33.22021,1903.166667
4/19/1903 0:00,293.32062,33.260815,1903.25
5/20/1903 0:00,294.60233,33.37493,1903.333333
6/19/1903 0:00,296.3758,33.51937,1903.416667
7/20/1903 0:00,297.80685,33.65382,1903.5
8/20/1903 0:00,299.43832,33.707695,1903.583333
9/19/1903 0:00,299.89545,33.75473,1903.666667
10/20/1903 0:00,298.25107,33.762096,1903.75
11/19/1903 0:00,296.27237,33.653214,1903.833333
12/20/1903 0:00,294.99966,33.44508,1903.916667
1/20/1904 0:00,294.09558,33.297165,1904
2/17/1904 0:00,293.3894,33.188957,1904.083333
3/19/1904 0:00,293.1421,33.257084,1904.166667
4/18/1904 0:00,293.00195,33.344604,1904.25
5/19/1904 0:00,294.12302,33.37972,1904.333333
6/18/1904 0:00,296.12848,33.5528,1904.416667
7/19/1904 0:00,297.8727,33.695435,1904.5
8/19/1904 0:00,299.27936,33.718727,1904.583333
9/18/1904 0:00,299.40475,33.74026,1904.666667
10/19/1904 0:00,298.0639,33.738327,1904.75
11/18/1904 0:00,296.31888,33.63118,1904.833333
12/19/1904 0:00,293.97977,33.360027,1904.916667
1/19/1905 0:00,293.09375,33.145733,1905
2/16/1905 0:00,292.69617,33.059586,1905.083333
3/19/1905 0:00,292.71066,33.080692,1905.166667
4/18/1905 0:00,293.02188,33.233646,1905.25
5/19/1905 0:00,294.2699,33.336624,1905.333333
6/18/1905 0:00,296.17255,33.55364,1905.416667
7/19/1905 0:00,298.38373,33.64882,1905.5
8/19/1905 0:00,299.89673,33.725655,1905.583333
9/18/1905 0:00,299.65775,33.7656,1905.666667
10/19/1905 0:00,298.30066,33.760284,1905.75
11/18/1905 0:00,296.44235,33.679695,1905.833333
12/19/1905 0:00,294.75415,33.43464,1905.916667
1/19/1906 0:00,293.28003,33.29375,1906
2/16/1906 0:00,292.7692,33.296436,1906.083333
3/19/1906 0:00,292.53702,33.31474,1906.166667
4/18/1906 0:00,292.5912,33.3528,1906.25
5/19/1906 0:00,294.21127,33.42109,1906.333333
6/18/1906 0:00,296.64566,33.48886,1906.416667
7/19/1906 0:00,298.43994,33.590633,1906.5
8/19/1906 0:00,299.38193,33.63855,1906.583333
9/18/1906 0:00,299.70535,33.7198,1906.666667
10/19/1906 0:00,298.41006,33.741158,1906.75
11/18/1906 0:00,296.69067,33.65177,1906.833333
12/19/1906 0:00,294.79993,33.458675,1906.916667
1/19/1907 0:00,293.32806,33.326237,1907
2/16/1907 0:00,292.85526,33.25071,1907.083333
3/19/1907 0:00,292.65216,33.27505,1907.166667
4/18/1907 0:00,293.0598,33.3135,1907.25
5/19/1907 0:00,294.45016,33.369488,1907.333333
6/18/1907 0:00,296.6166,33.48517,1907.416667
7/19/1907 0:00,298.27856,33.59615,1907.5
8/19/1907 0:00,299.4918,33.66074,1907.583333
9/18/1907 0:00,299.55106,33.737404,1907.666667
10/19/1907 0:00,297.73053,33.725792,1907.75
11/18/1907 0:00,295.61334,33.697178,1907.833333
12/19/1907 0:00,293.54388,33.52792,1907.916667
1/19/1908 0:00,293.05728,33.243538,1908
2/16/1908 0:00,292.68527,33.120827,1908.083333
3/18/1908 0:00,292.34515,33.155663,1908.166667
4/17/1908 0:00,292.2781,33.200226,1908.25
5/18/1908 0:00,293.1811,33.257095,1908.333333
6/17/1908 0:00,295.12738,33.367134,1908.416667
7/18/1908 0:00,297.80325,33.545193,1908.5
8/18/1908 0:00,299.295,33.66065,1908.583333
9/17/1908 0:00,299.13824,33.752243,1908.666667
10/18/1908 0:00,297.79843,33.738995,1908.75
11/17/1908 0:00,296.14447,33.53825,1908.833333
12/18/1908 0:00,294.5965,32.787457,1908.916667
1/18/1909 0:00,293.44644,32.55143,1909
2/15/1909 0:00,292.89255,32.700638,1909.083333
3/18/1909 0:00,292.64185,32.880596,1909.166667
4/17/1909 0:00,293.15714,33.121323,1909.25
5/18/1909 0:00,294.09244,33.247204,1909.333333
6/17/1909 0:00,296.5135,33.36093,1909.416667
7/18/1909 0:00,298.26498,33.550186,1909.5
8/18/1909 0:00,299.77505,33.64465,1909.583333
9/17/1909 0:00,299.8932,33.701782,1909.666667
10/18/1909 0:00,298.66434,33.686707,1909.75
11/17/1909 0:00,296.18796,33.556545,1909.833333
12/18/1909 0:00,294.49185,33.20331,1909.916667
1/18/1910 0:00,293.52936,32.899864,1910
2/15/1910 0:00,293.16104,32.93578,1910.083333
3/18/1910 0:00,292.55313,33.11187,1910.166667
4/17/1910 0:00,293.22397,33.21993,1910.25
5/18/1910 0:00,294.3646,33.270306,1910.333333
6/17/1910 0:00,296.48187,33.31658,1910.416667
7/18/1910 0:00,298.4964,33.45621,1910.5
8/18/1910 0:00,299.82596,33.594387,1910.583333
9/17/1910 0:00,300.0182,33.684654,1910.666667
10/18/1910 0:00,298.34204,33.73765,1910.75
11/17/1910 0:00,296.75058,33.679035,1910.833333
12/18/1910 0:00,295.34085,33.31851,1910.916667
1/18/1911 0:00,294.23727,32.561745,1911
2/15/1911 0:00,293.8572,32.54343,1911.083333
3/18/1911 0:00,293.53476,32.76907,1911.166667
4/17/1911 0:00,293.7087,32.936184,1911.25
5/18/1911 0:00,295.14655,33.10789,1911.333333
6/17/1911 0:00,297.3007,33.266453,1911.416667
7/18/1911 0:00,299.06274,33.474968,1911.5
8/18/1911 0:00,299.50125,33.609787,1911.583333
9/17/1911 0:00,299.63937,33.661114,1911.666667
10/18/1911 0:00,298.18314,33.6916,1911.75
11/17/1911 0:00,296.13004,33.5677,1911.833333
12/18/1911 0:00,294.1922,33.178425,1911.916667
1/18/1912 0:00,293.00778,33.04329,1912
2/15/1912 0:00,292.2484,33.107418,1912.083333
3/17/1912 0:00,291.93,33.122204,1912.166667
4/16/1912 0:00,292.64767,33.15036,1912.25
5/17/1912 0:00,294.0609,33.197033,1912.333333
6/16/1912 0:00,296.7376,33.313316,1912.416667
7/17/1912 0:00,298.50436,33.494087,1912.5
8/17/1912 0:00,299.9542,33.63343,1912.583333
9/16/1912 0:00,299.69263,33.716774,1912.666667
10/17/1912 0:00,297.97693,33.69392,1912.75
11/16/1912 0:00,295.56915,33.588455,1912.833333
12/17/1912 0:00,293.93542,33.49123,1912.916667
1/17/1913 0:00,292.67792,33.342083,1913
2/14/1913 0:00,292.05304,33.237724,1913.083333
3/17/1913 0:00,292.0739,33.33977,1913.166667
4/16/1913 0:00,293.10565,33.365467,1913.25
5/17/1913 0:00,294.21616,33.384495,1913.333333
6/16/1913 0:00,296.50323,33.4498,1913.416667
7/17/1913 0:00,298.22324,33.567635,1913.5
8/17/1913 0:00,299.8268,33.702564,1913.583333
9/16/1913 0:00,299.78165,33.73031,1913.666667
10/17/1913 0:00,299.19693,33.768692,1913.75
11/16/1913 0:00,296.78986,33.741814,1913.833333
12/17/1913 0:00,294.5589,33.649593,1913.916667
1/17/1914 0:00,293.5135,33.5593,1914
2/14/1914 0:00,292.97403,33.480854,1914.083333
3/17/1914 0:00,292.8833,33.43741,1914.166667
4/16/1914 0:00,293.1099,33.466354,1914.25
5/17/1914 0:00,294.3841,33.492996,1914.333333
6/16/1914 0:00,296.49582,33.610218,1914.416667
7/17/1914 0:00,298.43042,33.722324,1914.5
8/17/1914 0:00,299.76187,33.774487,1914.583333
9/16/1914 0:00,299.69263,33.791363,1914.666667
10/17/1914 0:00,298.5903,33.79203,1914.75
11/16/1914 0:00,296.63406,33.70477,1914.833333
12/17/1914 0:00,294.82733,33.544395,1914.916667
1/17/1915 0:00,293.9538,33.331066,1915
2/14/1915 0:00,293.3288,33.275494,1915.083333
3/17/1915 0:00,292.91473,33.19471,1915.166667
4/16/1915 0:00,293.16003,33.23662,1915.25
5/17/1915 0:00,294.35547,33.381527,1915.333333
6/16/1915 0:00,296.46765,33.58493,1915.416667
7/17/1915 0:00,298.3166,33.716373,1915.5
8/17/1915 0:00,299.33295,33.772102,1915.583333
9/16/1915 0:00,299.91916,33.770535,1915.666667
10/17/1915 0:00,298.39905,33.756245,1915.75
11/16/1915 0:00,296.39676,33.6099,1915.833333
12/17/1915 0:00,294.60382,33.256508,1915.916667
1/17/1916 0:00,293.06268,32.969063,1916
2/14/1916 0:00,292.84836,33.01426,1916.083333
3/16/1916 0:00,292.6482,33.0967,1916.166667
4/15/1916 0:00,292.6905,33.179615,1916.25
5/16/1916 0:00,293.83365,33.275623,1916.333333
6/15/1916 0:00,296.30112,33.506767,1916.416667
7/16/1916 0:00,298.68323,33.64117,1916.5
8/16/1916 0:00,299.80173,33.705208,1916.583333
9/15/1916 0:00,299.94278,33.71596,1916.666667
10/16/1916 0:00,298.68875,33.72524,1916.75
11/15/1916 0:00,296.32785,33.588448,1916.833333
12/16/1916 0:00,294.22543,33.285763,1916.916667
1/16/1917 0:00,293.10217,33.221348,1917
2/13/1917 0:00,292.4365,33.160294,1917.083333
3/16/1917 0:00,292.62396,33.198586,1917.166667
4/15/1917 0:00,293.2492,33.310795,1917.25
5/16/1917 0:00,294.49118,33.44195,1917.333333
6/15/1917 0:00,296.01855,33.50559,1917.416667
7/16/1917 0:00,298.47812,33.562756,1917.5
8/16/1917 0:00,299.72845,33.6414,1917.583333
9/15/1917 0:00,299.76266,33.71132,1917.666667
10/16/1917 0:00,298.7938,33.7332,1917.75
11/15/1917 0:00,296.76694,33.722942,1917.833333
12/16/1917 0:00,294.77856,33.61136,1917.916667
1/16/1918 0:00,293.87878,33.518753,1918
2/13/1918 0:00,292.84097,33.43283,1918.083333
3/16/1918 0:00,292.60886,33.424572,1918.166667
4/15/1918 0:00,293.1856,33.48595,1918.25
5/16/1918 0:00,294.89508,33.523663,1918.333333
6/15/1918 0:00,297.15387,33.570885,1918.416667
7/16/1918 0:00,298.84308,33.67207,1918.5
8/16/1918 0:00,299.93317,33.739594,1918.583333
9/15/1918 0:00,299.8073,33.748997,1918.666667
10/16/1918 0:00,298.08563,33.76058,1918.75
11/15/1918 0:00,296.18213,33.73191,1918.833333
12/16/1918 0:00,294.35638,33.64593,1918.916667
1/16/1919 0:00,293.50403,33.500996,1919
2/13/1919 0:00,293.0381,33.409447,1919.083333
3/16/1919 0:00,293.0632,33.360317,1919.166667
4/15/1919 0:00,293.19208,33.35632,1919.25
5/16/1919 0:00,294.5563,33.41516,1919.333333
6/15/1919 0:00,296.4762,33.503548,1919.416667
7/16/1919 0:00,298.29886,33.67559,1919.5
8/16/1919 0:00,299.74435,33.75923,1919.583333
9/15/1919 0:00,299.6022,33.74691,1919.666667
10/16/1919 0:00,298.29565,33.7332,1919.75
11/15/1919 0:00,296.8605,33.641685,1919.833333
12/16/1919 0:00,295.0203,33.282097,1919.916667
1/16/1920 0:00,293.81384,32.693672,1920
2/13/1920 0:00,293.18237,32.533833,1920.083333
3/15/1920 0:00,292.92654,32.69135,1920.166667
4/14/1920 0:00,293.05508,33.00198,1920.25
5/15/1920 0:00,294.72162,33.212486,1920.333333
6/14/1920 0:00,296.873,33.508698,1920.416667
7/15/1920 0:00,298.85718,33.653267,1920.5
8/15/1920 0:00,299.93112,33.72241,1920.583333
9/14/1920 0:00,299.69467,33.747025,1920.666667
10/15/1920 0:00,298.21417,33.73062,1920.75
11/14/1920 0:00,296.08658,33.586887,1920.833333
12/15/1920 0:00,294.26373,33.326756,1920.916667
1/15/1921 0:00,293.3436,33.032806,1921
2/12/1921 0:00,292.84644,32.919067,1921.083333
3/15/1921 0:00,292.75037,33.004395,1921.166667
4/14/1921 0:00,292.98883,33.180954,1921.25
5/15/1921 0:00,294.40955,33.346275,1921.333333
6/14/1921 0:00,296.50598,33.565376,1921.416667
7/15/1921 0:00,298.28473,33.66812,1921.5
8/15/1921 0:00,299.74652,33.732147,1921.583333
9/14/1921 0:00,299.9298,33.734367,1921.666667
10/15/1921 0:00,298.07507,33.741188,1921.75
11/14/1921 0:00,296.0042,33.712875,1921.833333
12/15/1921 0:00,294.2103,33.67128,1921.916667
1/15/1922 0:00,293.32535,33.553482,1922
2/12/1922 0:00,292.97885,33.439175,1922.083333
3/15/1922 0:00,293.07117,33.393948,1922.166667
4/14/1922 0:00,292.9503,33.43564,1922.25
5/15/1922 0:00,294.4857,33.510223,1922.333333
6/14/1922 0:00,296.7064,33.580166,1922.416667
7/15/1922 0:00,298.8959,33.680504,1922.5
8/15/1922 0:00,300.11874,33.782013,1922.583333
9/14/1922 0:00,299.78152,33.818035,1922.666667
10/15/1922 0:00,298.4033,33.81795,1922.75
11/14/1922 0:00,296.6774,33.689896,1922.833333
12/15/1922 0:00,294.85876,33.25979,1922.916667
1/15/1923 0:00,293.4165,32.466366,1923
2/12/1923 0:00,292.7077,32.232986,1923.083333
3/15/1923 0:00,292.2331,32.575047,1923.166667
4/14/1923 0:00,292.37503,32.8687,1923.25
5/15/1923 0:00,294.21115,33.1294,1923.333333
6/14/1923 0:00,296.58322,33.401955,1923.416667
7/15/1923 0:00,298.5824,33.559895,1923.5
8/15/1923 0:00,299.96387,33.628624,1923.583333
9/14/1923 0:00,299.60886,33.67485,1923.666667
10/15/1923 0:00,297.33917,33.686855,1923.75
11/14/1923 0:00,295.99567,33.63224,1923.833333
12/15/1923 0:00,294.10364,33.197166,1923.916667
1/15/1924 0:00,292.51505,32.397633,1924
2/12/1924 0:00,291.8146,32.396736,1924.083333
3/14/1924 0:00,291.87936,32.650425,1924.166667
4/13/1924 0:00,292.6962,32.940994,1924.25
5/14/1924 0:00,294.02377,33.10392,1924.333333
6/13/1924 0:00,295.87256,33.30768,1924.416667
7/14/1924 0:00,297.95758,33.530464,1924.5
8/14/1924 0:00,299.4551,33.59931,1924.583333
9/13/1924 0:00,299.62985,33.63313,1924.666667
10/14/1924 0:00,298.1934,33.637577,1924.75
11/13/1924 0:00,296.39923,33.630165,1924.833333
12/14/1924 0:00,294.0214,33.565025,1924.916667
1/14/1925 0:00,292.3699,33.39848,1925
2/11/1925 0:00,291.86234,33.259525,1925.083333
3/14/1925 0:00,291.93658,33.25569,1925.166667
4/13/1925 0:00,292.57867,33.22352,1925.25
5/14/1925 0:00,294.1063,33.297703,1925.333333
6/13/1925 0:00,296.15207,33.387863,1925.416667
7/14/1925 0:00,298.42908,33.489964,1925.5
8/14/1925 0:00,299.89972,33.56867,1925.583333
9/13/1925 0:00,299.88095,33.640057,1925.666667
10/14/1925 0:00,298.2773,33.67824,1925.75
11/13/1925 0:00,296.32367,33.67356,1925.833333
12/14/1925 0:00,294.3367,33.602997,1925.916667
1/14/1926 0:00,292.65607,33.447918,1926
2/11/1926 0:00,292.02902,33.34008,1926.083333
3/14/1926 0:00,292.11197,33.354664,1926.166667
4/13/1926 0:00,292.12772,33.37395,1926.25
5/14/1926 0:00,293.85623,33.434868,1926.333333
6/13/1926 0:00,295.8384,33.49999,1926.416667
7/14/1926 0:00,298.17142,33.619194,1926.5
8/14/1926 0:00,299.3903,33.63363,1926.583333
9/13/1926 0:00,299.32852,33.654274,1926.666667
10/14/1926 0:00,297.93622,33.66704,1926.75
11/13/1926 0:00,295.84348,33.57584,1926.833333
12/14/1926 0:00,294.05066,33.383415,1926.916667
1/14/1927 0:00,292.68298,33.17215,1927
2/11/1927 0:00,292.12384,33.014694,1927.083333
3/14/1927 0:00,291.9689,32.96344,1927.166667
4/13/1927 0:00,292.53815,33.115845,1927.25
5/14/1927 0:00,293.79202,33.21683,1927.333333
6/13/1927 0:00,296.21118,33.344276,1927.416667
7/14/1927 0:00,298.2621,33.506626,1927.5
8/14/1927 0:00,299.64752,33.596996,1927.583333
9/13/1927 0:00,299.92856,33.646782,1927.666667
10/14/1927 0:00,298.2697,33.66604,1927.75
11/13/1927 0:00,296.1425,33.63537,1927.833333
12/14/1927 0:00,294.09155,33.545227,1927.916667
1/14/1928 0:00,292.98535,33.297203,1928
2/11/1928 0:00,292.40768,33.09623,1928.083333
3/13/1928 0:00,292.24283,33.079216,1928.166667
4/12/1928 0:00,292.05597,33.08574,1928.25
5/13/1928 0:00,293.26193,33.166443,1928.333333
6/12/1928 0:00,295.9054,33.345726,1928.416667
7/13/1928 0:00,298.16193,33.51136,1928.5
8/13/1928 0:00,299.71432,33.60597,1928.583333
9/12/1928 0:00,299.69513,33.650723,1928.666667
10/13/1928 0:00,298.45612,33.66604,1928.75
11/12/1928 0:00,296.9818,33.57599,1928.833333
12/13/1928 0:00,294.9091,33.355637,1928.916667
1/13/1929 0:00,293.272,32.96968,1929
2/10/1929 0:00,292.9631,32.75709,1929.083333
3/13/1929 0:00,292.8145,32.936924,1929.166667
4/12/1929 0:00,292.6977,33.036884,1929.25
5/13/1929 0:00,293.85538,33.176926,1929.333333
6/12/1929 0:00,296.2585,33.37395,1929.416667
7/13/1929 0:00,298.30453,33.552216,1929.5
8/13/1929 0:00,299.41028,33.670406,1929.583333
9/12/1929 0:00,299.68292,33.713764,1929.666667
10/13/1929 0:00,298.17627,33.736904,1929.75
11/12/1929 0:00,295.97546,33.746227,1929.833333
12/13/1929 0:00,294.0648,33.697903,1929.916667
1/13/1930 0:00,293.2102,33.570637,1930
2/10/1930 0:00,292.99252,33.505043,1930.083333
3/13/1930 0:00,292.9192,33.508804,1930.166667
4/12/1930 0:00,293.4517,33.54471,1930.25
5/13/1930 0:00,294.2931,33.545013,1930.333333
6/12/1930 0:00,296.67065,33.613407,1930.416667
7/13/1930 0:00,298.44968,33.725933,1930.5
8/13/1930 0:00,300.03793,33.789185,1930.583333
9/12/1930 0:00,300.0273,33.769974,1930.666667
10/13/1930 0:00,298.68674,33.716946,1930.75
11/12/1930 0:00,296.16803,33.5662,1930.833333
12/13/1930 0:00,294.72717,33.15136,1930.916667
1/13/1931 0:00,293.62778,33.004913,1931
2/10/1931 0:00,293.0142,33.053333,1931.083333
3/13/1931 0:00,292.73087,33.183308,1931.166667
4/12/1931 0:00,293.21204,33.25542,1931.25
5/13/1931 0:00,294.21326,33.32019,1931.333333
6/12/1931 0:00,296.57028,33.42197,1931.416667
7/13/1931 0:00,298.62622,33.56417,1931.5
8/13/1931 0:00,299.9462,33.643993,1931.583333
9/12/1931 0:00,299.80823,33.68327,1931.666667
10/13/1931 0:00,298.31274,33.655754,1931.75
11/12/1931 0:00,296.55023,33.611553,1931.833333
12/13/1931 0:00,294.8697,33.566715,1931.916667
1/13/1932 0:00,293.6906,33.3784,1932
2/10/1932 0:00,293.06387,33.26983,1932.083333
3/12/1932 0:00,292.71625,33.27129,1932.166667
4/11/1932 0:00,293.01004,33.285442,1932.25
5/12/1932 0:00,293.74655,33.349464,1932.333333
6/11/1932 0:00,296.2826,33.494118,1932.416667
7/12/1932 0:00,298.524,33.569088,1932.5
8/12/1932 0:00,299.74857,33.627583,1932.583333
9/11/1932 0:00,299.784,33.67357,1932.666667
10/12/1932 0:00,298.13367,33.686157,1932.75
11/11/1932 0:00,296.0494,33.628475,1932.833333
12/12/1932 0:00,294.32614,33.4657,1932.916667
1/12/1933 0:00,293.5301,33.306366,1933
2/9/1933 0:00,292.92862,33.2837,1933.083333
3/12/1933 0:00,292.8351,33.281677,1933.166667
4/11/1933 0:00,293.46936,33.290813,1933.25
5/12/1933 0:00,294.6462,33.369236,1933.333333
6/11/1933 0:00,296.71814,33.504173,1933.416667
7/12/1933 0:00,298.49255,33.641754,1933.5
8/12/1933 0:00,299.72128,33.70721,1933.583333
9/11/1933 0:00,300.0438,33.731342,1933.666667
10/12/1933 0:00,298.47644,33.72455,1933.75
11/11/1933 0:00,296.4973,33.658886,1933.833333
12/12/1933 0:00,294.8932,33.43793,1933.916667
1/12/1934 0:00,293.38635,33.246128,1934
2/9/1934 0:00,291.88687,33.206387,1934.083333
3/12/1934 0:00,291.80954,33.19445,1934.166667
4/11/1934 0:00,292.13513,33.276093,1934.25
5/12/1934 0:00,293.9188,33.40634,1934.333333
6/11/1934 0:00,296.1007,33.544174,1934.416667
7/12/1934 0:00,298.22446,33.723347,1934.5
8/12/1934 0:00,299.66922,33.756298,1934.583333
9/11/1934 0:00,299.97043,33.771404,1934.666667
10/12/1934 0:00,298.03427,33.746338,1934.75
11/11/1934 0:00,295.67615,33.616547,1934.833333
12/12/1934 0:00,293.59906,33.188725,1934.916667
1/12/1935 0:00,292.39166,33.097702,1935
2/9/1935 0:00,292.27213,33.042866,1935.083333
3/12/1935 0:00,292.5066,33.049904,1935.166667
4/11/1935 0:00,292.97418,33.12455,1935.25
5/12/1935 0:00,294.8492,33.2275,1935.333333
6/11/1935 0:00,296.4671,33.383965,1935.416667
7/12/1935 0:00,298.4931,33.52883,1935.5
8/12/1935 0:00,299.57596,33.63656,1935.583333
9/11/1935 0:00,299.3933,33.704147,1935.666667
10/12/1935 0:00,298.17722,33.65859,1935.75
11/11/1935 0:00,296.2811,33.590603,1935.833333
12/12/1935 0:00,294.73325,33.311707,1935.916667
1/12/1936 0:00,293.6496,32.923664,1936
2/9/1936 0:00,292.59998,32.891407,1936.083333
3/11/1936 0:00,292.54443,32.93174,1936.166667
4/10/1936 0:00,292.74643,33.10682,1936.25
5/11/1936 0:00,294.23022,33.240715,1936.333333
6/10/1936 0:00,296.1204,33.36533,1936.416667
7/11/1936 0:00,298.36206,33.53197,1936.5
8/11/1936 0:00,299.71262,33.642323,1936.583333
9/10/1936 0:00,300.09305,33.65513,1936.666667
10/11/1936 0:00,298.4888,33.64762,1936.75
11/10/1936 0:00,296.63037,33.454742,1936.833333
12/11/1936 0:00,295.0866,32.888977,1936.916667
1/11/1937 0:00,293.90927,32.695553,1937
2/8/1937 0:00,293.43735,32.87757,1937.083333
3/11/1937 0:00,293.11633,33.12911,1937.166667
4/10/1937 0:00,293.63303,33.281437,1937.25
5/11/1937 0:00,294.55182,33.367092,1937.333333
6/10/1937 0:00,296.85934,33.451527,1937.416667
7/11/1937 0:00,298.99652,33.62518,1937.5
8/11/1937 0:00,300.2035,33.692432,1937.583333
9/10/1937 0:00,300.0149,33.746902,1937.666667
10/11/1937 0:00,298.0284,33.75197,1937.75
11/10/1937 0:00,296.4476,33.6948,1937.833333
12/11/1937 0:00,294.81125,33.424248,1937.916667
1/11/1938 0:00,293.76263,33.358955,1938
2/8/1938 0:00,293.12106,33.291534,1938.083333
3/11/1938 0:00,293.25235,33.28463,1938.166667
4/10/1938 0:00,293.12442,33.30961,1938.25
5/11/1938 0:00,294.09824,33.352436,1938.333333
6/10/1938 0:00,296.89777,33.40463,1938.416667
7/11/1938 0:00,298.32693,33.556797,1938.5
8/11/1938 0:00,299.42325,33.666676,1938.583333
9/10/1938 0:00,299.62643,33.706917,1938.666667
10/11/1938 0:00,299.1224,33.731277,1938.75
11/10/1938 0:00,297.19055,33.66831,1938.833333
12/11/1938 0:00,295.36694,33.354496,1938.916667
1/11/1939 0:00,294.48148,33.12575,1939
2/8/1939 0:00,293.7268,33.162594,1939.083333
3/11/1939 0:00,293.29147,33.201164,1939.166667
4/10/1939 0:00,293.3101,33.32523,1939.25
5/11/1939 0:00,294.09134,33.472042,1939.333333
6/10/1939 0:00,296.50003,33.56896,1939.416667
7/11/1939 0:00,298.46036,33.69794,1939.5
8/11/1939 0:00,299.487,33.753296,1939.583333
9/10/1939 0:00,299.2707,33.789703,1939.666667
10/11/1939 0:00,297.82364,33.76209,1939.75
11/10/1939 0:00,296.51807,33.577423,1939.833333
12/11/1939 0:00,294.80902,33.19265,1939.916667
1/11/1940 0:00,293.40656,32.75576,1940
2/8/1940 0:00,292.9105,32.816162,1940.083333
3/10/1940 0:00,293.00424,33.022594,1940.166667
4/9/1940 0:00,293.3736,33.111717,1940.25
5/10/1940 0:00,294.64526,33.244057,1940.333333
6/9/1940 0:00,296.59125,33.380474,1940.416667
7/10/1940 0:00,298.50833,33.534973,1940.5
8/10/1940 0:00,299.96097,33.64296,1940.583333
9/9/1940 0:00,299.96405,33.68976,1940.666667
10/10/1940 0:00,298.54944,33.664154,1940.75
11/9/1940 0:00,297.16962,33.550186,1940.833333
12/10/1940 0:00,295.31503,33.35859,1940.916667
1/10/1941 0:00,293.54993,33.263115,1941
2/7/1941 0:00,292.82108,33.25137,1941.083333
3/10/1941 0:00,292.5639,33.287674,1941.166667
4/9/1941 0:00,292.9798,33.377987,1941.25
5/10/1941 0:00,294.33386,33.414745,1941.333333
6/9/1941 0:00,296.64697,33.5024,1941.416667
7/10/1941 0:00,298.52625,33.631226,1941.5
8/10/1941 0:00,299.8082,33.680695,1941.583333
9/9/1941 0:00,299.80283,33.685722,1941.666667
10/10/1941 0:00,298.4006,33.703915,1941.75
11/9/1941 0:00,296.10126,33.613846,1941.833333
12/10/1941 0:00,294.17252,33.408077,1941.916667
1/10/1942 0:00,292.55798,33.267864,1942
2/7/1942 0:00,292.249,32.99323,1942.083333
3/10/1942 0:00,292.0897,33.030293,1942.166667
4/9/1942 0:00,292.18985,33.110443,1942.25
5/10/1942 0:00,294.49268,33.229862,1942.333333
6/9/1942 0:00,296.73837,33.271202,1942.416667
7/10/1942 0:00,298.50934,33.38815,1942.5
8/10/1942 0:00,299.55362,33.488056,1942.583333
9/9/1942 0:00,299.76062,33.536285,1942.666667
10/10/1942 0:00,298.4311,33.44019,1942.75
11/9/1942 0:00,296.7637,33.477806,1942.833333
12/10/1942 0:00,294.92633,33.323,1942.916667
1/10/1943 0:00,293.61282,33.19257,1943
2/7/1943 0:00,293.10788,33.14824,1943.083333
3/10/1943 0:00,292.62827,33.165363,1943.166667
4/9/1943 0:00,292.72922,33.25751,1943.25
5/10/1943 0:00,294.59048,33.319744,1943.333333
6/9/1943 0:00,296.87915,33.372654,1943.416667
7/10/1943 0:00,298.75916,33.467613,1943.5
8/10/1943 0:00,299.74194,33.596035,1943.583333
9/9/1943 0:00,299.75812,33.636757,1943.666667
10/10/1943 0:00,298.54132,33.656963,1943.75
11/9/1943 0:00,296.6374,33.626637,1943.833333
12/10/1943 0:00,294.5095,33.51288,1943.916667
1/10/1944 0:00,293.47565,33.35189,1944
2/7/1944 0:00,293.09183,33.252167,1944.083333
3/9/1944 0:00,293.16037,33.270145,1944.166667
4/8/1944 0:00,293.35403,33.32565,1944.25
5/9/1944 0:00,294.2623,33.411392,1944.333333
6/8/1944 0:00,296.7124,33.517918,1944.416667
7/9/1944 0:00,298.6257,33.597008,1944.5
8/9/1944 0:00,299.99136,33.689365,1944.583333
9/8/1944 0:00,299.85638,33.750034,1944.666667
10/9/1944 0:00,298.429,33.770374,1944.75
11/8/1944 0:00,296.76865,33.62536,1944.833333
12/9/1944 0:00,295.0347,33.149128,1944.916667
1/9/1945 0:00,293.7648,33.086723,1945
2/6/1945 0:00,293.12097,33.07539,1945.083333
3/9/1945 0:00,292.9492,33.080563,1945.166667
4/8/1945 0:00,293.16855,33.184944,1945.25
5/9/1945 0:00,294.2537,33.253525,1945.333333
6/8/1945 0:00,296.70142,33.502583,1945.416667
7/9/1945 0:00,298.7192,33.636124,1945.5
8/9/1945 0:00,300.24243,33.71155,1945.583333
9/8/1945 0:00,300.20377,33.75161,1945.666667
10/9/1945 0:00,298.79932,33.78313,1945.75
11/8/1945 0:00,296.35577,33.666763,1945.833333
12/9/1945 0:00,294.90057,33.22871,1945.916667
1/9/1946 0:00,293.76138,32.907448,1946
2/6/1946 0:00,293.11005,32.908432,1946.083333
3/9/1946 0:00,292.7632,32.943386,1946.166667
4/8/1946 0:00,292.87198,33.073334,1946.25
5/9/1946 0:00,294.12695,33.180603,1946.333333
6/8/1946 0:00,296.44983,33.337864,1946.416667
7/9/1946 0:00,298.3824,33.547916,1946.5
8/9/1946 0:00,299.42566,33.671776,1946.583333
9/8/1946 0:00,299.74753,33.729874,1946.666667
10/9/1946 0:00,297.89813,33.709038,1946.75
11/8/1946 0:00,296.49057,33.627174,1946.833333
12/9/1946 0:00,295.09314,33.379326,1946.916667
1/9/1947 0:00,293.5484,33.160378,1947
2/6/1947 0:00,292.61777,32.988476,1947.083333
3/9/1947 0:00,292.5979,33.02404,1947.166667
4/8/1947 0:00,292.83878,33.16199,1947.25
5/9/1947 0:00,293.97818,33.248516,1947.333333
6/8/1947 0:00,296.26523,33.463276,1947.416667
7/9/1947 0:00,298.4757,33.57489,1947.5
8/9/1947 0:00,299.62787,33.662735,1947.583333
9/8/1947 0:00,299.35712,33.73456,1947.666667
10/9/1947 0:00,297.837,33.70001,1947.75
11/8/1947 0:00,296.91574,33.55144,1947.833333
12/9/1947 0:00,295.3549,32.98683,1947.916667
1/9/1948 0:00,293.96005,32.737045,1948
2/6/1948 0:00,293.01562,32.787792,1948.083333
3/8/1948 0:00,292.99777,32.963978,1948.166667
4/7/1948 0:00,293.33636,33.160168,1948.25
5/8/1948 0:00,294.70654,33.297813,1948.333333
6/7/1948 0:00,297.16312,33.403812,1948.416667
7/8/1948 0:00,299.0435,33.535496,1948.5
8/8/1948 0:00,299.89706,33.61294,1948.583333
9/7/1948 0:00,299.51172,33.66657,1948.666667
10/8/1948 0:00,298.2913,33.66161,1948.75
11/7/1948 0:00,296.7781,33.469784,1948.833333
12/8/1948 0:00,294.95953,33.00171,1948.916667
1/8/1949 0:00,293.38727,32.762924,1949
2/5/1949 0:00,292.35925,32.907204,1949.083333
3/8/1949 0:00,292.43423,33.089256,1949.166667
4/7/1949 0:00,292.59106,33.228954,1949.25
5/8/1949 0:00,293.68335,33.332577,1949.333333
6/7/1949 0:00,296.2084,33.489815,1949.416667
7/8/1949 0:00,298.6177,33.611374,1949.5
8/8/1949 0:00,299.6206,33.719265,1949.583333
9/7/1949 0:00,299.61115,33.73499,1949.666667
10/8/1949 0:00,297.76343,33.711697,1949.75
11/7/1949 0:00,296.0461,33.63923,1949.833333
12/8/1949 0:00,294.02844,33.427006,1949.916667
1/8/1950 0:00,292.96054,33.292774,1950
2/5/1950 0:00,292.61456,33.249195,1950.083333
3/8/1950 0:00,292.4205,33.26906,1950.166667
4/7/1950 0:00,292.88568,33.371204,1950.25
5/8/1950 0:00,294.53613,33.433,1950.333333
6/7/1950 0:00,296.82315,33.503983,1950.416667
7/8/1950 0:00,298.41083,33.564823,1950.5
8/8/1950 0:00,299.97372,33.60405,1950.583333
9/7/1950 0:00,299.78058,33.659065,1950.666667
10/8/1950 0:00,297.39548,33.675003,1950.75
11/7/1950 0:00,296.01538,33.67093,1950.833333
12/8/1950 0:00,294.1428,33.599895,1950.916667
1/8/1951 0:00,292.9116,33.458164,1951
2/5/1951 0:00,292.73047,33.39082,1951.083333
3/8/1951 0:00,292.37396,33.396503,1951.166667
4/7/1951 0:00,293.00674,33.40834,1951.25
5/8/1951 0:00,294.31686,33.43302,1951.333333
6/7/1951 0:00,296.39133,33.484646,1951.416667
7/8/1951 0:00,298.44833,33.534492,1951.5
8/8/1951 0:00,299.7175,33.615837,1951.583333
9/7/1951 0:00,299.75128,33.67343,1951.666667
10/8/1951 0:00,298.65973,33.71262,1951.75
11/7/1951 0:00,296.87115,33.71404,1951.833333
12/8/1951 0:00,294.976,33.530094,1951.916667
1/8/1952 0:00,293.7005,33.391315,1952
2/5/1952 0:00,293.12228,33.293713,1952.083333
3/7/1952 0:00,292.77045,33.22598,1952.166667
4/6/1952 0:00,292.7507,33.22587,1952.25
5/7/1952 0:00,294.00595,33.260403,1952.333333
6/6/1952 0:00,296.38367,33.37656,1952.416667
7/7/1952 0:00,298.10132,33.538445,1952.5
8/7/1952 0:00,299.55643,33.654427,1952.583333
9/6/1952 0:00,299.96573,33.67699,1952.666667
10/7/1952 0:00,298.96478,33.672623,1952.75
11/6/1952 0:00,296.80942,33.615475,1952.833333
12/7/1952 0:00,294.83746,33.43164,1952.916667
1/7/1953 0:00,293.53723,33.110806,1953
2/4/1953 0:00,293.48074,32.914555,1953.083333
3/7/1953 0:00,293.0667,32.9512,1953.166667
4/6/1953 0:00,293.0666,33.011745,1953.25
5/7/1953 0:00,294.8321,33.101818,1953.333333
6/6/1953 0:00,296.5095,33.35493,1953.416667
7/7/1953 0:00,298.3208,33.52409,1953.5
8/7/1953 0:00,299.59964,33.623158,1953.583333
9/6/1953 0:00,299.7561,33.70345,1953.666667
10/7/1953 0:00,298.54337,33.702366,1953.75
11/6/1953 0:00,297.09418,33.60375,1953.833333
12/7/1953 0:00,295.3209,33.362675,1953.916667
1/7/1954 0:00,294.018,33.124756,1954
2/4/1954 0:00,293.42554,33.06998,1954.083333
3/7/1954 0:00,293.2918,33.08122,1954.166667
4/6/1954 0:00,293.4395,33.18442,1954.25
5/7/1954 0:00,294.1974,33.27418,1954.333333
6/6/1954 0:00,296.51807,33.35043,1954.416667
7/7/1954 0:00,298.30655,33.543858,1954.5
8/7/1954 0:00,299.7073,33.622124,1954.583333
9/6/1954 0:00,299.5332,33.676758,1954.666667
10/7/1954 0:00,298.76794,33.63323,1954.75
11/6/1954 0:00,296.68396,33.42307,1954.833333
12/7/1954 0:00,294.69385,32.92488,1954.916667
1/7/1955 0:00,293.3055,32.955208,1955
2/4/1955 0:00,292.7829,33.039566,1955.083333
3/7/1955 0:00,292.73804,33.090714,1955.166667
4/6/1955 0:00,293.20453,33.176437,1955.25
5/7/1955 0:00,294.0148,33.329716,1955.333333
6/6/1955 0:00,296.40793,33.451385,1955.416667
7/7/1955 0:00,298.6269,33.580616,1955.5
8/7/1955 0:00,299.81674,33.632477,1955.583333
9/6/1955 0:00,299.51025,33.64407,1955.666667
10/7/1955 0:00,298.09692,33.630917,1955.75
11/6/1955 0:00,296.86234,33.528564,1955.833333
12/7/1955 0:00,294.582,33.37449,1955.916667
1/7/1956 0:00,293.77008,33.051884,1956
2/4/1956 0:00,292.92322,32.91086,1956.083333
3/6/1956 0:00,292.7257,33.02422,1956.166667
4/5/1956 0:00,293.04318,33.113644,1956.25
5/6/1956 0:00,294.50235,33.211052,1956.333333
6/5/1956 0:00,296.6607,33.30712,1956.416667
7/6/1956 0:00,298.7354,33.504074,1956.5
8/6/1956 0:00,300.17545,33.624676,1956.583333
9/5/1956 0:00,300.0523,33.66848,1956.666667
10/6/1956 0:00,298.5664,33.664825,1956.75
11/5/1956 0:00,296.68512,33.605648,1956.833333
12/6/1956 0:00,294.73978,33.48027,1956.916667
1/6/1957 0:00,293.70987,33.338467,1957
2/3/1957 0:00,293.07916,33.295727,1957.083333
3/6/1957 0:00,292.93475,33.38355,1957.166667
4/5/1957 0:00,293.18842,33.403866,1957.25
5/6/1957 0:00,294.31848,33.494896,1957.333333
6/5/1957 0:00,296.11804,33.578556,1957.416667
7/6/1957 0:00,298.32977,33.63726,1957.5
8/6/1957 0:00,299.62967,33.717567,1957.583333
9/5/1957 0:00,299.831,33.749195,1957.666667
10/6/1957 0:00,298.28217,33.766323,1957.75
11/5/1957 0:00,296.22263,33.691147,1957.833333
12/6/1957 0:00,294.64474,33.43121,1957.916667
1/6/1958 0:00,293.58603,33.15123,1958
2/3/1958 0:00,293.15305,33.142036,1958.083333
3/6/1958 0:00,293.00864,33.17679,1958.166667
4/5/1958 0:00,292.79706,33.284016,1958.25
5/6/1958 0:00,294.03888,33.36769,1958.333333
6/5/1958 0:00,296.18237,33.46118,1958.416667
7/6/1958 0:00,298.0385,33.615967,1958.5
8/6/1958 0:00,299.407,33.69136,1958.583333
9/5/1958 0:00,299.2739,33.70009,1958.666667
10/6/1958 0:00,297.88504,33.70184,1958.75
11/5/1958 0:00,295.53958,33.666943,1958.833333
12/6/1958 0:00,294.0142,33.52585,1958.916667
1/6/1959 0:00,293.34082,33.3382,1959
2/3/1959 0:00,293.04102,33.251183,1959.083333
3/6/1959 0:00,292.77167,33.247715,1959.166667
4/5/1959 0:00,293.17657,33.262436,1959.25
5/6/1959 0:00,294.8088,33.254585,1959.333333
6/5/1959 0:00,296.83002,33.319645,1959.416667
7/6/1959 0:00,298.6708,33.551773,1959.5
8/6/1959 0:00,299.9242,33.64534,1959.583333
9/5/1959 0:00,299.48495,33.67648,1959.666667
10/6/1959 0:00,298.0342,33.676975,1959.75
11/5/1959 0:00,296.16028,33.563004,1959.833333
12/6/1959 0:00,294.663,33.228,1959.916667
1/6/1960 0:00,293.62167,32.71074,1960
2/3/1960 0:00,292.83746,32.716446,1960.083333
3/5/1960 0:00,292.6762,32.81321,1960.166667
4/4/1960 0:00,292.7232,33.05187,1960.25
5/5/1960 0:00,294.3161,33.21018,1960.333333
6/4/1960 0:00,296.7025,33.344097,1960.416667
7/5/1960 0:00,298.5233,33.4821,1960.5
8/5/1960 0:00,300.00784,33.58732,1960.583333
9/4/1960 0:00,300.11282,33.677334,1960.666667
10/5/1960 0:00,298.96762,33.681835,1960.75
11/4/1960 0:00,296.935,33.56862,1960.833333
12/5/1960 0:00,295.1941,33.41885,1960.916667
1/5/1961 0:00,293.73285,33.334705,1961
2/2/1961 0:00,293.08047,33.238304,1961.083333
3/5/1961 0:00,292.9397,33.29986,1961.166667
4/4/1961 0:00,293.37808,33.317593,1961.25
5/5/1961 0:00,294.81052,33.42456,1961.333333
6/4/1961 0:00,297.09232,33.49605,1961.416667
7/5/1961 0:00,298.8993,33.600777,1961.5
8/5/1961 0:00,299.8171,33.681698,1961.583333
9/4/1961 0:00,300.19562,33.791283,1961.666667
10/5/1961 0:00,298.4556,33.78109,1961.75
11/4/1961 0:00,295.97327,33.68747,1961.833333
12/5/1961 0:00,293.82004,33.431957,1961.916667
1/5/1962 0:00,293.24484,33.20614,1962
2/2/1962 0:00,292.93185,33.038906,1962.083333
3/5/1962 0:00,293.06332,33.114513,1962.166667
4/4/1962 0:00,293.112,33.248024,1962.25
5/5/1962 0:00,294.39648,33.34331,1962.333333
6/4/1962 0:00,296.51205,33.502502,1962.416667
7/5/1962 0:00,298.41016,33.6532,1962.5
8/5/1962 0:00,299.61502,33.693752,1962.583333
9/4/1962 0:00,299.55316,33.72278,1962.666667
10/5/1962 0:00,298.42468,33.73419,1962.75
11/4/1962 0:00,296.8233,33.612125,1962.833333
12/5/1962 0:00,295.3073,33.458076,1962.916667
1/5/1963 0:00,294.2017,33.287537,1963
2/2/1963 0:00,293.57764,33.18138,1963.083333
3/5/1963 0:00,293.84348,33.23583,1963.166667
4/4/1963 0:00,293.842,33.29695,1963.25
5/5/1963 0:00,295.20285,33.38768,1963.333333
6/4/1963 0:00,296.74075,33.50631,1963.416667
7/5/1963 0:00,298.80322,33.668144,1963.5
8/5/1963 0:00,300.11633,33.751797,1963.583333
9/4/1963 0:00,299.99905,33.774693,1963.666667
10/5/1963 0:00,298.81308,33.74138,1963.75
11/4/1963 0:00,297.42654,33.64623,1963.833333
12/5/1963 0:00,295.9636,33.473347,1963.916667
1/5/1964 0:00,294.70724,33.161476,1964
2/2/1964 0:00,294.22653,33.195667,1964.083333
3/4/1964 0:00,294.0499,33.21287,1964.166667
4/3/1964 0:00,294.4729,33.296673,1964.25
5/4/1964 0:00,295.01526,33.384583,1964.333333
6/3/1964 0:00,296.58365,33.557465,1964.416667
7/4/1964 0:00,298.75977,33.66072,1964.5
8/4/1964 0:00,300.0243,33.701122,1964.583333
9/3/1964 0:00,299.77902,33.724117,1964.666667
10/4/1964 0:00,298.7898,33.72452,1964.75
11/3/1964 0:00,296.8068,33.58721,1964.833333
12/4/1964 0:00,295.3445,32.78606,1964.916667
1/4/1965 0:00,293.51596,32.66173,1965
2/1/1965 0:00,292.67133,32.770344,1965.083333
3/4/1965 0:00,292.65222,32.97295,1965.166667
4/3/1965 0:00,292.8185,33.10484,1965.25
5/4/1965 0:00,294.1132,33.29331,1965.333333
6/3/1965 0:00,296.2848,33.46944,1965.416667
7/4/1965 0:00,298.34207,33.56859,1965.5
8/4/1965 0:00,299.88354,33.62964,1965.583333
9/3/1965 0:00,299.6102,33.646084,1965.666667
10/4/1965 0:00,298.7131,33.61468,1965.75
11/3/1965 0:00,296.01077,33.57623,1965.833333
12/4/1965 0:00,293.20502,33.489162,1965.916667
1/4/1966 0:00,292.35883,33.40391,1966
2/1/1966 0:00,292.36435,33.38693,1966.083333
3/4/1966 0:00,292.12347,33.42694,1966.166667
4/3/1966 0:00,292.5628,33.47881,1966.25
5/4/1966 0:00,293.8869,33.51679,1966.333333
6/3/1966 0:00,296.51263,33.536743,1966.416667
7/4/1966 0:00,298.48657,33.56608,1966.5
8/4/1966 0:00,299.78372,33.63698,1966.583333
9/3/1966 0:00,299.81467,33.67752,1966.666667
10/4/1966 0:00,298.311,33.68878,1966.75
11/3/1966 0:00,296.39453,33.65586,1966.833333
12/4/1966 0:00,294.63892,33.544964,1966.916667
1/4/1967 0:00,293.1766,33.41762,1967
2/1/1967 0:00,293.02243,33.358433,1967.083333
3/4/1967 0:00,293.0718,33.414402,1967.166667
4/3/1967 0:00,292.92645,33.471436,1967.25
5/4/1967 0:00,294.10922,33.526234,1967.333333
6/3/1967 0:00,296.45804,33.53712,1967.416667
7/4/1967 0:00,298.4646,33.578205,1967.5
8/4/1967 0:00,299.52713,33.64895,1967.583333
9/3/1967 0:00,299.17947,33.69554,1967.666667
10/4/1967 0:00,297.98447,33.703537,1967.75
11/3/1967 0:00,296.26596,33.660774,1967.833333
12/4/1967 0:00,294.4429,33.433666,1967.916667
1/4/1968 0:00,293.56204,33.242317,1968
2/1/1968 0:00,293.15314,33.127728,1968.083333
3/3/1968 0:00,293.01578,33.134796,1968.166667
4/2/1968 0:00,293.19714,33.22148,1968.25
5/3/1968 0:00,294.4168,33.269257,1968.333333
6/2/1968 0:00,296.2783,33.33894,1968.416667
7/3/1968 0:00,298.3713,33.479286,1968.5
8/3/1968 0:00,299.29907,33.624916,1968.583333
9/2/1968 0:00,299.23187,33.665737,1968.666667
10/3/1968 0:00,298.30545,33.680706,1968.75
11/2/1968 0:00,295.97864,33.602512,1968.833333
12/3/1968 0:00,293.78348,33.390675,1968.916667
1/3/1969 0:00,292.81128,33.168026,1969
1/31/1969 0:00,291.97906,33.04229,1969.083333
3/3/1969 0:00,292.14508,33.13136,1969.166667
4/2/1969 0:00,292.85226,33.208897,1969.25
5/3/1969 0:00,294.49292,33.32184,1969.333333
6/2/1969 0:00,296.63135,33.428867,1969.416667
7/3/1969 0:00,298.7377,33.583397,1969.5
8/3/1969 0:00,299.78836,33.707226,1969.583333
9/2/1969 0:00,299.68527,33.70594,1969.666667
10/3/1969 0:00,298.27728,33.731186,1969.75
11/2/1969 0:00,296.25238,33.578148,1969.833333
12/3/1969 0:00,294.59033,33.246384,1969.916667
1/3/1970 0:00,293.3631,32.872658,1970
1/31/1970 0:00,292.8188,32.759678,1970.083333
3/3/1970 0:00,292.84473,32.903233,1970.166667
4/2/1970 0:00,293.28345,33.08479,1970.25
5/3/1970 0:00,294.36658,33.223682,1970.333333
6/2/1970 0:00,296.41577,33.37273,1970.416667
7/3/1970 0:00,298.52124,33.515568,1970.5
8/3/1970 0:00,300.12714,33.644917,1970.583333
9/2/1970 0:00,299.53363,33.708084,1970.666667
10/3/1970 0:00,298.25772,33.69803,1970.75
11/2/1970 0:00,296.48206,33.63458,1970.833333
12/3/1970 0:00,294.8471,33.480007,1970.916667
1/3/1971 0:00,293.70798,33.297012,1971
1/31/1971 0:00,292.92365,33.219467,1971.083333
3/3/1971 0:00,292.5942,33.23851,1971.166667
4/2/1971 0:00,292.80093,33.266605,1971.25
5/3/1971 0:00,293.86713,33.339832,1971.333333
6/2/1971 0:00,296.0853,33.43382,1971.416667
7/3/1971 0:00,298.38303,33.566402,1971.5
8/3/1971 0:00,299.594,33.606277,1971.583333
9/2/1971 0:00,299.81335,33.648174,1971.666667
10/3/1971 0:00,298.61038,33.65614,1971.75
11/2/1971 0:00,296.69412,33.614555,1971.833333
12/3/1971 0:00,294.85898,33.511883,1971.916667
1/3/1972 0:00,293.32812,33.345963,1972
1/31/1972 0:00,292.4584,33.262695,1972.083333
3/2/1972 0:00,292.12338,33.157894,1972.166667
4/1/1972 0:00,292.56467,33.215446,1972.25
5/2/1972 0:00,294.0428,33.26266,1972.333333
6/1/1972 0:00,296.52103,33.405113,1972.416667
7/2/1972 0:00,298.25894,33.531666,1972.5
8/2/1972 0:00,299.55484,33.610832,1972.583333
9/1/1972 0:00,299.9949,33.67485,1972.666667
10/2/1972 0:00,298.36258,33.69978,1972.75
11/1/1972 0:00,296.1696,33.695076,1972.833333
12/2/1972 0:00,294.11023,33.59527,1972.916667
1/2/1973 0:00,292.85983,33.409363,1973
1/30/1973 0:00,292.3518,33.27363,1973.083333
3/2/1973 0:00,292.55795,33.214993,1973.166667
4/1/1973 0:00,293.23383,33.247665,1973.25
5/2/1973 0:00,294.46008,33.299206,1973.333333
6/1/1973 0:00,296.0807,33.373302,1973.416667
7/2/1973 0:00,298.26102,33.571518,1973.5
8/2/1973 0:00,299.60547,33.65303,1973.583333
9/1/1973 0:00,299.55185,33.69428,1973.666667
10/2/1973 0:00,298.49313,33.70667,1973.75
11/1/1973 0:00,296.1829,33.53507,1973.833333
12/2/1973 0:00,294.1543,33.24128,1973.916667
1/2/1974 0:00,293.16354,33.013004,1974
1/30/1974 0:00,292.6962,32.978886,1974.083333
3/2/1974 0:00,292.48785,32.967163,1974.166667
4/1/1974 0:00,293.0661,33.05444,1974.25
5/2/1974 0:00,293.99777,33.179153,1974.333333
6/1/1974 0:00,296.41537,33.290756,1974.416667
7/2/1974 0:00,298.45016,33.52708,1974.5
8/2/1974 0:00,299.32684,33.636734,1974.583333
9/1/1974 0:00,299.3831,33.686546,1974.666667
10/2/1974 0:00,297.71085,33.687656,1974.75
11/1/1974 0:00,295.39282,33.49586,1974.833333
12/2/1974 0:00,293.56955,33.343517,1974.916667
1/2/1975 0:00,292.7337,33.216618,1975
1/30/1975 0:00,292.4017,33.07664,1975.083333
3/2/1975 0:00,292.19403,33.12373,1975.166667
4/1/1975 0:00,292.2275,33.254467,1975.25
5/2/1975 0:00,293.58267,33.334457,1975.333333
6/1/1975 0:00,296.18417,33.46499,1975.416667
7/2/1975 0:00,298.57617,33.58943,1975.5
8/2/1975 0:00,299.9016,33.68546,1975.583333
9/1/1975 0:00,299.2108,33.699997,1975.666667
10/2/1975 0:00,297.91177,33.68105,1975.75
11/1/1975 0:00,296.05646,33.621082,1975.833333
12/2/1975 0:00,293.56216,33.38766,1975.916667
1/2/1976 0:00,292.50595,33.182148,1976
1/30/1976 0:00,291.95215,33.12318,1976.083333
3/1/1976 0:00,292.12082,33.142532,1976.166667
3/31/1976 0:00,292.8822,33.26903,1976.25
5/1/1976 0:00,294.31985,33.405514,1976.333333
5/31/1976 0:00,296.00464,33.50453,1976.416667
7/1/1976 0:00,297.98364,33.611763,1976.5
8/1/1976 0:00,299.54065,33.68052,1976.583333
8/31/1976 0:00,299.45795,33.69852,1976.666667
10/1/1976 0:00,298.11615,33.723995,1976.75
10/31/1976 0:00,296.0292,33.424416,1976.833333
12/1/1976 0:00,294.4005,32.713734,1976.916667
1/1/1977 0:00,292.89734,32.633183,1977
1/29/1977 0:00,291.99097,32.90835,1977.083333
3/1/1977 0:00,292.11642,33.101604,1977.166667
3/31/1977 0:00,292.84604,33.24024,1977.25
5/1/1977 0:00,294.13495,33.334755,1977.333333
5/31/1977 0:00,296.41818,33.42995,1977.416667
7/1/1977 0:00,298.59656,33.557655,1977.5
8/1/1977 0:00,299.43024,33.62893,1977.583333
8/31/1977 0:00,299.8588,33.67287,1977.666667
10/1/1977 0:00,298.62695,33.700687,1977.75
10/31/1977 0:00,296.44284,33.67094,1977.833333
12/1/1977 0:00,294.85938,33.461823,1977.916667
1/1/1978 0:00,293.41443,33.274788,1978
1/29/1978 0:00,292.83286,33.08735,1978.083333
3/1/1978 0:00,292.37424,33.12593,1978.166667
3/31/1978 0:00,292.6764,33.215923,1978.25
5/1/1978 0:00,294.43167,33.303074,1978.333333
5/31/1978 0:00,296.77225,33.437374,1978.416667
7/1/1978 0:00,298.90616,33.55997,1978.5
8/1/1978 0:00,299.85895,33.652805,1978.583333
8/31/1978 0:00,299.65573,33.681328,1978.666667
10/1/1978 0:00,298.4172,33.685097,1978.75
10/31/1978 0:00,296.54044,33.574787,1978.833333
12/1/1978 0:00,294.22968,33.262447,1978.916667
1/1/1979 0:00,292.85223,32.98999,1979
1/29/1979 0:00,292.0687,33.073536,1979.083333
3/1/1979 0:00,291.95853,33.07885,1979.166667
3/31/1979 0:00,292.6089,33.218925,1979.25
5/1/1979 0:00,294.10928,33.3223,1979.333333
5/31/1979 0:00,296.83237,33.40804,1979.416667
7/1/1979 0:00,298.6244,33.514057,1979.5
8/1/1979 0:00,299.8526,33.580593,1979.583333
8/31/1979 0:00,299.88208,33.60466,1979.666667
10/1/1979 0:00,298.0869,33.636097,1979.75
10/31/1979 0:00,296.38165,33.611702,1979.833333
12/1/1979 0:00,294.74997,33.45592,1979.916667
1/1/1980 0:00,293.40497,33.242737,1980
2/29/1980 0:00,293.03003,33.17403,1980.083333
3/30/1980 0:00,293.0548,33.216526,1980.166667
4/30/1980 0:00,294.9138,33.28945,1980.25
5/30/1980 0:00,296.94495,33.3492,1980.333333
6/30/1980 0:00,298.79517,33.456257,1980.416667
7/31/1980 0:00,299.74274,33.57433,1980.5
8/30/1980 0:00,300.21548,33.646713,1980.583333
9/30/1980 0:00,298.59412,33.685173,1980.666667
10/30/1980 0:00,297.43335,33.62179,1980.75
11/30/1980 0:00,295.67996,33.29652,1980.833333
12/31/1980 0:00,294.40607,33.123543,1980.916667
1/28/1981 0:00,293.7213,33.112457,1981
