time,SALT_mean,TS
1851-01-01 00:00:00,36.186863,295.18103
1851-02-01 00:00:00,36.257557,293.80347
1851-03-01 00:00:00,36.304497,293.1323
1851-04-01 00:00:00,36.341133,293.24658
1851-05-01 00:00:00,36.36517,293.3074
1851-06-01 00:00:00,36.378326,294.32126
1851-07-01 00:00:00,36.33885,296.18243
1851-08-01 00:00:00,36.312267,298.65723
1851-09-01 00:00:00,36.300076,299.9795
1851-10-01 00:00:00,36.20442,300.11792
1851-11-01 00:00:00,36.205757,298.52658
1851-12-01 00:00:00,36.20386,296.58838
1852-01-01 00:00:00,36.256393,294.76694
1852-02-01 00:00:00,36.304337,293.41495
1852-03-01 00:00:00,36.314228,293.00137
1852-04-01 00:00:00,36.333336,292.89847
1852-05-01 00:00:00,36.352566,293.1727
1852-06-01 00:00:00,36.35327,294.96155
1852-07-01 00:00:00,36.292004,297.24768
1852-08-01 00:00:00,36.19849,298.7953
1852-09-01 00:00:00,36.128117,299.981
1852-10-01 00:00:00,36.096806,299.96893
1852-11-01 00:00:00,36.055763,298.86722
1852-12-01 00:00:00,36.11632,296.62204
1853-01-01 00:00:00,36.19992,294.6934
1853-02-01 00:00:00,36.25169,293.42664
1853-03-01 00:00:00,36.280346,292.58942
1853-04-01 00:00:00,36.306248,292.5082
1853-05-01 00:00:00,36.308365,292.99106
1853-06-01 00:00:00,36.305588,294.3583
1853-07-01 00:00:00,36.301273,296.15475
1853-08-01 00:00:00,36.297287,298.63736
1853-09-01 00:00:00,36.258663,299.95743
1853-10-01 00:00:00,36.196766,300.0611
1853-11-01 00:00:00,36.159073,298.92892
1853-12-01 00:00:00,36.18088,296.71902
1854-01-01 00:00:00,36.222187,294.6215
1854-02-01 00:00:00,36.25305,293.61063
1854-03-01 00:00:00,36.278606,293.15402
1854-04-01 00:00:00,36.30109,293.04306
1854-05-01 00:00:00,36.312634,293.4058
1854-06-01 00:00:00,36.31702,294.71417
1854-07-01 00:00:00,36.243942,296.67993
1854-08-01 00:00:00,36.245045,298.76297
1854-09-01 00:00:00,36.216183,299.973
1854-10-01 00:00:00,36.15503,300.07312
1854-11-01 00:00:00,36.148693,298.69174
1854-12-01 00:00:00,36.202724,296.69388
1855-01-01 00:00:00,36.239826,295.14243
1855-02-01 00:00:00,36.266933,294.09952
1855-03-01 00:00:00,36.291733,293.61026
1855-04-01 00:00:00,36.31569,293.36057
1855-05-01 00:00:00,36.35495,293.63974
1855-06-01 00:00:00,36.369625,294.47025
1855-07-01 00:00:00,36.287113,296.6195
1855-08-01 00:00:00,36.26189,298.66962
1855-09-01 00:00:00,36.229305,299.80725
1855-10-01 00:00:00,36.16155,299.94742
1855-11-01 00:00:00,36.132854,298.64963
1855-12-01 00:00:00,36.16035,296.82397
1856-01-01 00:00:00,36.2418,295.06845
1856-02-01 00:00:00,36.28809,294.0589
1856-03-01 00:00:00,36.318356,293.40677
1856-04-01 00:00:00,36.349537,293.239
1856-05-01 00:00:00,36.362164,293.39108
1856-06-01 00:00:00,36.353302,294.37878
1856-07-01 00:00:00,36.29544,296.76193
1856-08-01 00:00:00,36.240574,298.48654
1856-09-01 00:00:00,36.197987,299.5972
1856-10-01 00:00:00,36.091915,299.82867
1856-11-01 00:00:00,36.072758,298.4056
1856-12-01 00:00:00,36.0727,296.704
1857-01-01 00:00:00,36.14944,294.96365
1857-02-01 00:00:00,36.227795,293.8319
1857-03-01 00:00:00,36.27741,293.34952
1857-04-01 00:00:00,36.29611,293.0489
1857-05-01 00:00:00,36.32461,293.27615
1857-06-01 00:00:00,36.343964,294.41257
1857-07-01 00:00:00,36.307312,297.00198
1857-08-01 00:00:00,36.270737,298.7939
1857-09-01 00:00:00,36.22964,299.87405
1857-10-01 00:00:00,36.142223,299.9992
1857-11-01 00:00:00,36.163208,298.22812
1857-12-01 00:00:00,36.170948,296.6165
1858-01-01 00:00:00,36.238323,294.79636
1858-02-01 00:00:00,36.29758,293.36295
1858-03-01 00:00:00,36.328693,292.60718
1858-04-01 00:00:00,36.337204,292.60034
1858-05-01 00:00:00,36.360336,292.97604
1858-06-01 00:00:00,36.355736,294.50357
1858-07-01 00:00:00,36.303467,296.62912
1858-08-01 00:00:00,36.28888,298.68704
1858-09-01 00:00:00,36.285213,300.0295
1858-10-01 00:00:00,36.22817,300.13025
1858-11-01 00:00:00,36.21394,298.28833
1858-12-01 00:00:00,36.233795,296.37952
1859-01-01 00:00:00,36.266335,294.86935
1859-02-01 00:00:00,36.303837,293.55676
1859-03-01 00:00:00,36.312214,292.83267
1859-04-01 00:00:00,36.322598,292.7493
1859-05-01 00:00:00,36.351013,293.21683
1859-06-01 00:00:00,36.346355,294.20593
1859-07-01 00:00:00,36.298626,296.3339
1859-08-01 00:00:00,36.27603,298.49634
1859-09-01 00:00:00,36.246597,299.68546
1859-10-01 00:00:00,36.157963,299.85342
1859-11-01 00:00:00,36.07712,298.5409
1859-12-01 00:00:00,36.104294,296.5984
1860-01-01 00:00:00,36.173374,294.63333
1860-02-01 00:00:00,36.23537,293.42215
1860-03-01 00:00:00,36.26802,292.947
1860-04-01 00:00:00,36.30197,292.73123
1860-05-01 00:00:00,36.329185,293.1548
1860-06-01 00:00:00,36.347446,294.14246
1860-07-01 00:00:00,36.26804,296.3534
1860-08-01 00:00:00,36.222416,298.55383
1860-09-01 00:00:00,36.158237,299.83374
1860-10-01 00:00:00,36.085148,299.86215
1860-11-01 00:00:00,36.09558,298.53067
1860-12-01 00:00:00,36.1507,296.42554
1861-01-01 00:00:00,36.19218,294.72806
1861-02-01 00:00:00,36.230465,293.6448
1861-03-01 00:00:00,36.268764,293.01083
1861-04-01 00:00:00,36.265553,292.94455
1861-05-01 00:00:00,36.292046,293.05444
1861-06-01 00:00:00,36.2842,294.43863
1861-07-01 00:00:00,36.254955,296.82663
1861-08-01 00:00:00,36.28357,298.83835
1861-09-01 00:00:00,36.293358,300.0466
1861-10-01 00:00:00,36.236145,300.01627
1861-11-01 00:00:00,36.15086,298.6472
1861-12-01 00:00:00,36.173584,296.65598
1862-01-01 00:00:00,36.207977,294.57697
1862-02-01 00:00:00,36.251324,293.70395
1862-03-01 00:00:00,36.29486,293.18887
1862-04-01 00:00:00,36.32738,292.85477
1862-05-01 00:00:00,36.36883,293.25687
1862-06-01 00:00:00,36.394077,294.32706
1862-07-01 00:00:00,36.35861,296.63797
1862-08-01 00:00:00,36.29955,298.56158
1862-09-01 00:00:00,36.21129,299.73267
1862-10-01 00:00:00,36.115482,299.8699
1862-11-01 00:00:00,36.11542,298.30588
1862-12-01 00:00:00,36.17715,296.43356
1863-01-01 00:00:00,36.264614,294.66293
1863-02-01 00:00:00,36.30023,293.58862
1863-03-01 00:00:00,36.333588,293.03284
1863-04-01 00:00:00,36.35787,292.74243
1863-05-01 00:00:00,36.36223,292.8274
1863-06-01 00:00:00,36.37698,293.76028
1863-07-01 00:00:00,36.34598,296.062
1863-08-01 00:00:00,36.333862,298.28317
1863-09-01 00:00:00,36.325832,299.52832
1863-10-01 00:00:00,36.22898,299.65698
1863-11-01 00:00:00,36.212696,298.21802
1863-12-01 00:00:00,36.239674,296.26697
1864-01-01 00:00:00,36.271675,294.70206
1864-02-01 00:00:00,36.311504,293.55453
1864-03-01 00:00:00,36.32808,292.98502
1864-04-01 00:00:00,36.34419,292.7509
1864-05-01 00:00:00,36.35804,292.97928
1864-06-01 00:00:00,36.37073,293.99792
1864-07-01 00:00:00,36.29666,296.34378
1864-08-01 00:00:00,36.25323,298.5657
1864-09-01 00:00:00,36.2288,299.79175
1864-10-01 00:00:00,36.162285,299.87097
1864-11-01 00:00:00,36.146763,298.7919
1864-12-01 00:00:00,36.19417,296.6119
1865-01-01 00:00:00,36.23616,294.83914
1865-02-01 00:00:00,36.297012,293.262
1865-03-01 00:00:00,36.331825,292.6825
1865-04-01 00:00:00,36.353283,292.47498
1865-05-01 00:00:00,36.38312,292.8209
1865-06-01 00:00:00,36.378006,294.26297
1865-07-01 00:00:00,36.342472,296.42172
1865-08-01 00:00:00,36.23879,298.2463
1865-09-01 00:00:00,36.20793,299.88858
1865-10-01 00:00:00,36.174484,299.8516
1865-11-01 00:00:00,36.15944,298.446
1865-12-01 00:00:00,36.202988,296.47437
1866-01-01 00:00:00,36.257534,294.53757
1866-02-01 00:00:00,36.304855,293.23465
1866-03-01 00:00:00,36.326736,292.70883
1866-04-01 00:00:00,36.35225,292.43045
1866-05-01 00:00:00,36.379135,292.75772
1866-06-01 00:00:00,36.363842,294.04105
1866-07-01 00:00:00,36.33048,296.25583
1866-08-01 00:00:00,36.31479,298.42838
1866-09-01 00:00:00,36.28049,299.6691
1866-10-01 00:00:00,36.20402,299.80215
1866-11-01 00:00:00,36.14415,298.3712
1866-12-01 00:00:00,36.158253,296.5037
1867-01-01 00:00:00,36.213078,294.8006
1867-02-01 00:00:00,36.247684,293.52905
1867-03-01 00:00:00,36.286,292.66565
1867-04-01 00:00:00,36.294712,292.35034
1867-05-01 00:00:00,36.32299,292.71793
1867-06-01 00:00:00,36.318195,293.93564
1867-07-01 00:00:00,36.22977,296.03055
1867-08-01 00:00:00,36.20292,298.09018
1867-09-01 00:00:00,36.184124,299.59277
1867-10-01 00:00:00,36.110035,299.79483
1867-11-01 00:00:00,36.146976,298.2715
1867-12-01 00:00:00,36.191696,296.3635
1868-01-01 00:00:00,36.237217,294.65845
1868-02-01 00:00:00,36.265766,293.49182
1868-03-01 00:00:00,36.277195,292.9138
1868-04-01 00:00:00,36.316593,292.69678
1868-05-01 00:00:00,36.327187,293.0993
1868-06-01 00:00:00,36.32107,294.00473
1868-07-01 00:00:00,36.299435,296.24622
1868-08-01 00:00:00,36.283516,298.3363
1868-09-01 00:00:00,36.287277,299.63806
1868-10-01 00:00:00,36.18306,299.75372
1868-11-01 00:00:00,36.15736,298.2169
1868-12-01 00:00:00,36.17046,296.34506
1869-01-01 00:00:00,36.232914,294.55106
1869-02-01 00:00:00,36.28767,293.34598
1869-03-01 00:00:00,36.28609,292.9274
1869-04-01 00:00:00,36.314255,292.73233
1869-05-01 00:00:00,36.31363,293.29172
1869-06-01 00:00:00,36.36391,294.45816
1869-07-01 00:00:00,36.31394,296.88718
1869-08-01 00:00:00,36.253994,298.5242
1869-09-01 00:00:00,36.213413,299.57462
1869-10-01 00:00:00,36.175266,299.5777
1869-11-01 00:00:00,36.15701,298.59415
1869-12-01 00:00:00,36.19238,296.49796
1870-01-01 00:00:00,36.235302,294.7799
1870-02-01 00:00:00,36.28384,293.49228
1870-03-01 00:00:00,36.310726,292.69833
1870-04-01 00:00:00,36.31123,292.56592
1870-05-01 00:00:00,36.33,292.97543
1870-06-01 00:00:00,36.352276,294.0416
1870-07-01 00:00:00,36.336136,296.3533
1870-08-01 00:00:00,36.33927,298.57214
1870-09-01 00:00:00,36.34074,299.91183
1870-10-01 00:00:00,36.251637,299.88058
1870-11-01 00:00:00,36.24515,298.56958
1870-12-01 00:00:00,36.20602,296.821
1871-01-01 00:00:00,36.27827,294.65637
1871-02-01 00:00:00,36.312466,293.428
1871-03-01 00:00:00,36.312897,292.98343
1871-04-01 00:00:00,36.347904,292.8305
1871-05-01 00:00:00,36.361633,293.13162
1871-06-01 00:00:00,36.306637,294.6099
1871-07-01 00:00:00,36.271194,296.7283
1871-08-01 00:00:00,36.26274,298.76572
1871-09-01 00:00:00,36.26816,299.9381
1871-10-01 00:00:00,36.186863,300.01315
1871-11-01 00:00:00,36.123127,298.56165
1871-12-01 00:00:00,36.14758,296.63843
1872-01-01 00:00:00,36.236027,294.8807
1872-02-01 00:00:00,36.30805,293.5057
1872-03-01 00:00:00,36.351105,292.84567
1872-04-01 00:00:00,36.373753,292.73264
1872-05-01 00:00:00,36.380352,293.20062
1872-06-01 00:00:00,36.39667,294.35388
1872-07-01 00:00:00,36.31837,296.36765
1872-08-01 00:00:00,36.295216,298.51846
1872-09-01 00:00:00,36.265316,299.90402
1872-10-01 00:00:00,36.214436,300.17856
1872-11-01 00:00:00,36.18529,298.59445
1872-12-01 00:00:00,36.18141,296.68704
1873-01-01 00:00:00,36.243057,294.79575
1873-02-01 00:00:00,36.290173,293.5153
1873-03-01 00:00:00,36.338253,292.7142
1873-04-01 00:00:00,36.369,292.6178
1873-05-01 00:00:00,36.384228,293.1025
1873-06-01 00:00:00,36.392086,294.1511
1873-07-01 00:00:00,36.355778,296.38486
1873-08-01 00:00:00,36.2598,298.4586
1873-09-01 00:00:00,36.18858,299.88547
1873-10-01 00:00:00,36.104588,299.92703
1873-11-01 00:00:00,36.123524,298.16772
1873-12-01 00:00:00,36.16515,296.10886
1874-01-01 00:00:00,36.24355,294.33548
1874-02-01 00:00:00,36.291996,293.13046
1874-03-01 00:00:00,36.3297,292.57584
1874-04-01 00:00:00,36.3365,292.59317
1874-05-01 00:00:00,36.373486,292.7274
1874-06-01 00:00:00,36.364788,293.95264
1874-07-01 00:00:00,36.358994,296.39847
1874-08-01 00:00:00,36.359867,298.64493
1874-09-01 00:00:00,36.273926,299.5159
1874-10-01 00:00:00,36.1554,299.77225
1874-11-01 00:00:00,36.132812,298.42374
1874-12-01 00:00:00,36.169353,296.50375
1875-01-01 00:00:00,36.246613,294.59875
1875-02-01 00:00:00,36.296505,293.29276
1875-03-01 00:00:00,36.33014,292.8383
1875-04-01 00:00:00,36.342464,292.72202
1875-05-01 00:00:00,36.362682,292.9247
1875-06-01 00:00:00,36.392895,294.14536
1875-07-01 00:00:00,36.305084,296.52957
1875-08-01 00:00:00,36.261623,298.59116
1875-09-01 00:00:00,36.236736,299.7666
1875-10-01 00:00:00,36.16004,299.93066
1875-11-01 00:00:00,36.137486,298.417
1875-12-01 00:00:00,36.204624,296.32147
1876-01-01 00:00:00,36.25758,294.38602
1876-02-01 00:00:00,36.304794,293.37817
1876-03-01 00:00:00,36.331524,292.75784
1876-04-01 00:00:00,36.342274,292.80118
1876-05-01 00:00:00,36.35844,293.13718
1876-06-01 00:00:00,36.375217,294.1421
1876-07-01 00:00:00,36.31606,296.27286
1876-08-01 00:00:00,36.29338,298.32202
1876-09-01 00:00:00,36.259525,299.62854
1876-10-01 00:00:00,36.147705,299.72852
1876-11-01 00:00:00,36.14733,298.4469
1876-12-01 00:00:00,36.21052,296.27737
1877-01-01 00:00:00,36.27071,294.53012
1877-02-01 00:00:00,36.307693,293.49667
1877-03-01 00:00:00,36.332146,293.15005
1877-04-01 00:00:00,36.36306,292.89597
1877-05-01 00:00:00,36.389854,292.89783
1877-06-01 00:00:00,36.37787,294.4772
1877-07-01 00:00:00,36.32564,296.6947
1877-08-01 00:00:00,36.28274,298.53342
1877-09-01 00:00:00,36.245956,299.72873
1877-10-01 00:00:00,36.1539,299.75552
1877-11-01 00:00:00,36.145916,298.40527
1877-12-01 00:00:00,36.207615,296.2786
1878-01-01 00:00:00,36.287357,294.3497
1878-02-01 00:00:00,36.33485,293.33218
1878-03-01 00:00:00,36.36576,292.82474
1878-04-01 00:00:00,36.393127,292.65564
1878-05-01 00:00:00,36.38644,293.0309
1878-06-01 00:00:00,36.355114,294.8197
1878-07-01 00:00:00,36.333874,296.905
1878-08-01 00:00:00,36.319714,298.68088
1878-09-01 00:00:00,36.28983,300.0189
1878-10-01 00:00:00,36.25248,299.7158
1878-11-01 00:00:00,36.233433,298.44577
1878-12-01 00:00:00,36.23355,296.6114
1879-01-01 00:00:00,36.27189,294.9885
1879-02-01 00:00:00,36.313606,293.68582
1879-03-01 00:00:00,36.338917,293.0479
1879-04-01 00:00:00,36.360653,292.96664
1879-05-01 00:00:00,36.37371,293.21365
1879-06-01 00:00:00,36.368084,294.22137
1879-07-01 00:00:00,36.329815,296.37036
1879-08-01 00:00:00,36.295845,298.56345
1879-09-01 00:00:00,36.269955,299.718
1879-10-01 00:00:00,36.19459,299.83987
1879-11-01 00:00:00,36.153812,298.29886
1879-12-01 00:00:00,36.200027,296.3935
1880-01-01 00:00:00,36.25035,294.64676
1880-02-01 00:00:00,36.293095,293.46606
1880-03-01 00:00:00,36.312206,292.80212
1880-04-01 00:00:00,36.316883,292.60217
1880-05-01 00:00:00,36.331898,292.70938
1880-06-01 00:00:00,36.313374,294.55893
1880-07-01 00:00:00,36.33087,296.81787
1880-08-01 00:00:00,36.28283,298.682
1880-09-01 00:00:00,36.18288,299.7914
1880-10-01 00:00:00,36.079987,299.73767
1880-11-01 00:00:00,36.078083,298.2581
1880-12-01 00:00:00,36.127216,296.3005
1881-01-01 00:00:00,36.186375,294.71677
1881-02-01 00:00:00,36.23811,293.36276
1881-03-01 00:00:00,36.276947,292.5322
1881-04-01 00:00:00,36.300823,292.42752
1881-05-01 00:00:00,36.322422,292.64676
1881-06-01 00:00:00,36.350307,293.8988
1881-07-01 00:00:00,36.30615,296.34244
1881-08-01 00:00:00,36.276047,298.40057
1881-09-01 00:00:00,36.22837,299.61328
1881-10-01 00:00:00,36.146458,299.76157
1881-11-01 00:00:00,36.07298,298.78372
1881-12-01 00:00:00,36.094738,296.6465
1882-01-01 00:00:00,36.184887,294.43906
1882-02-01 00:00:00,36.24206,293.29068
1882-03-01 00:00:00,36.276394,292.70105
1882-04-01 00:00:00,36.30328,292.5855
1882-05-01 00:00:00,36.317425,292.85355
1882-06-01 00:00:00,36.342224,293.97995
1882-07-01 00:00:00,36.27159,296.1873
1882-08-01 00:00:00,36.232983,298.29306
1882-09-01 00:00:00,36.215717,299.77454
1882-10-01 00:00:00,36.148987,299.46518
1882-11-01 00:00:00,36.160397,298.11804
1882-12-01 00:00:00,36.19473,296.49005
1883-01-01 00:00:00,36.26648,294.7589
1883-02-01 00:00:00,36.303585,293.64304
1883-03-01 00:00:00,36.331646,293.35727
1883-04-01 00:00:00,36.354233,293.18338
1883-05-01 00:00:00,36.381954,293.24704
1883-06-01 00:00:00,36.3849,294.3182
1883-07-01 00:00:00,36.347286,296.44214
1883-08-01 00:00:00,36.372856,298.41928
1883-09-01 00:00:00,36.39455,299.75916
1883-10-01 00:00:00,36.31789,299.82693
1883-11-01 00:00:00,36.213882,298.62875
1883-12-01 00:00:00,36.22569,296.73923
1884-01-01 00:00:00,36.280895,294.82812
1884-02-01 00:00:00,36.315628,293.71887
1884-03-01 00:00:00,36.337532,293.06628
1884-04-01 00:00:00,36.340744,292.99875
1884-05-01 00:00:00,36.36445,293.12033
1884-06-01 00:00:00,36.36624,294.0895
1884-07-01 00:00:00,36.343662,296.16513
1884-08-01 00:00:00,36.32665,298.04697
1884-09-01 00:00:00,36.282066,299.19302
1884-10-01 00:00:00,36.167522,299.1411
1884-11-01 00:00:00,36.086697,298.06674
1884-12-01 00:00:00,36.14918,295.8335
1885-01-01 00:00:00,36.2072,294.15213
1885-02-01 00:00:00,36.2561,293.11618
1885-03-01 00:00:00,36.296875,292.67056
1885-04-01 00:00:00,36.315575,292.6326
1885-05-01 00:00:00,36.32628,292.9165
1885-06-01 00:00:00,36.333767,294.31165
1885-07-01 00:00:00,36.29163,296.39157
1885-08-01 00:00:00,36.269085,298.39194
1885-09-01 00:00:00,36.22198,299.6439
1885-10-01 00:00:00,36.149765,299.34665
1885-11-01 00:00:00,36.124287,297.80527
1885-12-01 00:00:00,36.19228,295.82584
1886-01-01 00:00:00,36.2581,294.16574
1886-02-01 00:00:00,36.282986,293.16272
1886-03-01 00:00:00,36.28084,292.74203
1886-04-01 00:00:00,36.296276,292.4482
1886-05-01 00:00:00,36.320377,292.82755
1886-06-01 00:00:00,36.303356,294.21732
1886-07-01 00:00:00,36.263927,296.36044
1886-08-01 00:00:00,36.246716,298.38806
1886-09-01 00:00:00,36.212772,299.6813
1886-10-01 00:00:00,36.125847,299.9858
1886-11-01 00:00:00,36.086876,298.65744
1886-12-01 00:00:00,36.12373,296.33337
1887-01-01 00:00:00,36.19922,294.1896
1887-02-01 00:00:00,36.258274,292.81473
1887-03-01 00:00:00,36.270336,292.44235
1887-04-01 00:00:00,36.29996,292.43033
1887-05-01 00:00:00,36.30129,293.13776
1887-06-01 00:00:00,36.28947,294.73193
1887-07-01 00:00:00,36.2412,296.94778
1887-08-01 00:00:00,36.23085,298.50226
1887-09-01 00:00:00,36.20782,299.69083
1887-10-01 00:00:00,36.142956,299.69223
1887-11-01 00:00:00,36.11842,298.59946
1887-12-01 00:00:00,36.131245,296.62674
1888-01-01 00:00:00,36.186634,294.90262
1888-02-01 00:00:00,36.23865,293.63876
1888-03-01 00:00:00,36.246838,293.24402
1888-04-01 00:00:00,36.278492,293.1924
1888-05-01 00:00:00,36.305798,293.27304
1888-06-01 00:00:00,36.31401,294.21768
1888-07-01 00:00:00,36.242672,296.38986
1888-08-01 00:00:00,36.230213,298.58798
1888-09-01 00:00:00,36.27438,299.8893
1888-10-01 00:00:00,36.190395,299.78183
1888-11-01 00:00:00,36.13255,298.89157
1888-12-01 00:00:00,36.165546,296.7856
1889-01-01 00:00:00,36.223965,294.86166
1889-02-01 00:00:00,36.245956,293.73007
1889-03-01 00:00:00,36.283066,293.1429
1889-04-01 00:00:00,36.316715,292.93454
1889-05-01 00:00:00,36.33978,293.03064
1889-06-01 00:00:00,36.379704,293.85507
1889-07-01 00:00:00,36.377213,296.27512
1889-08-01 00:00:00,36.381485,298.48892
1889-09-01 00:00:00,36.36259,299.66647
1889-10-01 00:00:00,36.2889,299.70297
1889-11-01 00:00:00,36.212185,298.5284
1889-12-01 00:00:00,36.22426,296.24512
1890-01-01 00:00:00,36.302692,294.14615
1890-02-01 00:00:00,36.333195,293.21774
1890-03-01 00:00:00,36.36627,292.46622
1890-04-01 00:00:00,36.383602,292.48987
1890-05-01 00:00:00,36.410324,292.63843
1890-06-01 00:00:00,36.424694,293.75873
1890-07-01 00:00:00,36.36112,296.0338
1890-08-01 00:00:00,36.331898,298.1815
1890-09-01 00:00:00,36.265163,299.4205
1890-10-01 00:00:00,36.167576,299.52197
1890-11-01 00:00:00,36.113415,298.36108
1890-12-01 00:00:00,36.11343,296.64334
1891-01-01 00:00:00,36.201748,294.51773
1891-02-01 00:00:00,36.26013,293.25137
1891-03-01 00:00:00,36.272438,292.70297
1891-04-01 00:00:00,36.303562,292.49237
1891-05-01 00:00:00,36.310802,292.63184
1891-06-01 00:00:00,36.32112,293.73462
1891-07-01 00:00:00,36.30035,295.96524
1891-08-01 00:00:00,36.20869,298.0837
1891-09-01 00:00:00,36.15276,299.56808
1891-10-01 00:00:00,36.078487,299.4162
1891-11-01 00:00:00,36.098248,297.90576
1891-12-01 00:00:00,36.11545,296.02744
1892-01-01 00:00:00,36.149017,294.48557
1892-02-01 00:00:00,36.22818,292.99866
1892-03-01 00:00:00,36.23596,292.56094
1892-04-01 00:00:00,36.273354,292.39682
1892-05-01 00:00:00,36.278275,293.18387
1892-06-01 00:00:00,36.286823,294.24063
1892-07-01 00:00:00,36.24838,296.30722
1892-08-01 00:00:00,36.215347,298.30118
1892-09-01 00:00:00,36.194805,299.64233
1892-10-01 00:00:00,36.139767,299.9076
1892-11-01 00:00:00,36.123516,298.43893
1892-12-01 00:00:00,36.150745,296.36765
1893-01-01 00:00:00,36.189304,294.7109
1893-02-01 00:00:00,36.226418,293.5378
1893-03-01 00:00:00,36.26218,292.78812
1893-04-01 00:00:00,36.283054,292.75778
1893-05-01 00:00:00,36.313557,292.91953
1893-06-01 00:00:00,36.28111,294.18826
1893-07-01 00:00:00,36.22286,296.4812
1893-08-01 00:00:00,36.219326,298.30655
1893-09-01 00:00:00,36.187496,299.60123
1893-10-01 00:00:00,36.07636,299.58008
1893-11-01 00:00:00,36.047962,298.38525
1893-12-01 00:00:00,36.113247,296.38455
1894-01-01 00:00:00,36.206852,294.33926
1894-02-01 00:00:00,36.27209,292.95193
1894-03-01 00:00:00,36.289776,292.54724
1894-04-01 00:00:00,36.30922,292.60388
1894-05-01 00:00:00,36.289875,293.2052
1894-06-01 00:00:00,36.295193,294.69284
1894-07-01 00:00:00,36.27594,296.80908
1894-08-01 00:00:00,36.192684,298.5156
1894-09-01 00:00:00,36.175888,299.8089
1894-10-01 00:00:00,36.13615,299.78003
1894-11-01 00:00:00,36.136913,298.2809
1894-12-01 00:00:00,36.15527,296.70963
1895-01-01 00:00:00,36.20767,294.86682
1895-02-01 00:00:00,36.25819,293.55615
1895-03-01 00:00:00,36.303337,292.8247
1895-04-01 00:00:00,36.329292,292.49658
1895-05-01 00:00:00,36.347355,292.72812
1895-06-01 00:00:00,36.335407,293.85922
1895-07-01 00:00:00,36.258896,296.25916
1895-08-01 00:00:00,36.246128,298.36368
1895-09-01 00:00:00,36.23308,299.6746
1895-10-01 00:00:00,36.20234,300.10748
1895-11-01 00:00:00,36.162724,298.34094
1895-12-01 00:00:00,36.190754,296.4042
1896-01-01 00:00:00,36.26184,294.44562
1896-02-01 00:00:00,36.30235,293.27408
1896-03-01 00:00:00,36.324017,292.6775
1896-04-01 00:00:00,36.350483,292.70804
1896-05-01 00:00:00,36.36749,292.9639
1896-06-01 00:00:00,36.346817,293.96106
1896-07-01 00:00:00,36.25263,296.31848
1896-08-01 00:00:00,36.24853,298.3799
1896-09-01 00:00:00,36.218143,299.46243
1896-10-01 00:00:00,36.147133,299.7332
1896-11-01 00:00:00,36.117786,298.58713
1896-12-01 00:00:00,36.126575,296.72803
1897-01-01 00:00:00,36.22028,294.59647
1897-02-01 00:00:00,36.290592,293.30603
1897-03-01 00:00:00,36.311714,292.90564
1897-04-01 00:00:00,36.339325,292.86484
1897-05-01 00:00:00,36.378727,292.8539
1897-06-01 00:00:00,36.369198,293.76855
1897-07-01 00:00:00,36.327324,296.37012
1897-08-01 00:00:00,36.362698,298.46725
1897-09-01 00:00:00,36.313145,299.65488
1897-10-01 00:00:00,36.211853,299.724
1897-11-01 00:00:00,36.194294,298.5056
1897-12-01 00:00:00,36.224037,296.521
1898-01-01 00:00:00,36.278362,294.9303
1898-02-01 00:00:00,36.314358,293.76852
1898-03-01 00:00:00,36.3351,293.12265
1898-04-01 00:00:00,36.35835,292.6654
1898-05-01 00:00:00,36.385868,292.959
1898-06-01 00:00:00,36.37054,294.25256
1898-07-01 00:00:00,36.331253,296.427
1898-08-01 00:00:00,36.327236,298.65137
1898-09-01 00:00:00,36.24943,299.50906
1898-10-01 00:00:00,36.13387,299.7626
1898-11-01 00:00:00,36.096344,298.48557
1898-12-01 00:00:00,36.160213,296.30835
1899-01-01 00:00:00,36.25533,294.19882
1899-02-01 00:00:00,36.308163,293.10327
1899-03-01 00:00:00,36.32241,292.76913
1899-04-01 00:00:00,36.3481,292.58203
1899-05-01 00:00:00,36.344822,293.0935
1899-06-01 00:00:00,36.292908,294.63144
1899-07-01 00:00:00,36.22112,296.7971
1899-08-01 00:00:00,36.236008,298.49625
1899-09-01 00:00:00,36.210587,299.52182
1899-10-01 00:00:00,36.112293,299.36765
1899-11-01 00:00:00,36.09366,298.1223
1899-12-01 00:00:00,36.134403,296.29623
1/1/1900 0:00,36.186527,294.68027
2/1/1900 0:00,36.234955,293.36398
3/1/1900 0:00,36.273045,292.69666
4/1/1900 0:00,36.2951,292.3516
5/1/1900 0:00,36.29037,292.68805
6/1/1900 0:00,36.294674,294.15695
7/1/1900 0:00,36.249374,296.4459
8/1/1900 0:00,36.207138,298.29712
9/1/1900 0:00,36.14294,299.652
10/1/1900 0:00,36.064564,299.83163
11/1/1900 0:00,36.04904,298.42947
12/1/1900 0:00,36.085285,296.11584
1/1/1901 0:00,36.15555,294.2228
2/1/1901 0:00,36.2177,292.93216
3/1/1901 0:00,36.246616,292.37442
4/1/1901 0:00,36.2652,292.1952
5/1/1901 0:00,36.29307,292.42755
6/1/1901 0:00,36.32599,293.86133
7/1/1901 0:00,36.313015,295.78256
8/1/1901 0:00,36.289944,298.0379
9/1/1901 0:00,36.220207,299.32144
10/1/1901 0:00,36.132854,299.40622
11/1/1901 0:00,36.101242,298.31003
12/1/1901 0:00,36.103497,296.4465
1/1/1902 0:00,36.167263,294.5209
2/1/1902 0:00,36.217613,293.23016
3/1/1902 0:00,36.225643,292.7529
4/1/1902 0:00,36.253662,292.52402
5/1/1902 0:00,36.268482,292.8893
6/1/1902 0:00,36.246456,294.49997
7/1/1902 0:00,36.184097,296.74606
8/1/1902 0:00,36.14474,298.43668
9/1/1902 0:00,36.098446,299.78967
10/1/1902 0:00,36.018856,299.89297
11/1/1902 0:00,35.96823,298.64014
12/1/1902 0:00,36.016342,296.53534
1/1/1903 0:00,36.110546,294.80063
2/1/1903 0:00,36.181545,293.47595
3/1/1903 0:00,36.2204,292.97385
4/1/1903 0:00,36.253925,292.77405
5/1/1903 0:00,36.267975,293.17258
6/1/1903 0:00,36.26482,294.28818
7/1/1903 0:00,36.243942,296.2576
8/1/1903 0:00,36.228962,298.02115
9/1/1903 0:00,36.188244,299.35458
10/1/1903 0:00,36.131535,299.4707
11/1/1903 0:00,36.133953,298.10074
12/1/1903 0:00,36.171696,296.14755
1/1/1904 0:00,36.231964,294.52695
2/1/1904 0:00,36.27019,293.42966
3/1/1904 0:00,36.291683,292.70163
4/1/1904 0:00,36.30952,292.3815
5/1/1904 0:00,36.333897,292.47226
6/1/1904 0:00,36.339264,293.88205
7/1/1904 0:00,36.285217,296.21436
8/1/1904 0:00,36.281475,298.07547
9/1/1904 0:00,36.27261,299.27182
10/1/1904 0:00,36.198635,299.24033
11/1/1904 0:00,36.14323,298.18286
12/1/1904 0:00,36.185184,296.01248
1/1/1905 0:00,36.244503,293.84064
2/1/1905 0:00,36.277668,292.5787
3/1/1905 0:00,36.28745,292.14206
4/1/1905 0:00,36.304657,292.2659
5/1/1905 0:00,36.312176,292.78458
6/1/1905 0:00,36.32382,294.13785
7/1/1905 0:00,36.2643,296.22263
8/1/1905 0:00,36.26433,298.20422
9/1/1905 0:00,36.24405,299.72217
10/1/1905 0:00,36.157246,299.8408
11/1/1905 0:00,36.12208,298.1888
12/1/1905 0:00,36.155178,296.13187
1/1/1906 0:00,36.18841,294.52426
2/1/1906 0:00,36.238575,293.26974
3/1/1906 0:00,36.267673,292.6639
4/1/1906 0:00,36.286594,292.46902
5/1/1906 0:00,36.300014,292.73697
6/1/1906 0:00,36.285995,294.17047
7/1/1906 0:00,36.25773,296.34668
8/1/1906 0:00,36.25604,298.41544
9/1/1906 0:00,36.229637,299.50455
10/1/1906 0:00,36.142414,299.63425
11/1/1906 0:00,36.07951,298.49216
12/1/1906 0:00,36.080807,296.62253
1/1/1907 0:00,36.14719,294.58243
2/1/1907 0:00,36.207226,293.32776
3/1/1907 0:00,36.24703,292.80978
4/1/1907 0:00,36.276802,292.5129
5/1/1907 0:00,36.288937,293.05457
6/1/1907 0:00,36.27688,294.32864
7/1/1907 0:00,36.23149,296.568
8/1/1907 0:00,36.2292,298.18283
9/1/1907 0:00,36.172565,299.32565
10/1/1907 0:00,36.108616,299.39914
11/1/1907 0:00,36.113476,297.96194
12/1/1907 0:00,36.164444,295.87555
1/1/1908 0:00,36.252865,293.84128
2/1/1908 0:00,36.27326,293.2232
3/1/1908 0:00,36.30881,292.8003
4/1/1908 0:00,36.326435,292.61447
5/1/1908 0:00,36.33743,292.88065
6/1/1908 0:00,36.351864,293.853
7/1/1908 0:00,36.30716,295.78107
8/1/1908 0:00,36.285603,298.15747
9/1/1908 0:00,36.222305,299.52597
10/1/1908 0:00,36.128994,299.33105
11/1/1908 0:00,36.10117,298.07983
12/1/1908 0:00,36.143764,296.2179
1/1/1909 0:00,36.21355,294.57706
2/1/1909 0:00,36.262222,293.34424
3/1/1909 0:00,36.288807,292.8046
4/1/1909 0:00,36.31348,292.7645
5/1/1909 0:00,36.331757,292.9725
6/1/1909 0:00,36.343273,294.09897
7/1/1909 0:00,36.29544,296.46335
8/1/1909 0:00,36.28157,298.48386
9/1/1909 0:00,36.265667,299.6686
10/1/1909 0:00,36.191525,299.64346
11/1/1909 0:00,36.137512,298.43677
12/1/1909 0:00,36.20247,296.1848
1/1/1910 0:00,36.262093,294.51416
2/1/1910 0:00,36.298496,293.30002
3/1/1910 0:00,36.31786,292.79373
4/1/1910 0:00,36.329082,292.50372
5/1/1910 0:00,36.343517,292.93414
6/1/1910 0:00,36.32395,294.2609
7/1/1910 0:00,36.297504,296.5059
8/1/1910 0:00,36.29915,298.531
9/1/1910 0:00,36.250183,299.80917
10/1/1910 0:00,36.194324,299.9287
11/1/1910 0:00,36.184013,298.4255
12/1/1910 0:00,36.19592,296.4852
1/1/1911 0:00,36.210163,294.81433
2/1/1911 0:00,36.24027,293.48096
3/1/1911 0:00,36.252056,292.8879
4/1/1911 0:00,36.28237,292.71225
5/1/1911 0:00,36.3167,293.00122
6/1/1911 0:00,36.305176,294.3497
7/1/1911 0:00,36.244267,296.7244
8/1/1911 0:00,36.231125,298.56146
9/1/1911 0:00,36.15528,299.57367
10/1/1911 0:00,36.125496,299.54
11/1/1911 0:00,36.147778,298.17563
12/1/1911 0:00,36.198948,296.20804
1/1/1912 0:00,36.2332,294.41412
2/1/1912 0:00,36.28172,293.21265
3/1/1912 0:00,36.30601,292.55374
4/1/1912 0:00,36.321774,292.3953
5/1/1912 0:00,36.361748,292.74615
6/1/1912 0:00,36.35706,293.88504
7/1/1912 0:00,36.2964,296.33865
8/1/1912 0:00,36.255688,298.29715
9/1/1912 0:00,36.212788,299.61047
10/1/1912 0:00,36.171005,299.4357
11/1/1912 0:00,36.193863,297.76764
12/1/1912 0:00,36.24766,295.55667
1/1/1913 0:00,36.282864,293.9152
2/1/1913 0:00,36.312107,292.66586
3/1/1913 0:00,36.32152,292.15237
4/1/1913 0:00,36.34199,292.02762
5/1/1913 0:00,36.3595,292.53067
6/1/1913 0:00,36.35496,293.86984
7/1/1913 0:00,36.270664,296.2179
8/1/1913 0:00,36.247143,298.14554
9/1/1913 0:00,36.18587,299.35928
10/1/1913 0:00,36.049644,299.52036
11/1/1913 0:00,36.04394,298.33414
12/1/1913 0:00,36.09695,296.17944
1/1/1914 0:00,36.16115,294.06125
2/1/1914 0:00,36.220154,292.83643
3/1/1914 0:00,36.23558,292.37067
4/1/1914 0:00,36.24657,292.28085
5/1/1914 0:00,36.27918,292.49936
6/1/1914 0:00,36.284122,293.62747
7/1/1914 0:00,36.229507,296.22214
8/1/1914 0:00,36.20372,298.09598
9/1/1914 0:00,36.14807,299.33334
10/1/1914 0:00,36.088627,299.361
11/1/1914 0:00,36.101887,297.8621
12/1/1914 0:00,36.163517,296.14352
1/1/1915 0:00,36.22066,294.54343
2/1/1915 0:00,36.25046,293.4805
3/1/1915 0:00,36.268936,292.84598
4/1/1915 0:00,36.292774,292.4559
5/1/1915 0:00,36.297623,292.8436
6/1/1915 0:00,36.264965,294.0669
7/1/1915 0:00,36.21747,296.15067
8/1/1915 0:00,36.198376,298.2208
9/1/1915 0:00,36.141003,299.44092
10/1/1915 0:00,36.06209,299.83896
11/1/1915 0:00,36.04953,298.38696
12/1/1915 0:00,36.12102,296.04355
1/1/1916 0:00,36.202618,294.30472
2/1/1916 0:00,36.274136,293.04733
3/1/1916 0:00,36.29101,292.62155
4/1/1916 0:00,36.310944,292.34567
5/1/1916 0:00,36.293095,292.7244
6/1/1916 0:00,36.311,293.9531
7/1/1916 0:00,36.24559,296.3704
8/1/1916 0:00,36.17631,298.3757
9/1/1916 0:00,36.15852,299.73532
10/1/1916 0:00,36.130676,299.80423
11/1/1916 0:00,36.1292,298.41934
12/1/1916 0:00,36.159153,296.13074
1/1/1917 0:00,36.213108,294.2143
2/1/1917 0:00,36.270824,292.9066
3/1/1917 0:00,36.301914,292.41116
4/1/1917 0:00,36.32056,292.4213
5/1/1917 0:00,36.32918,292.81424
6/1/1917 0:00,36.33461,294.2234
7/1/1917 0:00,36.291096,296.22278
8/1/1917 0:00,36.290333,298.28915
9/1/1917 0:00,36.28011,299.63913
10/1/1917 0:00,36.20735,299.69806
11/1/1917 0:00,36.158276,298.59018
12/1/1917 0:00,36.176094,296.37326
1/1/1918 0:00,36.214725,294.7567
2/1/1918 0:00,36.237995,293.82526
3/1/1918 0:00,36.27826,293.02463
4/1/1918 0:00,36.306355,292.95312
5/1/1918 0:00,36.306225,293.30942
6/1/1918 0:00,36.26823,294.7549
7/1/1918 0:00,36.26317,296.80322
8/1/1918 0:00,36.29913,298.65732
9/1/1918 0:00,36.30516,300.00983
10/1/1918 0:00,36.263306,300.0114
11/1/1918 0:00,36.23405,298.32703
12/1/1918 0:00,36.250195,296.27472
1/1/1919 0:00,36.294094,294.75906
2/1/1919 0:00,36.31678,293.71927
3/1/1919 0:00,36.339367,293.2259
4/1/1919 0:00,36.371265,293.0066
5/1/1919 0:00,36.39661,292.95932
6/1/1919 0:00,36.381023,294.3259
7/1/1919 0:00,36.339478,296.6129
8/1/1919 0:00,36.33025,298.5355
9/1/1919 0:00,36.255703,299.5818
10/1/1919 0:00,36.178436,299.637
11/1/1919 0:00,36.141193,298.33276
12/1/1919 0:00,36.1655,296.48514
1/1/1920 0:00,36.232555,294.6907
2/1/1920 0:00,36.282528,293.3224
3/1/1920 0:00,36.313732,292.84018
4/1/1920 0:00,36.34297,292.60532
5/1/1920 0:00,36.377346,292.9022
6/1/1920 0:00,36.3533,294.28787
7/1/1920 0:00,36.29158,296.57285
8/1/1920 0:00,36.261616,298.61246
9/1/1920 0:00,36.249638,299.65372
10/1/1920 0:00,36.172153,299.449
11/1/1920 0:00,36.18297,298.12576
12/1/1920 0:00,36.221386,296.22446
1/1/1921 0:00,36.294563,294.1962
2/1/1921 0:00,36.324085,292.93442
3/1/1921 0:00,36.336727,292.49768
4/1/1921 0:00,36.349167,292.3987
5/1/1921 0:00,36.395885,292.67813
6/1/1921 0:00,36.42142,293.82877
7/1/1921 0:00,36.353333,296.38477
8/1/1921 0:00,36.296116,298.1338
9/1/1921 0:00,36.24551,299.63364
10/1/1921 0:00,36.14948,299.49106
11/1/1921 0:00,36.12842,298.033
12/1/1921 0:00,36.15558,296.2007
1/1/1922 0:00,36.22798,294.2443
2/1/1922 0:00,36.269352,293.08914
3/1/1922 0:00,36.298435,292.57278
4/1/1922 0:00,36.322033,292.59555
5/1/1922 0:00,36.353928,292.82895
6/1/1922 0:00,36.292233,294.2678
7/1/1922 0:00,36.20081,296.5346
8/1/1922 0:00,36.177044,298.49194
9/1/1922 0:00,36.153427,299.68338
10/1/1922 0:00,36.126083,299.70706
11/1/1922 0:00,36.105392,298.48663
12/1/1922 0:00,36.11453,296.6565
1/1/1923 0:00,36.205425,294.29846
2/1/1923 0:00,36.253304,293.00266
3/1/1923 0:00,36.288555,292.46658
4/1/1923 0:00,36.319286,292.16452
5/1/1923 0:00,36.348103,292.58618
6/1/1923 0:00,36.34293,293.9922
7/1/1923 0:00,36.2493,296.3299
8/1/1923 0:00,36.252186,298.4006
9/1/1923 0:00,36.259052,299.88135
10/1/1923 0:00,36.18639,299.8653
11/1/1923 0:00,36.130436,298.38724
12/1/1923 0:00,36.16904,296.64017
1/1/1924 0:00,36.23857,294.6476
2/1/1924 0:00,36.27826,293.26013
3/1/1924 0:00,36.305298,292.46313
4/1/1924 0:00,36.340977,292.35257
5/1/1924 0:00,36.364456,292.7418
6/1/1924 0:00,36.346146,294.04208
7/1/1924 0:00,36.32468,296.31845
8/1/1924 0:00,36.295868,298.25974
9/1/1924 0:00,36.266598,299.64017
10/1/1924 0:00,36.212524,299.74524
11/1/1924 0:00,36.15792,298.36035
12/1/1924 0:00,36.186863,296.3561
1/1/1925 0:00,36.268528,294.25952
2/1/1925 0:00,36.325447,292.7829
3/1/1925 0:00,36.34821,292.3605
4/1/1925 0:00,36.31549,292.5276
5/1/1925 0:00,36.34055,292.95023
6/1/1925 0:00,36.368603,294.15503
7/1/1925 0:00,36.35393,296.36377
8/1/1925 0:00,36.315357,298.4049
9/1/1925 0:00,36.284065,299.81848
10/1/1925 0:00,36.22244,299.7062
11/1/1925 0:00,36.205444,298.46182
12/1/1925 0:00,36.239986,296.31006
1/1/1926 0:00,36.28452,294.33517
2/1/1926 0:00,36.312115,293.09164
3/1/1926 0:00,36.333347,292.63513
4/1/1926 0:00,36.349224,292.49747
5/1/1926 0:00,36.340042,292.59464
6/1/1926 0:00,36.345856,293.82053
7/1/1926 0:00,36.288166,296.026
8/1/1926 0:00,36.25104,298.147
9/1/1926 0:00,36.23643,299.5252
10/1/1926 0:00,36.113094,299.4827
11/1/1926 0:00,36.0607,298.2549
12/1/1926 0:00,36.094578,296.1459
1/1/1927 0:00,36.198917,294.04443
2/1/1927 0:00,36.25976,292.8155
3/1/1927 0:00,36.288845,292.3167
4/1/1927 0:00,36.31013,292.20016
5/1/1927 0:00,36.335983,292.43652
6/1/1927 0:00,36.31737,293.92838
7/1/1927 0:00,36.265827,296.29153
8/1/1927 0:00,36.271713,298.34906
9/1/1927 0:00,36.194,299.61734
10/1/1927 0:00,36.067795,300.05154
11/1/1927 0:00,35.97713,298.51328
12/1/1927 0:00,36.085255,296.07028
1/1/1928 0:00,36.17266,294.3041
2/1/1928 0:00,36.226185,293.35147
3/1/1928 0:00,36.27104,292.63992
4/1/1928 0:00,36.293354,292.56656
5/1/1928 0:00,36.325836,292.61514
6/1/1928 0:00,36.32861,293.84586
7/1/1928 0:00,36.247746,296.32495
8/1/1928 0:00,36.21512,298.25073
9/1/1928 0:00,36.20077,299.60962
10/1/1928 0:00,36.111652,299.5857
11/1/1928 0:00,36.038937,298.36057
12/1/1928 0:00,36.090214,296.45163
1/1/1929 0:00,36.18654,294.49142
2/1/1929 0:00,36.26326,293.10812
3/1/1929 0:00,36.297672,292.67203
4/1/1929 0:00,36.320663,292.34866
5/1/1929 0:00,36.355328,292.36923
6/1/1929 0:00,36.342968,294.01187
7/1/1929 0:00,36.277554,296.38458
8/1/1929 0:00,36.287598,298.4684
9/1/1929 0:00,36.205975,299.54813
10/1/1929 0:00,36.089306,299.856
11/1/1929 0:00,36.05732,298.43002
12/1/1929 0:00,36.132126,296.07068
1/1/1930 0:00,36.18973,294.29764
2/1/1930 0:00,36.210396,293.38766
3/1/1930 0:00,36.247623,292.80917
4/1/1930 0:00,36.277435,292.63763
5/1/1930 0:00,36.296684,293.1072
6/1/1930 0:00,36.291733,294.0381
7/1/1930 0:00,36.245296,296.32126
8/1/1930 0:00,36.229534,298.35757
9/1/1930 0:00,36.190998,299.62726
10/1/1930 0:00,36.087276,299.51074
11/1/1930 0:00,36.06878,298.02792
12/1/1930 0:00,36.073776,296.19922
1/1/1931 0:00,36.14281,294.7212
2/1/1931 0:00,36.19305,293.66248
3/1/1931 0:00,36.236145,293.09708
4/1/1931 0:00,36.26761,292.7806
5/1/1931 0:00,36.281864,293.0713
6/1/1931 0:00,36.28124,294.0924
7/1/1931 0:00,36.260326,296.5419
8/1/1931 0:00,36.244053,298.51038
9/1/1931 0:00,36.204647,299.7504
10/1/1931 0:00,36.11584,299.7997
11/1/1931 0:00,36.076817,298.5444
12/1/1931 0:00,36.14354,296.3016
1/1/1932 0:00,36.2208,294.70145
2/1/1932 0:00,36.261917,293.63986
3/1/1932 0:00,36.282063,293.06653
4/1/1932 0:00,36.31131,292.74988
5/1/1932 0:00,36.347473,292.801
6/1/1932 0:00,36.36426,293.78262
7/1/1932 0:00,36.352238,296.00095
8/1/1932 0:00,36.377914,298.25906
9/1/1932 0:00,36.36016,299.3688
10/1/1932 0:00,36.25224,299.54446
11/1/1932 0:00,36.186222,298.23514
12/1/1932 0:00,36.21414,296.16498
1/1/1933 0:00,36.287594,294.07034
2/1/1933 0:00,36.338467,293.13846
3/1/1933 0:00,36.36038,292.59473
4/1/1933 0:00,36.377926,292.58142
5/1/1933 0:00,36.401684,292.9542
6/1/1933 0:00,36.40537,294.17877
7/1/1933 0:00,36.350613,296.3914
8/1/1933 0:00,36.262913,298.29556
9/1/1933 0:00,36.239323,299.51794
10/1/1933 0:00,36.158867,299.67993
11/1/1933 0:00,36.124207,298.36035
12/1/1933 0:00,36.15527,296.4224
1/1/1934 0:00,36.210682,294.72498
2/1/1934 0:00,36.266426,293.32584
3/1/1934 0:00,36.29598,292.4047
4/1/1934 0:00,36.310562,292.31082
5/1/1934 0:00,36.328552,292.59387
6/1/1934 0:00,36.3494,293.6445
7/1/1934 0:00,36.29884,296.10767
8/1/1934 0:00,36.28603,298.2585
9/1/1934 0:00,36.26475,299.538
10/1/1934 0:00,36.144608,299.70056
11/1/1934 0:00,36.087326,298.31067
12/1/1934 0:00,36.164124,296.0879
1/1/1935 0:00,36.20645,294.48218
2/1/1935 0:00,36.25645,293.34302
3/1/1935 0:00,36.281944,292.70682
4/1/1935 0:00,36.3232,292.6315
5/1/1935 0:00,36.340626,293.0268
6/1/1935 0:00,36.323605,294.55258
7/1/1935 0:00,36.263737,296.5676
8/1/1935 0:00,36.226925,298.51614
9/1/1935 0:00,36.190887,299.72485
10/1/1935 0:00,36.12694,299.79623
11/1/1935 0:00,36.111423,298.33243
12/1/1935 0:00,36.118565,296.57327
1/1/1936 0:00,36.156113,294.91086
2/1/1936 0:00,36.22401,293.67606
3/1/1936 0:00,36.263714,292.87366
4/1/1936 0:00,36.307034,292.73926
5/1/1936 0:00,36.345776,292.8737
6/1/1936 0:00,36.355984,293.99597
7/1/1936 0:00,36.329403,296.11276
8/1/1936 0:00,36.2905,298.30005
9/1/1936 0:00,36.245697,299.5136
10/1/1936 0:00,36.19406,299.81918
11/1/1936 0:00,36.181408,298.3496
12/1/1936 0:00,36.21812,296.57556
1/1/1937 0:00,36.2667,294.92392
2/1/1937 0:00,36.30536,293.7983
3/1/1937 0:00,36.343994,293.2954
4/1/1937 0:00,36.355316,293.22525
5/1/1937 0:00,36.360844,293.4077
6/1/1937 0:00,36.380383,294.27072
7/1/1937 0:00,36.33994,296.47012
8/1/1937 0:00,36.299168,298.6349
9/1/1937 0:00,36.280323,299.9528
10/1/1937 0:00,36.244823,299.80264
11/1/1937 0:00,36.24741,297.9731
12/1/1937 0:00,36.249023,296.38696
1/1/1938 0:00,36.297405,294.4852
2/1/1938 0:00,36.33394,292.91562
3/1/1938 0:00,36.35576,292.42493
4/1/1938 0:00,36.362453,292.53683
5/1/1938 0:00,36.371964,292.78378
6/1/1938 0:00,36.38037,294.10602
7/1/1938 0:00,36.331932,296.59082
8/1/1938 0:00,36.336586,298.3798
9/1/1938 0:00,36.26258,299.77097
10/1/1938 0:00,36.120884,299.87393
11/1/1938 0:00,36.128597,298.79483
12/1/1938 0:00,36.180893,296.56992
1/1/1939 0:00,36.255554,294.66068
2/1/1939 0:00,36.290462,293.44437
3/1/1939 0:00,36.31999,292.8927
4/1/1939 0:00,36.337055,292.75504
5/1/1939 0:00,36.361538,293.08273
6/1/1939 0:00,36.380295,293.97
7/1/1939 0:00,36.366707,296.59415
8/1/1939 0:00,36.36566,298.5835
9/1/1939 0:00,36.33701,299.84842
10/1/1939 0:00,36.257454,299.65237
11/1/1939 0:00,36.258606,298.18967
12/1/1939 0:00,36.272568,296.6326
1/1/1940 0:00,36.313114,294.79077
2/1/1940 0:00,36.331993,293.60217
3/1/1940 0:00,36.34721,292.93375
4/1/1940 0:00,36.364346,292.77444
5/1/1940 0:00,36.373924,293.15244
6/1/1940 0:00,36.36081,294.47495
7/1/1940 0:00,36.307682,296.76022
8/1/1940 0:00,36.30048,298.67126
9/1/1940 0:00,36.29063,299.92627
10/1/1940 0:00,36.188095,299.7897
11/1/1940 0:00,36.163395,298.3324
12/1/1940 0:00,36.171127,296.5398
1/1/1941 0:00,36.210026,294.91333
2/1/1941 0:00,36.258884,293.51807
3/1/1941 0:00,36.2814,292.9769
4/1/1941 0:00,36.30557,292.77795
5/1/1941 0:00,36.333786,292.99924
6/1/1941 0:00,36.32626,294.24512
7/1/1941 0:00,36.256447,296.5284
8/1/1941 0:00,36.236202,298.6432
9/1/1941 0:00,36.220272,299.87473
10/1/1941 0:00,36.139523,299.84415
11/1/1941 0:00,36.03593,298.4497
12/1/1941 0:00,36.05974,296.50735
1/1/1942 0:00,36.129223,294.6716
2/1/1942 0:00,36.21119,293.27426
3/1/1942 0:00,36.255707,292.76846
4/1/1942 0:00,36.278545,292.64316
5/1/1942 0:00,36.308426,292.8456
6/1/1942 0:00,36.266994,294.46094
7/1/1942 0:00,36.25819,296.39194
8/1/1942 0:00,36.21152,298.30127
9/1/1942 0:00,36.216354,299.66043
10/1/1942 0:00,36.171867,299.60846
11/1/1942 0:00,36.131134,298.5576
12/1/1942 0:00,36.158813,296.81128
1/1/1943 0:00,36.218185,294.9685
2/1/1943 0:00,36.275616,293.78967
3/1/1943 0:00,36.302597,293.28836
4/1/1943 0:00,36.341522,292.87433
5/1/1943 0:00,36.35626,293.14636
6/1/1943 0:00,36.34084,294.51413
7/1/1943 0:00,36.25122,296.63785
8/1/1943 0:00,36.2429,298.47153
9/1/1943 0:00,36.19616,299.5334
10/1/1943 0:00,36.12145,299.46017
11/1/1943 0:00,36.075825,298.2676
12/1/1943 0:00,36.155285,296.37265
1/1/1944 0:00,36.273968,294.2981
2/1/1944 0:00,36.324432,293.2585
3/1/1944 0:00,36.34866,292.68387
4/1/1944 0:00,36.376987,292.6739
5/1/1944 0:00,36.389256,293.0307
6/1/1944 0:00,36.375515,294.07687
7/1/1944 0:00,36.32123,296.40488
8/1/1944 0:00,36.25625,298.4581
9/1/1944 0:00,36.164753,299.6448
10/1/1944 0:00,36.06491,299.50613
11/1/1944 0:00,36.063,298.20605
12/1/1944 0:00,36.11343,296.37268
1/1/1945 0:00,36.21371,294.33313
2/1/1945 0:00,36.27504,293.16504
3/1/1945 0:00,36.31957,292.5173
4/1/1945 0:00,36.345272,292.21255
5/1/1945 0:00,36.353573,292.56302
6/1/1945 0:00,36.366653,294.04163
7/1/1945 0:00,36.304646,296.60706
8/1/1945 0:00,36.3146,298.5788
9/1/1945 0:00,36.27409,299.73483
10/1/1945 0:00,36.185497,299.75217
11/1/1945 0:00,36.14571,298.50552
12/1/1945 0:00,36.209656,296.221
1/1/1946 0:00,36.26945,294.39664
2/1/1946 0:00,36.298756,293.23602
3/1/1946 0:00,36.324688,292.67184
4/1/1946 0:00,36.34051,292.46967
5/1/1946 0:00,36.353012,292.76633
6/1/1946 0:00,36.344334,294.21658
7/1/1946 0:00,36.25868,296.5967
8/1/1946 0:00,36.255672,298.36465
9/1/1946 0:00,36.206234,299.51172
10/1/1946 0:00,36.134567,299.738
11/1/1946 0:00,36.170284,298.13162
12/1/1946 0:00,36.205647,296.29343
1/1/1947 0:00,36.26307,294.6014
2/1/1947 0:00,36.30066,293.40222
3/1/1947 0:00,36.32987,292.76355
4/1/1947 0:00,36.334316,292.6577
5/1/1947 0:00,36.35921,292.6885
6/1/1947 0:00,36.358635,294.25955
7/1/1947 0:00,36.320095,296.5243
8/1/1947 0:00,36.283222,298.59824
9/1/1947 0:00,36.23347,299.83038
10/1/1947 0:00,36.15604,299.8071
11/1/1947 0:00,36.136448,298.2141
12/1/1947 0:00,36.11533,296.91312
1/1/1948 0:00,36.164547,295.2085
2/1/1948 0:00,36.2218,293.8055
3/1/1948 0:00,36.270588,292.9725
4/1/1948 0:00,36.299,292.78568
5/1/1948 0:00,36.301617,293.334
6/1/1948 0:00,36.287605,294.8632
7/1/1948 0:00,36.285442,297.01364
8/1/1948 0:00,36.28303,298.81558
9/1/1948 0:00,36.230083,300.014
10/1/1948 0:00,36.134823,300.04224
11/1/1948 0:00,36.128696,298.48715
12/1/1948 0:00,36.19717,296.36874
1/1/1949 0:00,36.257374,294.6967
2/1/1949 0:00,36.302067,293.40915
3/1/1949 0:00,36.33626,292.6606
4/1/1949 0:00,36.348225,292.55814
5/1/1949 0:00,36.36822,292.68042
6/1/1949 0:00,36.348736,293.92422
7/1/1949 0:00,36.29476,296.39587
8/1/1949 0:00,36.28131,298.53464
9/1/1949 0:00,36.254234,299.65637
10/1/1949 0:00,36.16618,299.45065
11/1/1949 0:00,36.20018,297.89102
12/1/1949 0:00,36.219975,296.26755
1/1/1950 0:00,36.28037,294.40945
2/1/1950 0:00,36.319412,293.31143
3/1/1950 0:00,36.33,292.82425
4/1/1950 0:00,36.34835,292.605
5/1/1950 0:00,36.37326,292.98715
6/1/1950 0:00,36.356915,294.17014
7/1/1950 0:00,36.26459,296.51196
8/1/1950 0:00,36.24269,298.38818
9/1/1950 0:00,36.215946,299.74155
10/1/1950 0:00,36.1563,299.73697
11/1/1950 0:00,36.12998,298.1831
12/1/1950 0:00,36.15521,296.2402
1/1/1951 0:00,36.225376,294.53632
2/1/1951 0:00,36.28024,293.3425
3/1/1951 0:00,36.308582,292.7566
4/1/1951 0:00,36.33801,292.54013
5/1/1951 0:00,36.350292,293.00455
6/1/1951 0:00,36.3667,293.99414
7/1/1951 0:00,36.32735,296.32935
8/1/1951 0:00,36.304916,298.27954
9/1/1951 0:00,36.28422,299.553
10/1/1951 0:00,36.19875,299.56625
11/1/1951 0:00,36.19599,298.20352
12/1/1951 0:00,36.23728,296.34375
1/1/1952 0:00,36.30257,294.45898
2/1/1952 0:00,36.328735,293.23672
3/1/1952 0:00,36.349342,292.57944
4/1/1952 0:00,36.364197,292.41196
5/1/1952 0:00,36.379856,292.5156
6/1/1952 0:00,36.37958,293.99948
7/1/1952 0:00,36.337635,296.57153
8/1/1952 0:00,36.30402,298.43625
9/1/1952 0:00,36.238644,299.38623
10/1/1952 0:00,36.177353,299.7041
11/1/1952 0:00,36.144505,298.34164
12/1/1952 0:00,36.144806,296.182
1/1/1953 0:00,36.219246,294.2608
2/1/1953 0:00,36.270294,293.08725
3/1/1953 0:00,36.323368,292.7457
4/1/1953 0:00,36.345737,292.45956
5/1/1953 0:00,36.360966,292.5853
6/1/1953 0:00,36.374493,294.0344
7/1/1953 0:00,36.306324,296.16446
8/1/1953 0:00,36.285984,298.17932
9/1/1953 0:00,36.259777,299.41858
10/1/1953 0:00,36.181812,299.50705
11/1/1953 0:00,36.147373,298.1145
12/1/1953 0:00,36.19692,296.2306
1/1/1954 0:00,36.244007,294.57242
2/1/1954 0:00,36.28942,293.55405
3/1/1954 0:00,36.332264,292.91147
4/1/1954 0:00,36.328587,292.6461
5/1/1954 0:00,36.36296,292.7786
6/1/1954 0:00,36.34944,294.10757
7/1/1954 0:00,36.28739,296.6259
8/1/1954 0:00,36.231697,298.48465
9/1/1954 0:00,36.211536,299.72006
10/1/1954 0:00,36.150497,299.9162
11/1/1954 0:00,36.17456,298.46744
12/1/1954 0:00,36.203262,296.49088
1/1/1955 0:00,36.246124,294.5902
2/1/1955 0:00,36.283356,293.1805
3/1/1955 0:00,36.287857,292.5846
4/1/1955 0:00,36.301556,292.4271
5/1/1955 0:00,36.329456,292.6011
6/1/1955 0:00,36.331955,293.8138
7/1/1955 0:00,36.27863,296.4076
8/1/1955 0:00,36.268482,298.4932
9/1/1955 0:00,36.208153,299.60727
10/1/1955 0:00,36.104305,299.7612
11/1/1955 0:00,36.086914,298.29132
12/1/1955 0:00,36.096897,296.77173
1/1/1956 0:00,36.180706,294.68423
2/1/1956 0:00,36.191517,293.7523
3/1/1956 0:00,36.246334,293.0671
4/1/1956 0:00,36.289497,292.84256
5/1/1956 0:00,36.307423,293.11267
6/1/1956 0:00,36.28277,294.65683
7/1/1956 0:00,36.260296,296.67484
8/1/1956 0:00,36.27303,298.6788
9/1/1956 0:00,36.278454,300.04758
10/1/1956 0:00,36.21423,300.02945
11/1/1956 0:00,36.199677,298.546
12/1/1956 0:00,36.215733,296.77408
1/1/1957 0:00,36.286587,294.80002
2/1/1957 0:00,36.333714,293.7306
3/1/1957 0:00,36.361538,292.96442
4/1/1957 0:00,36.3792,292.85977
5/1/1957 0:00,36.41647,292.9946
6/1/1957 0:00,36.440113,293.99557
7/1/1957 0:00,36.439503,296.01718
8/1/1957 0:00,36.46782,298.2291
9/1/1957 0:00,36.411606,299.64755
10/1/1957 0:00,36.28783,299.62915
11/1/1957 0:00,36.209858,298.5057
12/1/1957 0:00,36.239166,296.34888
1/1/1958 0:00,36.32295,294.5663
2/1/1958 0:00,36.375515,293.49588
3/1/1958 0:00,36.395035,293.01437
4/1/1958 0:00,36.42313,292.8065
5/1/1958 0:00,36.45431,292.93497
6/1/1958 0:00,36.45834,294.38638
7/1/1958 0:00,36.379826,296.5712
8/1/1958 0:00,36.375084,298.37766
9/1/1958 0:00,36.368843,299.70163
10/1/1958 0:00,36.2972,299.63287
11/1/1958 0:00,36.255436,298.40408
12/1/1958 0:00,36.308296,296.24704
1/1/1959 0:00,36.360813,294.54333
2/1/1959 0:00,36.398815,293.29666
3/1/1959 0:00,36.40485,292.7828
4/1/1959 0:00,36.427975,292.67673
5/1/1959 0:00,36.418667,293.16528
6/1/1959 0:00,36.391514,294.43945
7/1/1959 0:00,36.373363,296.55356
8/1/1959 0:00,36.350033,298.52127
9/1/1959 0:00,36.321095,299.76184
10/1/1959 0:00,36.24407,299.75537
11/1/1959 0:00,36.244408,298.05142
12/1/1959 0:00,36.271683,295.94727
1/1/1960 0:00,36.30734,294.2279
2/1/1960 0:00,36.326366,293.08426
3/1/1960 0:00,36.34961,292.44678
4/1/1960 0:00,36.3694,292.4023
5/1/1960 0:00,36.386837,292.86163
6/1/1960 0:00,36.36357,294.04468
7/1/1960 0:00,36.295643,296.27954
8/1/1960 0:00,36.26957,298.26492
9/1/1960 0:00,36.267628,299.72232
10/1/1960 0:00,36.225136,299.63953
11/1/1960 0:00,36.19423,298.41672
12/1/1960 0:00,36.224396,296.3669
1/1/1961 0:00,36.2506,294.85855
2/1/1961 0:00,36.284378,293.53622
3/1/1961 0:00,36.306576,292.87595
4/1/1961 0:00,36.3192,292.7101
5/1/1961 0:00,36.343754,292.9373
6/1/1961 0:00,36.37187,293.88147
7/1/1961 0:00,36.359936,296.05692
8/1/1961 0:00,36.319134,298.28043
9/1/1961 0:00,36.279762,299.75772
10/1/1961 0:00,36.18985,299.84964
11/1/1961 0:00,36.162666,298.39148
12/1/1961 0:00,36.209175,296.21786
1/1/1962 0:00,36.252743,294.33194
2/1/1962 0:00,36.28442,293.45145
3/1/1962 0:00,36.31921,292.85876
4/1/1962 0:00,36.327908,292.83524
5/1/1962 0:00,36.369617,292.90027
6/1/1962 0:00,36.38577,294.14053
7/1/1962 0:00,36.351505,296.4974
8/1/1962 0:00,36.336014,298.54425
9/1/1962 0:00,36.29776,299.61108
10/1/1962 0:00,36.221786,299.74
11/1/1962 0:00,36.210453,298.25327
12/1/1962 0:00,36.25474,296.4671
1/1/1963 0:00,36.311222,294.73965
2/1/1963 0:00,36.349075,293.40652
3/1/1963 0:00,36.367832,292.97754
4/1/1963 0:00,36.38693,292.9231
5/1/1963 0:00,36.41737,293.21252
6/1/1963 0:00,36.384796,294.46082
7/1/1963 0:00,36.35979,296.349
8/1/1963 0:00,36.324863,298.30362
9/1/1963 0:00,36.315853,299.63623
10/1/1963 0:00,36.236404,299.7429
11/1/1963 0:00,36.21106,298.3834
12/1/1963 0:00,36.216553,296.65536
1/1/1964 0:00,36.240402,295.1723
2/1/1964 0:00,36.285557,294.0263
3/1/1964 0:00,36.302616,293.5553
4/1/1964 0:00,36.31685,293.53598
5/1/1964 0:00,36.311337,293.8164
6/1/1964 0:00,36.323696,294.51926
7/1/1964 0:00,36.280594,296.41534
8/1/1964 0:00,36.273964,298.52347
9/1/1964 0:00,36.24307,299.69327
10/1/1964 0:00,36.12947,299.74866
11/1/1964 0:00,36.13696,298.52908
12/1/1964 0:00,36.20317,296.7639
1/1/1965 0:00,36.272377,295.05594
2/1/1965 0:00,36.318264,293.5454
3/1/1965 0:00,36.343327,292.82077
4/1/1965 0:00,36.34808,292.73804
5/1/1965 0:00,36.36287,293.13403
6/1/1965 0:00,36.37131,294.2847
7/1/1965 0:00,36.301342,296.60782
8/1/1965 0:00,36.21713,298.4447
9/1/1965 0:00,36.20087,299.72546
10/1/1965 0:00,36.117496,299.63748
11/1/1965 0:00,36.154682,298.33438
12/1/1965 0:00,36.1884,296.12753
1/1/1966 0:00,36.281002,293.90222
2/1/1966 0:00,36.313175,292.83743
3/1/1966 0:00,36.318806,292.54636
4/1/1966 0:00,36.343212,292.57156
5/1/1966 0:00,36.365665,292.932
6/1/1966 0:00,36.36885,294.04532
7/1/1966 0:00,36.308083,296.28964
8/1/1966 0:00,36.280468,298.47708
9/1/1966 0:00,36.26762,299.8096
10/1/1966 0:00,36.164467,299.80273
11/1/1966 0:00,36.13444,298.31787
12/1/1966 0:00,36.163456,296.41483
1/1/1967 0:00,36.23276,294.5116
2/1/1967 0:00,36.282013,293.33734
3/1/1967 0:00,36.313663,293.0014
4/1/1967 0:00,36.339146,292.8901
5/1/1967 0:00,36.344337,293.11768
6/1/1967 0:00,36.325146,294.2482
7/1/1967 0:00,36.255474,296.70096
8/1/1967 0:00,36.211372,298.5762
9/1/1967 0:00,36.21488,299.64328
10/1/1967 0:00,36.175724,299.42245
11/1/1967 0:00,36.154728,298.1199
12/1/1967 0:00,36.17677,296.23474
1/1/1968 0:00,36.256798,294.43872
2/1/1968 0:00,36.29618,293.4849
3/1/1968 0:00,36.332214,293.09305
4/1/1968 0:00,36.360928,293.0049
5/1/1968 0:00,36.39491,293.12088
6/1/1968 0:00,36.38643,294.26627
7/1/1968 0:00,36.344326,296.4988
8/1/1968 0:00,36.335144,298.44785
9/1/1968 0:00,36.28538,299.6118
10/1/1968 0:00,36.18079,299.57898
11/1/1968 0:00,36.105732,298.23764
12/1/1968 0:00,36.149,296.2103
1/1/1969 0:00,36.24516,294.41977
2/1/1969 0:00,36.30249,293.49026
3/1/1969 0:00,36.3373,292.83072
4/1/1969 0:00,36.35756,292.5405
5/1/1969 0:00,36.363407,292.95557
6/1/1969 0:00,36.37555,294.07712
7/1/1969 0:00,36.306065,296.19833
8/1/1969 0:00,36.301632,298.12207
9/1/1969 0:00,36.224655,299.35992
10/1/1969 0:00,36.11118,299.5128
11/1/1969 0:00,36.088497,298.31067
12/1/1969 0:00,36.16686,296.15482
1/1/1970 0:00,36.23637,294.46896
2/1/1970 0:00,36.29067,293.32877
3/1/1970 0:00,36.298923,292.87204
4/1/1970 0:00,36.29866,292.7075
5/1/1970 0:00,36.319576,292.94162
6/1/1970 0:00,36.28732,294.5991
7/1/1970 0:00,36.246826,296.51273
8/1/1970 0:00,36.25716,298.36865
9/1/1970 0:00,36.21262,299.49695
10/1/1970 0:00,36.134823,299.47104
11/1/1970 0:00,36.09573,298.2609
12/1/1970 0:00,36.14461,296.32645
1/1/1971 0:00,36.199055,294.51755
2/1/1971 0:00,36.236637,293.33624
3/1/1971 0:00,36.288395,292.5771
4/1/1971 0:00,36.310978,292.30954
5/1/1971 0:00,36.324356,292.58133
6/1/1971 0:00,36.354946,293.93863
7/1/1971 0:00,36.29977,295.97498
8/1/1971 0:00,36.30529,298.36563
9/1/1971 0:00,36.294743,299.62216
10/1/1971 0:00,36.20696,299.76086
11/1/1971 0:00,36.17389,298.41797
12/1/1971 0:00,36.192753,296.36154
1/1/1972 0:00,36.2455,294.61557
2/1/1972 0:00,36.29247,293.24356
3/1/1972 0:00,36.322357,292.61337
4/1/1972 0:00,36.355892,292.30948
5/1/1972 0:00,36.35739,292.71555
6/1/1972 0:00,36.321964,294.18356
7/1/1972 0:00,36.260406,296.42877
8/1/1972 0:00,36.18616,298.23657
9/1/1972 0:00,36.151093,299.5453
10/1/1972 0:00,36.1071,299.6952
11/1/1972 0:00,36.137547,298.22397
12/1/1972 0:00,36.18098,296.08353
1/1/1973 0:00,36.250214,294.25107
2/1/1973 0:00,36.289318,293.0707
3/1/1973 0:00,36.312702,292.66473
4/1/1973 0:00,36.326084,292.75656
5/1/1973 0:00,36.33537,293.22354
6/1/1973 0:00,36.347942,294.37442
7/1/1973 0:00,36.28825,296.4034
8/1/1973 0:00,36.28215,298.368
9/1/1973 0:00,36.309467,299.5665
10/1/1973 0:00,36.23892,299.35287
11/1/1973 0:00,36.18986,298.26865
12/1/1973 0:00,36.233807,296.33035
1/1/1974 0:00,36.29991,294.50644
2/1/1974 0:00,36.33501,293.52393
3/1/1974 0:00,36.367207,292.9293
4/1/1974 0:00,36.38669,292.7621
5/1/1974 0:00,36.399475,293.46982
6/1/1974 0:00,36.41691,294.12988
7/1/1974 0:00,36.34747,296.2767
8/1/1974 0:00,36.347446,298.2726
9/1/1974 0:00,36.26566,299.31824
10/1/1974 0:00,36.160748,299.7217
11/1/1974 0:00,36.135147,298.21817
12/1/1974 0:00,36.185284,296.214
1/1/1975 0:00,36.24414,294.37827
2/1/1975 0:00,36.30762,293.1722
3/1/1975 0:00,36.338306,292.693
4/1/1975 0:00,36.3526,292.4648
5/1/1975 0:00,36.37012,292.95993
6/1/1975 0:00,36.388393,294.15482
7/1/1975 0:00,36.3651,296.42307
8/1/1975 0:00,36.339947,298.5502
9/1/1975 0:00,36.29821,299.7194
10/1/1975 0:00,36.18308,299.40253
11/1/1975 0:00,36.09308,298.40207
12/1/1975 0:00,36.109837,296.35034
1/1/1976 0:00,36.228962,294.15637
2/1/1976 0:00,36.282417,293.1096
3/1/1976 0:00,36.304893,292.56525
4/1/1976 0:00,36.338284,292.43546
5/1/1976 0:00,36.33782,293.06616
6/1/1976 0:00,36.320538,294.5564
7/1/1976 0:00,36.24144,296.60287
8/1/1976 0:00,36.206146,298.5168
9/1/1976 0:00,36.197247,299.69058
10/1/1976 0:00,36.111347,299.5949
11/1/1976 0:00,36.02377,298.43338
12/1/1976 0:00,36.07823,296.42056
1/1/1977 0:00,36.1262,294.93753
2/1/1977 0:00,36.20194,293.55362
3/1/1977 0:00,36.255985,292.77374
4/1/1977 0:00,36.2839,292.75327
5/1/1977 0:00,36.308613,293.04013
6/1/1977 0:00,36.302868,294.1796
7/1/1977 0:00,36.216587,296.31665
8/1/1977 0:00,36.22637,298.4501
9/1/1977 0:00,36.191406,299.58014
10/1/1977 0:00,36.149323,299.64856
11/1/1977 0:00,36.17833,298.42563
12/1/1977 0:00,36.23117,296.3028
1/1/1978 0:00,36.265583,294.70108
2/1/1978 0:00,36.28953,293.67593
3/1/1978 0:00,36.311142,293.1257
4/1/1978 0:00,36.308483,293.08682
5/1/1978 0:00,36.321384,293.23825
6/1/1978 0:00,36.33295,294.77924
7/1/1978 0:00,36.27081,297.01364
8/1/1978 0:00,36.280514,299.02563
9/1/1978 0:00,36.293247,299.9901
10/1/1978 0:00,36.189297,299.92905
11/1/1978 0:00,36.150818,298.7292
12/1/1978 0:00,36.175976,296.89133
1/1/1979 0:00,36.246277,294.87216
2/1/1979 0:00,36.300507,293.56357
3/1/1979 0:00,36.339237,292.96243
4/1/1979 0:00,36.366222,292.83206
5/1/1979 0:00,36.39934,293.18713
6/1/1979 0:00,36.39592,294.35864
7/1/1979 0:00,36.30962,296.624
8/1/1979 0:00,36.267582,298.6465
9/1/1979 0:00,36.264053,299.9819
10/1/1979 0:00,36.22151,299.8865
11/1/1979 0:00,36.260983,298.41678
12/1/1979 0:00,36.287083,296.69852
1/1/1980 0:00,36.32639,294.94504
2/1/1980 0:00,36.359653,293.6936
3/1/1980 0:00,36.36234,293.38593
4/1/1980 0:00,36.38994,293.12637
5/1/1980 0:00,36.417233,293.23584
6/1/1980 0:00,36.402493,294.7037
7/1/1980 0:00,36.292126,296.89136
8/1/1980 0:00,36.306507,298.74683
9/1/1980 0:00,36.291893,299.8257
10/1/1980 0:00,36.19411,300.01743
11/1/1980 0:00,36.174877,298.709
12/1/1980 0:00,36.209244,297.10733
1/1/1981 0:00,36.246807,295.43533
